time_s,pos_turns,pos_deg,normalized,velocity_turns_s,curve_multiplier,commanded_torque_Nm,desired_torque_Nm,torque_estimate_Nm,input_iq_A,motor_temp_C,fet_temp_C,vbus_V,ibus_A,power_elec_W,power_mech_W,active_errors
0.000,-5.59831,0.0,0.000,-0.003,0.2000,-0.1000,-0.6602,-0.0966,0.000,39.1,32.0,19.25,0.061,1.26,-0.17,0
0.038,-5.59643,0.7,0.006,0.002,0.2068,-0.2000,-0.6825,-0.2002,0.000,39.1,32.0,19.24,0.161,2.98,-0.03,0
0.074,-5.59564,1.0,0.008,0.014,0.2100,-0.3000,-0.6931,-0.2937,0.000,39.1,32.0,19.21,0.286,5.37,-0.03,0
0.110,-5.59497,1.2,0.010,0.008,0.2129,-0.4000,-0.7025,-0.3956,0.000,39.1,32.0,19.19,0.437,8.33,-0.04,0
0.144,-5.59436,1.4,0.012,0.005,0.2156,-0.5000,-0.7114,-0.5038,0.000,39.1,32.0,19.14,0.628,11.79,-0.04,0
0.175,-5.59376,1.6,0.014,0.019,0.2183,-0.6000,-0.7205,-0.6100,0.000,39.1,32.0,19.09,0.861,15.97,-0.06,0
0.206,-5.59312,1.9,0.016,0.024,0.2214,-0.7000,-0.7305,-0.7030,0.000,39.1,32.0,19.04,1.116,20.65,-0.07,0
0.236,-5.59240,2.1,0.018,0.007,0.2249,-0.7422,-0.7422,-0.7422,0.000,39.1,32.0,18.98,1.205,22.83,-0.07,0
0.267,-5.59198,2.3,0.019,0.003,0.2271,-0.7494,-0.7494,-0.7535,0.000,39.1,32.0,18.98,1.223,23.24,-0.01,0
0.297,-5.59192,2.3,0.019,0.003,0.2274,-0.7504,-0.7504,-0.7535,0.000,39.1,32.0,18.97,1.218,23.08,-0.01,0
0.327,-5.59204,2.3,0.019,0.000,0.2268,-0.7483,-0.7483,-0.7501,0.000,39.1,32.0,18.96,1.217,23.07,0.04,0
0.358,-5.59223,2.2,0.018,-0.006,0.2258,-0.7451,-0.7451,-0.7420,0.000,39.1,32.0,18.96,1.206,22.79,0.05,0
0.390,-5.59259,2.1,0.017,-0.015,0.2240,-0.7392,-0.7392,-0.7434,0.000,39.1,32.0,18.97,1.181,22.52,0.07,0
0.420,-5.59308,1.9,0.016,-0.016,0.2215,-0.7311,-0.7311,-0.7314,0.000,39.1,32.0,18.97,1.178,22.31,0.07,0
0.451,-5.59364,1.7,0.014,-0.020,0.2189,-0.7223,-0.7223,-0.7263,0.000,39.1,32.0,18.98,1.141,21.74,0.08,0
0.481,-5.59424,1.5,0.012,-0.012,0.2161,-0.7131,-0.7131,-0.7078,0.000,39.1,32.0,18.99,1.115,21.37,0.11,0
0.512,-5.59492,1.2,0.010,-0.022,0.2131,-0.7032,-0.7032,-0.6970,0.000,39.1,32.0,18.99,1.099,21.04,0.13,0
0.543,-5.59585,0.9,0.007,-0.034,0.2092,-0.6903,-0.6903,-0.6933,0.000,39.1,32.0,19.01,1.060,20.35,0.17,0
0.574,-5.59730,0.4,0.003,-0.060,0.2036,-0.6717,-0.6717,-0.6737,0.000,39.1,32.0,19.02,1.007,19.49,0.25,0
0.604,-5.59946,-0.4,0.003,-0.083,0.2039,-0.6730,-0.6730,-0.6716,0.000,39.1,32.0,19.02,1.003,19.00,0.37,0
0.635,-5.60236,-1.4,0.012,-0.099,0.2158,-0.7122,-0.7122,-0.7055,0.000,39.1,32.1,19.00,1.093,20.57,0.45,0
0.665,-5.60540,-2.5,0.021,-0.101,0.2309,-0.7619,-0.7619,-0.7628,0.000,39.1,32.1,18.98,1.195,22.41,0.52,0
0.696,-5.60874,-3.7,0.031,-0.122,0.2501,-0.8252,-0.8252,-0.8237,0.000,39.1,32.1,18.94,1.317,24.72,0.62,0
0.739,-5.61437,-5.8,0.048,-0.158,0.2876,-0.9252,-0.9490,-0.9255,0.000,39.1,32.1,18.93,1.493,28.04,0.88,0
0.779,-5.62093,-8.1,0.068,-0.169,0.3372,-1.0252,-1.1129,-1.0274,0.000,39.1,32.1,18.84,1.875,34.22,1.13,0
0.808,-5.62545,-9.8,0.081,-0.154,0.3738,-1.1252,-1.2336,-1.1207,0.000,39.1,32.1,18.80,2.216,41.37,1.04,0
0.838,-5.62965,-11.3,0.094,-0.132,0.4086,-1.2252,-1.3482,-1.2255,0.000,39.1,32.1,18.72,2.690,49.31,1.05,0
0.867,-5.63300,-12.5,0.104,-0.108,0.4389,-1.3252,-1.4482,-1.3273,0.000,39.1,32.1,18.66,3.132,57.79,0.77,0
0.898,-5.63550,-13.4,0.112,-0.079,0.4632,-1.4252,-1.5287,-1.4281,0.000,39.1,32.1,18.57,3.614,66.61,0.67,0
0.928,-5.63748,-14.1,0.117,-0.064,0.4833,-1.5252,-1.5949,-1.5225,0.000,39.1,32.1,18.50,4.136,75.46,0.55,0
0.958,-5.63899,-14.6,0.122,-0.056,0.4990,-1.6252,-1.6467,-1.6204,0.000,39.1,32.1,18.42,4.635,85.68,0.38,0
0.990,-5.64020,-15.1,0.126,-0.040,0.5118,-1.6889,-1.6889,-1.6546,0.000,39.1,32.1,18.37,4.862,88.65,0.47,0
1.021,-5.64173,-15.6,0.130,-0.061,0.5280,-1.7424,-1.7424,-1.6562,0.000,39.1,32.2,18.39,4.895,90.30,0.74,0
1.053,-5.64424,-16.5,0.138,-0.100,0.5549,-1.8312,-1.8312,-1.6467,0.000,39.1,32.2,18.37,5.003,91.93,1.13,0
1.084,-5.64785,-17.8,0.149,-0.124,0.5934,-1.9312,-1.9582,-1.6421,0.000,39.1,32.2,18.35,5.124,94.07,1.27,0
1.115,-5.65159,-19.2,0.160,-0.126,0.6320,-2.0312,-2.0857,-1.6442,0.000,39.1,32.2,18.33,5.210,95.67,1.23,0
1.146,-5.65547,-20.6,0.171,-0.125,0.6696,-2.1312,-2.2098,-1.6390,0.000,39.1,32.2,18.33,5.206,95.41,1.24,0
1.176,-5.65925,-21.9,0.183,-0.121,0.7026,-2.2312,-2.3185,-1.6487,0.000,39.1,32.2,18.32,5.169,94.47,1.16,0
1.207,-5.66266,-23.2,0.193,-0.116,0.7300,-2.3312,-2.4090,-1.6539,0.000,39.1,32.2,18.33,5.075,93.08,1.17,0
1.237,-5.66591,-24.3,0.203,-0.097,0.7549,-2.4312,-2.4912,-1.6474,0.000,39.1,32.3,18.34,5.017,92.59,0.99,0
1.268,-5.66874,-25.3,0.211,-0.089,0.7756,-2.5312,-2.5596,-1.6479,0.000,39.1,32.3,18.35,5.024,92.06,0.87,0
1.299,-5.67131,-26.3,0.219,-0.083,0.7938,-2.6195,-2.6195,-1.6485,0.000,39.1,32.3,18.36,4.946,90.83,0.89,0
1.331,-5.67391,-27.2,0.227,-0.087,0.8114,-2.6775,-2.6775,-1.6533,0.000,39.1,32.3,18.37,4.875,89.13,1.03,0
1.363,-5.67698,-28.3,0.236,-0.110,0.8311,-2.7428,-2.7428,-1.6493,0.000,39.1,32.3,18.40,4.710,86.52,1.26,0
1.394,-5.68103,-29.8,0.248,-0.139,0.8557,-2.8238,-2.8238,-1.6432,0.000,39.1,32.3,18.43,4.511,82.86,1.52,0
1.425,-5.68568,-31.4,0.262,-0.158,0.8817,-2.9097,-2.9097,-1.6510,0.000,39.1,32.4,18.47,4.320,79.51,1.62,0
1.455,-5.69064,-33.2,0.277,-0.164,0.9068,-2.9925,-2.9925,-1.6271,0.000,39.1,32.4,18.48,4.281,79.66,1.73,0
1.486,-5.69561,-35.0,0.292,-0.154,0.9293,-3.0668,-3.0668,-1.6384,0.000,39.1,32.4,18.48,4.416,81.89,1.52,0
1.516,-5.69972,-36.5,0.304,-0.123,0.9459,-3.1215,-3.1215,-1.6505,0.000,39.1,32.4,18.46,4.526,83.63,1.19,0
1.547,-5.70251,-37.5,0.313,-0.077,0.9561,-3.1552,-3.1552,-1.6541,0.000,39.1,32.4,18.44,4.656,86.36,0.60,0
1.577,-5.70405,-38.1,0.317,-0.024,0.9614,-3.1725,-3.1725,-1.6656,0.000,39.1,32.4,18.43,4.756,87.33,0.29,0
1.609,-5.70451,-38.2,0.319,0.003,0.9629,-3.1776,-3.1776,-1.6697,0.000,39.1,32.5,18.41,4.782,88.20,-0.07,0
1.641,-5.70397,-38.0,0.317,0.028,0.9611,-3.1717,-3.1717,-1.6755,0.000,39.1,32.5,18.42,4.806,87.99,-0.37,0
1.672,-5.70290,-37.6,0.314,0.038,0.9574,-3.1596,-3.1596,-1.6779,0.000,39.1,32.5,18.41,4.749,87.71,-0.40,0
1.703,-5.70219,-37.4,0.312,0.007,0.9550,-3.1514,-3.1514,-1.6592,0.000,39.1,32.5,18.42,4.683,86.45,-0.22,0
1.734,-5.70211,-37.4,0.311,-0.013,0.9547,-3.1505,-3.1505,-1.6656,0.000,39.1,32.6,18.43,4.699,86.37,0.14,0
1.764,-5.70294,-37.7,0.314,-0.041,0.9576,-3.1601,-3.1601,-1.6623,0.000,39.1,32.6,18.44,4.659,86.09,0.57,0
1.796,-5.70487,-38.4,0.320,-0.074,0.9641,-3.1814,-3.1814,-1.6516,0.000,39.1,32.6,18.43,4.675,86.11,0.77,0
1.826,-5.70735,-39.2,0.327,-0.085,0.9718,-3.2069,-3.2069,-1.6530,0.000,39.1,32.6,18.41,4.703,87.32,0.83,0
1.857,-5.70965,-40.1,0.334,-0.071,0.9784,-3.2286,-3.2286,-1.6505,0.000,39.1,32.7,18.39,4.776,87.89,0.64,0
1.887,-5.71106,-40.6,0.338,-0.022,0.9821,-3.2409,-3.2409,-1.6688,0.000,39.1,32.7,18.37,4.862,89.27,0.27,0
1.917,-5.71136,-40.7,0.339,0.005,0.9829,-3.2435,-3.2435,-1.6573,0.000,39.1,32.7,18.37,4.906,90.07,-0.03,0
1.948,-5.71088,-40.5,0.338,0.016,0.9816,-3.2394,-3.2394,-1.6680,0.000,39.1,32.7,18.37,4.878,89.77,-0.23,0
1.978,-5.71023,-40.3,0.336,0.023,0.9799,-3.2338,-3.2338,-1.6588,0.000,39.1,32.8,18.37,4.876,89.53,-0.14,0
2.010,-5.70983,-40.1,0.335,-0.000,0.9788,-3.2302,-3.2302,-1.6719,0.000,39.1,32.8,18.37,4.867,88.99,-0.02,0
2.042,-5.70975,-40.1,0.334,0.004,0.9786,-3.2295,-3.2295,-1.6616,0.000,39.1,32.8,18.38,4.833,89.09,0.03,0
2.074,-5.70978,-40.1,0.334,-0.002,0.9787,-3.2297,-3.2297,-1.6597,0.000,39.1,32.8,18.38,4.856,89.03,-0.01,0
2.105,-5.70986,-40.2,0.335,-0.015,0.9789,-3.2305,-3.2305,-1.6664,0.000,39.2,32.9,18.37,4.846,88.99,0.01,0
2.136,-5.70990,-40.2,0.335,-0.006,0.9790,-3.2308,-3.2308,-1.6699,0.000,39.2,32.9,18.38,4.863,89.11,-0.05,0
2.167,-5.70980,-40.1,0.334,0.012,0.9788,-3.2299,-3.2299,-1.6660,0.000,39.2,32.9,18.37,4.832,89.09,-0.01,0
2.198,-5.70977,-40.1,0.334,-0.000,0.9787,-3.2296,-3.2296,-1.6681,0.000,39.2,32.9,18.37,4.837,89.32,0.03,0
2.228,-5.70981,-40.1,0.334,-0.001,0.9788,-3.2300,-3.2300,-1.6644,0.000,39.2,32.9,18.38,4.838,88.76,0.02,0
2.259,-5.70996,-40.2,0.335,-0.004,0.9792,-3.2314,-3.2314,-1.6542,0.000,39.2,33.0,18.37,4.835,89.15,0.09,0
2.290,-5.71007,-40.2,0.335,-0.002,0.9795,-3.2323,-3.2323,-1.6736,0.000,39.2,33.0,18.37,4.841,89.02,0.01,0
2.322,-5.71005,-40.2,0.335,0.001,0.9794,-3.2321,-3.2321,-1.6677,0.000,39.2,33.0,18.37,4.851,89.16,-0.05,0
2.354,-5.71002,-40.2,0.335,-0.001,0.9794,-3.2319,-3.2319,-1.6671,0.000,39.2,33.0,18.37,4.863,89.17,-0.00,0
2.386,-5.71002,-40.2,0.335,-0.003,0.9794,-3.2319,-3.2319,-1.6663,0.000,39.2,33.1,18.37,4.869,89.20,0.01,0
2.417,-5.71007,-40.2,0.335,-0.003,0.9795,-3.2323,-3.2323,-1.6674,0.000,39.2,33.1,18.36,4.841,89.12,0.00,0
2.448,-5.71021,-40.3,0.336,-0.004,0.9799,-3.2335,-3.2335,-1.6652,0.000,39.2,33.1,18.37,4.857,89.32,0.04,0
2.478,-5.71039,-40.3,0.336,-0.006,0.9803,-3.2351,-3.2351,-1.6730,0.000,39.2,33.1,18.37,4.850,89.51,0.02,0
2.509,-5.71062,-40.4,0.337,-0.009,0.9809,-3.2371,-3.2371,-1.6695,0.000,39.2,33.2,18.36,4.881,89.13,0.08,0
2.541,-5.71069,-40.5,0.337,-0.000,0.9811,-3.2378,-3.2378,-1.6753,0.000,39.3,33.2,18.36,4.894,89.75,0.01,0
2.571,-5.71069,-40.5,0.337,0.002,0.9811,-3.2378,-3.2378,-1.6673,0.000,39.3,33.2,18.36,4.868,89.87,0.06,0
2.601,-5.71075,-40.5,0.337,0.003,0.9813,-3.2383,-3.2383,-1.6691,0.000,39.3,33.2,18.36,4.864,89.66,-0.08,0
2.632,-5.71088,-40.5,0.338,-0.009,0.9816,-3.2394,-3.2394,-1.6695,0.000,39.3,33.3,18.36,4.853,89.66,0.19,0
2.664,-5.71165,-40.8,0.340,-0.032,0.9836,-3.2459,-3.2459,-1.6606,0.000,39.3,33.3,18.36,4.859,89.45,0.29,0
2.696,-5.71283,-41.2,0.344,-0.034,0.9865,-3.2554,-3.2554,-1.6589,0.000,39.3,33.3,18.36,4.923,91.19,0.50,0
2.727,-5.71455,-41.8,0.349,-0.067,0.9904,-3.2684,-3.2684,-1.6466,0.000,39.3,33.3,18.35,4.962,91.53,0.76,0
2.758,-5.71696,-42.7,0.356,-0.087,0.9954,-3.2848,-3.2848,-1.6468,0.000,39.3,33.4,18.33,5.070,93.15,0.89,0
2.789,-5.71979,-43.7,0.364,-0.091,1.0000,-3.3000,-3.3000,-1.6518,0.000,39.3,33.4,18.29,5.174,95.14,0.97,0
2.820,-5.72231,-44.6,0.372,-0.070,1.0000,-3.3000,-3.3000,-1.6520,0.000,39.3,33.4,18.29,5.241,95.92,0.63,0
2.850,-5.72417,-45.3,0.378,-0.057,1.0000,-3.3000,-3.3000,-1.6583,0.000,39.3,33.4,18.29,5.292,96.75,0.57,0
2.880,-5.72595,-45.9,0.383,-0.062,1.0000,-3.3000,-3.3000,-1.6535,0.000,39.3,33.5,18.29,5.293,96.11,0.72,0
2.911,-5.72812,-46.7,0.389,-0.088,1.0000,-3.3000,-3.3000,-1.6552,0.000,39.4,33.5,18.28,5.256,95.50,0.89,0
2.942,-5.73142,-47.9,0.399,-0.131,1.0000,-3.3000,-3.3000,-1.6486,0.000,39.4,33.5,18.31,5.128,93.12,1.51,0
2.974,-5.73610,-49.6,0.413,-0.170,1.0000,-3.3000,-3.3000,-1.6402,0.000,39.4,33.5,18.31,4.955,90.70,1.80,0
3.005,-5.74125,-51.5,0.429,-0.140,1.0000,-3.3000,-3.3000,-1.6513,0.000,39.4,33.6,18.34,4.925,90.66,1.19,0
3.036,-5.74372,-52.3,0.436,-0.035,1.0000,-3.3000,-3.3000,-1.6635,0.000,39.4,33.6,18.32,5.000,91.62,0.09,0
3.067,-5.74325,-52.2,0.435,0.041,1.0000,-3.3000,-3.3000,-1.6803,0.000,39.4,33.6,18.30,5.119,93.64,-0.68,0
3.098,-5.74111,-51.4,0.428,0.078,1.0000,-3.3000,-3.3000,-1.6823,0.000,39.4,33.6,18.28,5.189,95.43,-0.87,0
3.128,-5.73821,-50.4,0.420,0.137,1.0000,-3.3000,-3.3000,-1.6914,0.000,39.4,33.7,18.25,5.342,97.61,-1.67,0
3.159,-5.73274,-48.4,0.403,0.207,1.0000,-3.3000,-3.3000,-1.6957,0.000,39.4,33.7,18.21,5.608,102.17,-2.39,0
3.190,-5.72569,-45.9,0.382,0.225,1.0000,-3.3000,-3.3000,-1.7038,0.000,39.4,33.7,18.22,5.665,102.95,-2.31,0
3.222,-5.71926,-43.5,0.363,0.200,0.9995,-3.2985,-3.2985,-1.7018,0.000,39.4,33.7,18.25,5.513,100.44,-2.33,0
3.254,-5.71220,-41.0,0.342,0.197,0.9849,-3.2503,-3.2503,-1.7046,0.000,39.5,33.8,18.29,5.133,93.68,-1.95,0
3.286,-5.70648,-38.9,0.324,0.182,0.9692,-3.1983,-3.1983,-1.6918,0.000,39.5,33.8,18.34,4.997,91.31,-1.75,0
3.318,-5.70162,-37.2,0.310,0.115,0.9529,-3.1447,-3.1447,-1.6875,0.000,39.5,33.8,18.37,4.798,87.70,-1.03,0
3.350,-5.69918,-36.3,0.303,0.040,0.9438,-3.1147,-3.1147,-1.6626,0.000,39.5,33.9,18.40,4.662,85.25,-0.16,0
3.380,-5.69923,-36.3,0.303,-0.025,0.9440,-3.1153,-3.1153,-1.6674,0.000,39.5,33.9,18.41,4.600,84.20,0.52,0
3.411,-5.70145,-37.1,0.309,-0.117,0.9523,-3.1427,-3.1427,-1.6460,0.000,39.5,33.9,18.42,4.542,83.69,1.32,0
3.441,-5.70625,-38.9,0.324,-0.197,0.9685,-3.1959,-3.1959,-1.6300,0.000,39.5,33.9,18.40,4.564,83.76,2.33,0
3.471,-5.71399,-41.6,0.347,-0.299,0.9892,-3.2642,-3.2642,-1.6155,0.000,39.5,34.0,18.38,4.716,87.06,3.27,0
3.502,-5.72453,-45.4,0.379,-0.378,1.0000,-3.3000,-3.3000,-1.6081,0.000,39.5,34.0,18.35,4.871,89.55,3.96,0
3.533,-5.73701,-49.9,0.416,-0.417,1.0000,-3.3000,-3.3000,-1.6073,0.000,39.5,34.0,18.38,4.638,85.19,4.19,0
3.564,-5.74833,-54.0,0.450,-0.237,1.0000,-3.3000,-3.3000,-1.6353,0.000,39.5,34.1,18.39,4.612,84.54,1.95,0
3.595,-5.75165,-55.2,0.460,0.009,0.9968,-3.2896,-3.2896,-1.6744,0.000,39.6,34.1,18.35,4.856,90.31,-1.29,0
3.627,-5.74694,-53.5,0.446,0.217,1.0000,-3.3000,-3.3000,-1.7099,0.000,39.6,34.1,18.31,5.234,96.63,-2.77,0
3.657,-5.73765,-50.2,0.418,0.382,1.0000,-3.3000,-3.3000,-1.7429,0.000,39.6,34.2,18.22,5.743,104.83,-4.67,0
3.688,-5.72279,-44.8,0.373,0.561,1.0000,-3.3000,-3.3000,-1.7683,0.000,39.6,34.2,18.17,6.095,109.79,-6.46,0
3.719,-5.70324,-37.8,0.315,0.713,0.9586,-3.2000,-3.1634,-1.7932,0.000,39.6,34.2,18.26,5.562,101.34,-8.60,0
3.750,-5.67793,-28.7,0.239,0.897,0.8371,-3.1000,-2.7624,-1.7955,0.000,39.6,34.2,18.17,6.072,111.41,-9.78,0
3.780,-5.65330,-19.8,0.165,0.743,0.6490,-3.0000,-2.1416,-1.7805,0.000,39.6,34.3,18.12,6.222,113.44,-7.81,0
3.810,-5.63527,-13.3,0.111,0.460,0.4609,-2.9000,-1.5210,-1.7233,0.000,39.6,34.3,18.28,5.275,97.46,-5.49,0
3.841,-5.61923,-7.5,0.063,0.430,0.3239,-2.8000,-1.0689,-1.7285,0.000,39.6,34.3,18.35,4.836,87.69,-2.98,0
3.871,-5.61650,-6.5,0.055,-0.183,0.3031,-2.7000,-1.0003,-1.6262,0.000,39.6,34.4,18.46,4.167,76.57,2.87,0
3.901,-5.62963,-11.3,0.094,-0.669,0.4084,-2.6000,-1.3476,-1.5364,0.000,39.6,34.4,18.52,3.890,72.21,7.54,0
3.932,-5.65628,-20.9,0.174,-0.992,0.6770,-2.5000,-2.2342,-1.4919,0.000,39.7,34.4,18.50,4.042,73.55,9.92,0
3.963,-5.68970,-32.9,0.274,-1.087,0.9023,-2.6000,-2.9776,-1.4843,0.000,39.7,34.4,18.61,3.424,64.92,10.11,0
3.994,-5.72123,-44.2,0.369,-0.761,1.0000,-2.7000,-3.3000,-1.5448,0.000,39.7,34.5,18.46,4.468,83.38,6.83,0
4.026,-5.74157,-51.6,0.430,-0.522,1.0000,-2.8000,-3.3000,-1.5995,0.000,39.7,34.5,18.43,4.574,84.51,3.74,0
4.057,-5.75156,-55.2,0.460,-0.195,0.9970,-2.9000,-3.2901,-1.6440,0.000,39.7,34.5,18.44,4.553,84.08,1.36,0
4.088,-5.75233,-55.4,0.462,0.109,0.9956,-3.0000,-3.2853,-1.6979,0.000,39.7,34.6,18.39,4.944,91.61,-2.25,0
4.118,-5.74339,-52.2,0.435,0.438,1.0000,-3.1000,-3.3000,-1.7478,0.000,39.7,34.6,18.25,5.712,105.73,-5.84,0
4.149,-5.72468,-45.5,0.379,0.728,1.0000,-3.2000,-3.3000,-1.7951,0.000,39.7,34.6,18.16,6.361,115.00,-8.60,0
4.180,-5.70025,-36.7,0.306,0.834,0.9479,-3.1281,-3.1281,-1.8182,0.000,39.8,34.7,18.26,5.609,101.27,-9.44,0
4.211,-5.67462,-27.5,0.229,0.863,0.8160,-3.0281,-2.6927,-1.7975,0.000,39.8,34.7,18.17,6.213,113.76,-9.95,0
4.243,-5.64860,-18.1,0.151,0.647,0.6013,-2.9281,-1.9843,-1.7632,0.000,39.8,34.7,18.16,5.951,106.34,-5.91,0
4.275,-5.63290,-12.4,0.104,0.537,0.4379,-2.8281,-1.4451,-1.7513,0.000,39.8,34.8,18.30,5.268,95.09,-4.43,0
4.307,-5.62730,-10.4,0.087,-0.174,0.3890,-2.7281,-1.2836,-1.6201,0.000,39.8,34.8,18.43,4.339,79.46,3.14,0
4.339,-5.63937,-14.8,0.123,-0.542,0.5030,-2.6281,-1.6599,-1.5541,0.000,39.8,34.8,18.45,4.264,79.46,6.53,0
4.371,-5.66323,-23.4,0.195,-0.899,0.7344,-2.5281,-2.4236,-1.5121,0.000,39.8,34.9,18.46,4.052,74.51,9.06,0
4.401,-5.69359,-34.3,0.286,-1.073,0.9205,-2.6281,-3.0377,-1.4827,0.000,39.9,34.9,18.60,3.526,65.91,9.91,0
4.431,-5.72487,-45.6,0.380,-0.892,1.0000,-2.7281,-3.3000,-1.5500,0.000,39.9,34.9,18.45,4.442,80.98,8.48,0
4.462,-5.74330,-52.2,0.435,-0.304,1.0000,-2.8281,-3.3000,-1.6321,0.000,39.9,34.9,18.39,4.725,88.29,2.00,0
4.492,-5.74937,-54.4,0.453,-0.068,1.0000,-2.9281,-3.3000,-1.6564,0.000,39.9,35.0,18.38,4.842,89.66,-0.07,0
4.522,-5.74420,-52.5,0.438,0.327,1.0000,-3.0281,-3.3000,-1.7238,0.000,39.9,35.0,18.28,5.510,102.00,-4.27,0
4.553,-5.72888,-47.0,0.392,0.683,1.0000,-3.1281,-3.3000,-1.7918,0.000,39.9,35.0,18.14,6.456,116.95,-8.79,0
4.587,-5.70019,-36.7,0.306,0.995,0.9477,-3.1273,-3.1273,-1.8481,0.000,39.9,35.1,18.21,5.871,106.35,-12.44,0
4.618,-5.66451,-23.8,0.199,1.159,0.7443,-3.0273,-2.4561,-1.8509,0.000,40.0,35.1,18.04,6.919,124.56,-12.11,0
4.650,-5.63300,-12.5,0.104,0.894,0.4389,-2.9273,-1.4483,-1.7872,0.000,40.0,35.1,18.23,5.579,101.66,-8.55,0
4.681,-5.61200,-4.9,0.041,0.716,0.2711,-2.8273,-0.8945,-1.7708,0.000,40.0,35.2,18.26,5.516,101.15,-6.91,0
4.712,-5.60247,-1.5,0.012,-0.114,0.2164,-2.7273,-0.7140,-1.6294,0.000,40.0,35.2,18.36,4.740,85.66,2.65,0
4.743,-5.61330,-5.4,0.045,-0.564,0.2800,-2.6273,-0.9239,-1.5543,0.000,40.0,35.2,18.49,3.814,69.17,6.60,0
4.774,-5.63612,-13.6,0.113,-0.848,0.4694,-2.5273,-1.5491,-1.5171,0.000,40.0,35.2,18.50,3.936,72.65,8.23,0
4.804,-5.66292,-23.3,0.194,-0.903,0.7320,-2.4273,-2.4156,-1.5213,0.000,40.1,35.3,18.47,4.103,75.61,8.69,0
4.837,-5.69123,-33.4,0.279,-0.783,0.9097,-2.5273,-3.0019,-1.5323,0.000,40.1,35.3,18.55,3.761,70.45,7.18,0
4.867,-5.71020,-40.3,0.336,-0.450,0.9798,-2.6273,-3.2335,-1.5809,0.000,40.1,35.3,18.44,4.471,82.91,3.75,0
4.898,-5.72166,-44.4,0.370,-0.309,1.0000,-2.7273,-3.3000,-1.6308,0.000,40.1,35.4,18.35,5.104,94.81,1.48,0
4.928,-5.72592,-45.9,0.383,-0.023,1.0000,-2.8273,-3.3000,-1.6693,0.000,40.1,35.4,18.30,5.397,99.27,-0.12,0
4.958,-5.72338,-45.0,0.375,0.186,1.0000,-2.9273,-3.3000,-1.7077,0.000,40.1,35.4,18.25,5.644,103.91,-2.59,0
4.990,-5.71428,-41.7,0.348,0.384,0.9898,-3.0273,-3.2664,-1.7408,0.000,40.2,35.4,18.27,5.506,100.28,-4.48,0
5.021,-5.70037,-36.7,0.306,0.494,0.9484,-3.1273,-3.1296,-1.7549,0.000,40.2,35.5,18.31,5.265,95.71,-5.61,0
5.053,-5.68380,-30.8,0.256,0.523,0.8715,-3.0273,-2.8758,-1.7613,0.000,40.2,35.5,18.29,5.334,99.17,-5.98,0
5.084,-5.66864,-25.3,0.211,0.389,0.7749,-2.9273,-2.5572,-1.7283,0.000,40.2,35.5,18.22,5.627,102.84,-3.67,0
5.115,-5.65960,-22.1,0.184,0.360,0.7054,-2.8273,-2.3280,-1.7309,0.000,40.2,35.6,18.19,5.898,108.05,-4.15,0
5.146,-5.65110,-19.0,0.158,0.064,0.6271,-2.7273,-2.0694,-1.6645,0.000,40.2,35.6,18.25,5.355,97.04,0.46,0
5.177,-5.65314,-19.7,0.164,-0.114,0.6474,-2.6273,-2.1363,-1.6449,0.000,40.3,35.6,18.30,5.220,95.02,1.49,0
5.207,-5.65797,-21.5,0.179,-0.165,0.6919,-2.5273,-2.2834,-1.6378,0.000,40.3,35.6,18.30,5.152,94.60,1.45,0
5.238,-5.66225,-23.0,0.192,-0.110,0.7268,-2.4273,-2.3984,-1.6496,0.000,40.3,35.7,18.30,5.129,93.98,0.89,0
5.269,-5.66381,-23.6,0.196,-0.003,0.7389,-2.4385,-2.4385,-1.6615,0.000,40.3,35.7,18.28,5.224,95.53,-0.21,0
5.300,-5.66226,-23.0,0.192,0.096,0.7269,-2.3986,-2.3986,-1.6880,0.000,40.3,35.7,18.26,5.404,99.32,-1.14,0
5.332,-5.65815,-21.5,0.179,0.161,0.6934,-2.2986,-2.2882,-1.6982,0.000,40.4,35.7,18.23,5.589,102.16,-1.69,0
5.364,-5.65240,-19.5,0.162,0.223,0.6401,-2.1986,-2.1123,-1.7072,0.000,40.4,35.8,18.23,5.670,102.88,-2.49,0
5.395,-5.64555,-17.0,0.142,0.207,0.5689,-2.0986,-1.8774,-1.6993,0.000,40.4,35.8,18.27,5.407,97.97,-2.12,0
5.426,-5.63954,-14.8,0.124,0.194,0.5048,-1.9986,-1.6657,-1.7002,0.000,40.4,35.8,18.30,5.123,92.91,-1.85,0
5.456,-5.63527,-13.3,0.111,0.094,0.4609,-1.8986,-1.5209,-1.6806,0.000,40.4,35.8,18.35,4.904,89.19,-0.89,0
5.487,-5.63338,-12.6,0.105,0.020,0.4425,-1.7986,-1.4603,-1.6750,0.000,40.5,35.9,18.37,4.765,87.83,-0.28,0
5.517,-5.63306,-12.5,0.104,-0.002,0.4394,-1.6986,-1.4501,-1.6685,0.000,40.5,35.9,18.38,4.734,87.48,0.00,0
5.548,-5.63277,-12.4,0.103,0.015,0.4367,-1.5986,-1.4410,-1.5963,0.000,40.5,35.9,18.44,4.385,80.95,-0.22,0
5.579,-5.63149,-11.9,0.099,0.067,0.4248,-1.4986,-1.4020,-1.4972,0.000,40.5,35.9,18.52,3.846,71.91,-0.68,0
5.609,-5.62906,-11.1,0.092,0.104,0.4036,-1.3986,-1.3317,-1.3947,0.000,40.5,36.0,18.61,3.364,63.08,-0.98,0
5.640,-5.62552,-9.8,0.082,0.142,0.3744,-1.2986,-1.2356,-1.2996,0.000,40.6,36.0,18.67,2.877,54.66,-1.09,0
5.671,-5.62118,-8.2,0.069,0.150,0.3393,-1.1986,-1.1195,-1.2005,0.000,40.6,36.0,18.74,2.456,46.80,-1.16,0
5.701,-5.61670,-6.6,0.055,0.145,0.3046,-1.0986,-1.0053,-1.0961,0.000,40.6,36.0,18.80,2.098,39.76,-0.89,0
5.739,-5.61201,-4.9,0.041,0.115,0.2711,-0.9986,-0.8947,-0.9974,0.000,40.6,36.1,18.85,1.842,35.23,-0.60,0
5.786,-5.60794,-3.5,0.029,0.080,0.2452,-0.8986,-0.8093,-0.8804,0.000,40.6,36.1,18.91,1.501,29.68,-0.15,0
5.813,-5.60701,-3.1,0.026,0.018,0.2398,-0.7986,-0.7913,-0.7795,0.000,40.7,36.1,18.96,1.226,24.36,0.13,0
5.840,-5.60740,-3.3,0.027,-0.033,0.2420,-0.7988,-0.7988,-0.7946,0.000,40.7,36.1,18.94,1.291,24.46,0.15,0
5.867,-5.60865,-3.7,0.031,-0.060,0.2495,-0.8232,-0.8232,-0.8223,0.000,40.7,36.2,18.94,1.371,25.67,0.31,0
5.894,-5.61036,-4.3,0.036,-0.073,0.2602,-0.8588,-0.8588,-0.8636,0.000,40.7,36.2,18.90,1.442,26.85,0.33,0
5.921,-5.61193,-4.9,0.041,-0.052,0.2706,-0.8928,-0.8928,-0.8953,0.000,40.7,36.2,18.86,1.526,28.30,0.25,0
5.948,-5.61274,-5.2,0.043,-0.014,0.2761,-0.9111,-0.9111,-0.9146,0.000,40.7,36.2,18.86,1.562,29.37,0.05,0
5.975,-5.61262,-5.1,0.043,0.018,0.2753,-0.9085,-0.9085,-0.9069,0.000,40.8,36.3,18.89,1.545,29.27,-0.14,0
6.002,-5.61890,-7.4,0.062,-0.053,0.3214,-1.0085,-1.0606,-0.9313,0.000,40.8,36.3,5.24,0.000,0.00,0.85,513
6.029,-5.62121,-8.2,0.069,-0.082,0.3395,-1.1085,-1.1203,-0.9313,0.000,40.8,36.3,5.03,0.000,0.00,0.64,513
6.056,-5.62455,-9.4,0.079,-0.146,0.3664,-1.2085,-1.2092,-0.9313,0.000,40.8,36.3,4.73,0.000,0.00,0.76,513
6.082,-5.62766,-10.6,0.088,-0.104,0.3920,-1.2936,-1.2936,-0.9313,0.000,40.8,36.3,4.42,0.000,0.00,0.57,513
6.109,-5.62996,-11.4,0.095,-0.068,0.4113,-1.3571,-1.3571,-0.9313,0.000,40.9,36.4,4.12,0.000,0.00,0.31,513
6.136,-5.63080,-11.7,0.097,-0.002,0.4186,-1.3815,-1.3815,-0.9313,0.000,40.9,36.4,3.84,0.000,0.00,-0.01,513
6.163,-5.63037,-11.5,0.096,0.046,0.4148,-1.3688,-1.3688,-0.9313,0.000,40.9,36.4,3.78,0.000,0.00,-0.28,513
6.190,-5.62863,-10.9,0.091,0.085,0.4000,-1.3199,-1.3199,-0.9313,0.000,40.9,36.4,3.75,0.000,0.00,-0.60,513
6.217,-5.62544,-9.8,0.081,0.149,0.3737,-1.2332,-1.2332,-0.9313,0.000,40.9,36.4,3.73,0.000,0.00,-0.92,513
6.244,-5.62049,-8.0,0.066,0.208,0.3338,-1.1332,-1.1014,-0.9313,0.000,40.9,36.4,3.70,0.000,0.00,-1.22,513
6.271,-5.61386,-5.6,0.047,0.276,0.2839,-1.0332,-0.9370,-0.9313,0.000,41.0,36.5,3.67,0.000,0.00,-1.69,513
6.298,-5.60541,-2.5,0.021,0.317,0.2309,-0.9332,-0.7620,-0.9313,0.000,41.0,36.5,3.64,0.000,0.00,-1.84,513
6.325,-5.59871,-0.1,0.001,0.150,0.2013,-0.8332,-0.6642,-0.9313,0.000,41.0,36.5,3.60,0.000,0.00,-0.69,513
6.352,-5.59748,0.3,0.003,-0.017,0.2029,-0.7332,-0.6697,-0.9313,0.000,41.0,36.5,3.57,0.000,0.00,0.18,513
6.378,-5.59854,-0.1,0.001,-0.043,0.2007,-0.6623,-0.6623,-0.9313,0.000,41.0,36.5,3.53,0.000,0.00,0.24,513
6.406,-5.59939,-0.4,0.003,-0.022,0.2037,-0.6721,-0.6721,-0.9313,0.000,41.1,36.5,3.50,0.000,0.00,-0.04,513
6.433,-5.59864,-0.1,0.001,0.049,0.2010,-0.6634,-0.6634,-0.9313,0.000,41.1,36.5,3.46,0.000,0.00,-0.36,513
6.460,-5.59697,0.5,0.004,0.053,0.2048,-0.6758,-0.6758,-0.9313,0.000,41.1,36.5,3.44,0.000,0.00,-0.26,513
6.486,-5.59637,0.7,0.006,0.000,0.2071,-0.6833,-0.6833,-0.9313,0.000,41.1,36.5,3.41,0.000,0.00,0.01,513
6.513,-5.59737,0.3,0.003,-0.049,0.2033,-0.6710,-0.6710,-0.9313,0.000,41.1,36.6,3.37,0.000,0.00,0.14,513
6.540,-5.59770,0.2,0.002,0.008,0.2021,-0.6670,-0.6670,-0.9313,0.000,41.1,36.6,3.34,0.000,0.00,-0.10,513
6.566,-5.59634,0.7,0.006,0.081,0.2072,-0.6838,-0.6838,-0.9313,0.000,41.2,36.6,3.31,0.000,0.00,-0.32,513
6.593,-5.59583,0.9,0.008,0.009,0.2093,-0.6905,-0.6905,-0.9313,0.000,41.2,36.6,3.28,0.000,0.00,-0.00,513
6.620,-5.59576,0.9,0.008,-0.000,0.2095,-0.6914,-0.6914,-0.9313,0.000,41.2,36.6,3.25,0.000,0.00,0.00,513
6.646,-5.59579,0.9,0.008,0.005,0.2094,-0.6910,-0.6910,-0.9313,0.000,41.2,36.6,3.21,0.000,0.00,-0.01,513
6.673,-5.59564,1.0,0.008,0.002,0.2100,-0.6930,-0.6930,-0.9313,0.000,41.2,36.6,3.19,0.000,0.00,-0.00,513
6.699,-5.59570,0.9,0.008,0.002,0.2098,-0.6923,-0.6923,-0.9313,0.000,41.2,36.6,3.16,0.000,0.00,0.01,513
6.726,-5.59569,0.9,0.008,-0.002,0.2098,-0.6923,-0.6923,-0.9313,0.000,41.3,36.6,3.13,0.000,0.00,-0.01,513
6.753,-5.59567,1.0,0.008,-0.003,0.2099,-0.6927,-0.6927,-0.9313,0.000,41.3,36.6,3.10,0.000,0.00,0.01,513
6.779,-5.59570,0.9,0.008,-0.003,0.2098,-0.6923,-0.6923,-0.9313,0.000,41.3,36.6,3.07,0.000,0.00,0.02,513
6.813,-5.59570,0.9,0.008,-0.003,0.2098,-0.6922,-0.6922,-0.9313,0.000,41.3,36.6,3.04,0.000,0.00,-0.04,513
6.840,-5.59569,0.9,0.008,-0.003,0.2098,-0.6923,-0.6923,-0.9313,0.000,41.3,36.6,3.01,0.000,0.00,0.01,513
6.867,-5.59569,0.9,0.008,0.005,0.2098,-0.6923,-0.6923,-0.9313,0.000,41.3,36.6,2.98,0.000,0.00,-0.00,513
6.893,-5.59566,1.0,0.008,0.010,0.2099,-0.6927,-0.6927,-0.9313,0.000,41.4,36.6,2.96,0.000,0.00,0.01,513
6.920,-5.59577,0.9,0.008,0.001,0.2095,-0.6913,-0.6913,-0.9313,0.000,41.4,36.6,2.94,0.000,0.00,-0.01,513
6.946,-5.59576,0.9,0.008,0.004,0.2095,-0.6914,-0.6914,-0.9313,0.000,41.4,36.6,2.90,0.000,0.00,-0.05,513
6.973,-5.59573,0.9,0.008,-0.003,0.2096,-0.6918,-0.6918,-0.9313,0.000,41.4,36.6,2.89,0.000,0.00,-0.05,513
6.999,-5.59577,0.9,0.008,-0.002,0.2095,-0.6914,-0.6914,-0.9313,0.000,41.4,36.6,2.86,0.000,0.00,0.01,513
7.026,-5.59576,0.9,0.008,-0.000,0.2095,-0.6914,-0.6914,-0.9313,0.000,41.4,36.6,2.84,0.000,0.00,-0.09,513
7.053,-5.59576,0.9,0.008,-0.004,0.2095,-0.6914,-0.6914,-0.9313,0.000,41.5,36.6,2.82,0.000,0.00,0.01,513
7.081,-5.59576,0.9,0.008,0.005,0.2095,-0.6915,-0.6915,-0.9313,0.000,41.5,36.6,2.79,0.000,0.00,0.04,513
7.107,-5.59576,0.9,0.008,-0.005,0.2095,-0.6914,-0.6914,-0.9313,0.000,41.5,36.6,2.77,0.000,0.00,-0.03,513
7.134,-5.59575,0.9,0.008,-0.001,0.2096,-0.6916,-0.6916,-0.9313,0.000,41.5,36.6,2.75,0.000,0.00,0.03,513
7.160,-5.59574,0.9,0.008,-0.001,0.2096,-0.6916,-0.6916,-0.9313,0.000,41.5,36.5,2.72,0.000,0.00,0.01,513
7.187,-5.59575,0.9,0.008,-0.000,0.2096,-0.6916,-0.6916,-0.9313,0.000,41.5,36.5,2.71,0.000,0.00,0.01,513
7.214,-5.59575,0.9,0.008,-0.001,0.2096,-0.6916,-0.6916,-0.9313,0.000,41.5,36.5,2.69,0.000,0.00,0.01,513
7.240,-5.59576,0.9,0.008,-0.000,0.2095,-0.6914,-0.6914,-0.9313,0.000,41.5,36.5,2.66,0.000,0.00,0.01,513
7.267,-5.59576,0.9,0.008,-0.001,0.2095,-0.6914,-0.6914,-0.9313,0.000,41.6,36.5,2.64,0.000,0.00,0.01,513
7.293,-5.59577,0.9,0.008,-0.002,0.2095,-0.6914,-0.6914,-0.9313,0.000,41.6,36.5,2.63,0.000,0.00,0.01,513
7.320,-5.59576,0.9,0.008,-0.002,0.2095,-0.6914,-0.6914,-0.9313,0.000,41.6,36.5,2.60,0.000,0.00,0.01,513
7.347,-5.59573,0.9,0.008,0.006,0.2096,-0.6918,-0.6918,-0.9313,0.000,41.6,36.5,2.59,0.000,0.00,0.01,513
7.374,-5.59576,0.9,0.008,-0.000,0.2095,-0.6914,-0.6914,-0.9313,0.000,41.6,36.5,2.57,0.000,0.00,0.01,513
7.401,-5.59576,0.9,0.008,-0.001,0.2095,-0.6914,-0.6914,-0.9313,0.000,41.6,36.5,2.56,0.000,0.00,0.02,513
7.427,-5.59576,0.9,0.008,-0.000,0.2095,-0.6914,-0.6914,-0.9313,0.000,41.6,36.5,2.53,0.000,0.00,0.01,513
7.454,-5.59576,0.9,0.008,0.007,0.2095,-0.6914,-0.6914,-0.9313,0.000,41.7,36.5,2.52,0.000,0.00,0.01,513
7.481,-5.59575,0.9,0.008,0.000,0.2096,-0.6916,-0.6916,-0.9313,0.000,41.7,36.5,2.51,0.000,0.00,0.01,513
7.507,-5.59575,0.9,0.008,-0.000,0.2096,-0.6915,-0.6915,-0.9313,0.000,41.7,36.5,2.50,0.000,0.00,-0.02,513
7.534,-5.59576,0.9,0.008,-0.003,0.2095,-0.6914,-0.6914,-0.9313,0.000,41.7,36.5,2.48,0.000,0.00,0.01,513
7.561,-5.59576,0.9,0.008,-0.002,0.2095,-0.6915,-0.6915,-0.9313,0.000,41.7,36.5,2.48,0.000,0.00,-0.03,513
7.587,-5.59576,0.9,0.008,-0.002,0.2095,-0.6915,-0.6915,-0.9313,0.000,41.7,36.4,2.48,0.000,0.00,-0.04,513
7.614,-5.59576,0.9,0.008,-0.002,0.2095,-0.6914,-0.6914,-0.9313,0.000,41.7,36.4,2.46,0.000,0.00,0.00,513
7.640,-5.59576,0.9,0.008,-0.002,0.2095,-0.6914,-0.6914,-0.9313,0.000,41.7,36.4,2.45,0.000,0.00,-0.05,513
7.667,-5.59576,0.9,0.008,0.007,0.2095,-0.6914,-0.6914,-0.9313,0.000,41.8,36.4,2.44,0.000,0.00,-0.00,513
7.694,-5.59574,0.9,0.008,0.009,0.2096,-0.6917,-0.6917,-0.9313,0.000,41.8,36.4,2.44,0.000,0.00,-0.02,513
7.720,-5.59576,0.9,0.008,0.002,0.2095,-0.6914,-0.6914,-0.9313,0.000,41.8,36.4,2.42,0.000,0.00,-0.00,513
7.747,-5.59576,0.9,0.008,-0.000,0.2095,-0.6914,-0.6914,-0.9313,0.000,41.8,36.4,2.41,0.000,0.00,-0.02,513
7.774,-5.59576,0.9,0.008,-0.001,0.2095,-0.6914,-0.6914,-0.9313,0.000,41.8,36.4,2.41,0.000,0.00,0.01,513
7.800,-5.59575,0.9,0.008,-0.000,0.2095,-0.6915,-0.6915,-0.9313,0.000,41.8,36.4,2.40,0.000,0.00,-0.01,513
7.827,-5.59576,0.9,0.008,-0.001,0.2095,-0.6914,-0.6914,-0.9313,0.000,41.8,36.4,2.38,0.000,0.00,-0.03,513
7.854,-5.59576,0.9,0.008,0.001,0.2095,-0.6914,-0.6914,-0.9313,0.000,41.8,36.4,2.38,0.000,0.00,0.01,513
7.880,-5.59576,0.9,0.008,-0.001,0.2095,-0.6914,-0.6914,-0.9313,0.000,41.9,36.4,2.37,0.000,0.00,0.01,513
7.907,-5.59577,0.9,0.008,-0.002,0.2095,-0.6914,-0.6914,-0.9313,0.000,41.9,36.4,2.36,0.000,0.00,0.01,513
7.934,-5.59576,0.9,0.008,-0.003,0.2095,-0.6914,-0.6914,-0.9313,0.000,41.9,36.3,2.35,0.000,0.00,0.01,513
7.960,-5.59576,0.9,0.008,-0.001,0.2095,-0.6914,-0.6914,-0.9313,0.000,41.9,36.3,2.34,0.000,0.00,0.01,513
7.987,-5.59575,0.9,0.008,-0.001,0.2096,-0.6915,-0.6915,-0.9313,0.000,41.9,36.3,2.33,0.000,0.00,0.00,513
8.014,-5.59576,0.9,0.008,0.000,0.2095,-0.6914,-0.6914,-0.9313,0.000,41.9,36.3,2.32,0.000,0.00,0.00,513
8.040,-5.59576,0.9,0.008,-0.002,0.2095,-0.6914,-0.6914,-0.9313,0.000,41.9,36.3,2.31,0.000,0.00,0.00,513
8.067,-5.59575,0.9,0.008,-0.000,0.2095,-0.6915,-0.6915,-0.9313,0.000,41.9,36.3,2.30,0.000,0.00,0.01,513
8.093,-5.59576,0.9,0.008,-0.002,0.2095,-0.6914,-0.6914,-0.9313,0.000,41.9,36.3,2.29,0.000,0.00,0.00,513
8.120,-5.59576,0.9,0.008,-0.000,0.2095,-0.6914,-0.6914,-0.9313,0.000,41.9,36.3,2.29,0.000,0.00,-0.00,513
8.146,-5.59576,0.9,0.008,-0.001,0.2095,-0.6914,-0.6914,-0.9313,0.000,42.0,36.3,2.28,0.000,0.00,0.00,513
8.173,-5.59576,0.9,0.008,0.000,0.2095,-0.6914,-0.6914,-0.9313,0.000,42.0,36.3,2.27,0.000,0.00,0.00,513
8.200,-5.59576,0.9,0.008,0.000,0.2095,-0.6914,-0.6914,-0.9313,0.000,42.0,36.3,2.27,0.000,0.00,0.00,513
8.226,-5.59576,0.9,0.008,-0.000,0.2095,-0.6914,-0.6914,-0.9313,0.000,42.0,36.3,2.26,0.000,0.00,-0.00,513
8.253,-5.59575,0.9,0.008,0.002,0.2095,-0.6915,-0.6915,-0.9313,0.000,42.0,36.3,2.24,0.000,0.00,0.01,513
8.280,-5.59576,0.9,0.008,-0.001,0.2095,-0.6914,-0.6914,-0.9313,0.000,42.0,36.2,2.23,0.000,0.00,0.01,513
8.306,-5.59576,0.9,0.008,-0.001,0.2095,-0.6914,-0.6914,-0.9313,0.000,42.0,36.2,2.23,0.000,0.00,0.00,513
8.334,-5.59576,0.9,0.008,-0.000,0.2095,-0.6915,-0.6915,-0.9313,0.000,42.0,36.2,2.22,0.000,0.00,0.00,513
8.360,-5.59576,0.9,0.008,-0.000,0.2095,-0.6914,-0.6914,-0.9313,0.000,42.0,36.2,2.21,0.000,0.00,-0.00,513
8.387,-5.59576,0.9,0.008,-0.001,0.2095,-0.6914,-0.6914,-0.9313,0.000,42.0,36.2,2.21,0.000,0.00,0.00,513
8.414,-5.59576,0.9,0.008,-0.001,0.2095,-0.6914,-0.6914,-0.9313,0.000,42.1,36.2,2.19,0.000,0.00,0.00,513
8.441,-5.59576,0.9,0.008,-0.000,0.2095,-0.6914,-0.6914,-0.9313,0.000,42.1,36.2,2.18,0.000,0.00,-0.02,513
8.468,-5.59576,0.9,0.008,0.000,0.2095,-0.6915,-0.6915,-0.9313,0.000,42.1,36.2,2.18,0.000,0.00,0.00,513
8.495,-5.59576,0.9,0.008,-0.001,0.2095,-0.6914,-0.6914,-0.9313,0.000,42.1,36.2,2.17,0.000,0.00,0.00,513
8.522,-5.59576,0.9,0.008,-0.001,0.2095,-0.6914,-0.6914,-0.9313,0.000,42.1,36.2,2.16,0.000,0.00,-0.00,513
8.549,-5.59576,0.9,0.008,-0.001,0.2095,-0.6914,-0.6914,-0.9313,0.000,42.1,36.2,2.15,0.000,0.00,0.00,513
8.575,-5.59576,0.9,0.008,-0.000,0.2095,-0.6914,-0.6914,-0.9313,0.000,42.1,36.2,2.14,0.000,0.00,0.01,513
8.602,-5.59575,0.9,0.008,0.004,0.2096,-0.6915,-0.6915,-0.9313,0.000,42.1,36.2,2.14,0.000,0.00,0.00,513
8.628,-5.59576,0.9,0.008,0.005,0.2095,-0.6914,-0.6914,-0.9313,0.000,42.1,36.1,2.13,0.000,0.00,-0.04,513
8.655,-5.59576,0.9,0.008,-0.001,0.2095,-0.6914,-0.6914,-0.9313,0.000,42.1,36.1,2.12,0.000,0.00,0.01,513
8.682,-5.59576,0.9,0.008,-0.000,0.2095,-0.6914,-0.6914,-0.9313,0.000,42.1,36.1,2.11,0.000,0.00,-0.03,513
8.708,-5.59576,0.9,0.008,0.000,0.2095,-0.6914,-0.6914,-0.9313,0.000,42.2,36.1,2.10,0.000,0.00,0.00,513
8.734,-5.59576,0.9,0.008,-0.001,0.2095,-0.6914,-0.6914,-0.9313,0.000,42.2,36.1,2.10,0.000,0.00,0.01,513
8.761,-5.59576,0.9,0.008,0.001,0.2095,-0.6914,-0.6914,-0.9313,0.000,42.2,36.1,2.09,0.000,0.00,0.00,513
8.788,-5.59576,0.9,0.008,0.004,0.2095,-0.6914,-0.6914,-0.9313,0.000,42.2,36.1,2.08,0.000,0.00,0.01,513
8.814,-5.59576,0.9,0.008,-0.002,0.2095,-0.6914,-0.6914,-0.9313,0.000,42.2,36.1,2.08,0.000,0.00,0.00,513
8.841,-5.59576,0.9,0.008,-0.001,0.2095,-0.6914,-0.6914,-0.9313,0.000,42.2,36.1,2.07,0.000,0.00,0.00,513
8.868,-5.59576,0.9,0.008,-0.000,0.2095,-0.6914,-0.6914,-0.9313,0.000,42.2,36.1,2.07,0.000,0.00,0.01,513
8.894,-5.59575,0.9,0.008,0.000,0.2096,-0.6916,-0.6916,-0.9313,0.000,42.2,36.1,2.05,0.000,0.00,0.02,513
8.920,-5.59576,0.9,0.008,-0.000,0.2095,-0.6914,-0.6914,-0.9313,0.000,42.2,36.1,2.05,0.000,0.00,0.00,513
8.947,-5.59576,0.9,0.008,-0.001,0.2095,-0.6914,-0.6914,-0.9313,0.000,42.2,36.1,2.04,0.000,0.00,0.00,513
8.973,-5.59576,0.9,0.008,-0.000,0.2095,-0.6914,-0.6914,-0.9313,0.000,42.2,36.1,2.03,0.000,0.00,-0.05,513
9.000,-5.59576,0.9,0.008,0.008,0.2095,-0.6914,-0.6914,-0.9313,0.000,42.2,36.0,2.02,0.000,0.00,0.01,513
9.027,-5.59576,0.9,0.008,-0.001,0.2095,-0.6914,-0.6914,-0.9313,0.000,42.2,36.0,2.01,0.000,0.00,0.00,513
9.053,-5.59576,0.9,0.008,-0.000,0.2095,-0.6914,-0.6914,-0.9313,0.000,42.3,36.0,1.99,0.000,0.00,-0.01,513
9.080,-5.59576,0.9,0.008,-0.001,0.2095,-0.6914,-0.6914,-0.9313,0.000,42.3,36.0,2.00,0.000,0.00,0.00,513
9.106,-5.59576,0.9,0.008,-0.001,0.2095,-0.6914,-0.6914,-0.9313,0.000,42.3,36.0,1.99,0.000,0.00,0.00,513
9.133,-5.59576,0.9,0.008,-0.001,0.2095,-0.6914,-0.6914,-0.9313,0.000,42.3,36.0,1.99,0.000,0.00,0.01,513
9.160,-5.59576,0.9,0.008,-0.000,0.2095,-0.6914,-0.6914,-0.9313,0.000,42.3,36.0,1.97,0.000,0.00,0.01,513
9.188,-5.59576,0.9,0.008,-0.001,0.2095,-0.6914,-0.6914,-0.9313,0.000,42.3,36.0,1.98,0.000,0.00,0.00,513
9.215,-5.59575,0.9,0.008,-0.000,0.2095,-0.6915,-0.6915,-0.9313,0.000,42.3,36.0,1.97,0.000,0.00,0.01,513
9.242,-5.59575,0.9,0.008,-0.001,0.2096,-0.6916,-0.6916,-0.9313,0.000,42.3,36.0,1.95,0.000,0.00,0.00,513
9.269,-5.59576,0.9,0.008,-0.000,0.2095,-0.6914,-0.6914,-0.9313,0.000,42.3,36.0,1.94,0.000,0.00,0.01,513
9.296,-5.59575,0.9,0.008,-0.001,0.2096,-0.6916,-0.6916,-0.9313,0.000,42.3,36.0,1.93,0.000,0.00,-0.05,513
9.323,-5.59575,0.9,0.008,0.003,0.2096,-0.6916,-0.6916,-0.9313,0.000,42.3,36.0,1.93,0.000,0.00,0.02,513
9.350,-5.59576,0.9,0.008,-0.002,0.2095,-0.6914,-0.6914,-0.9313,0.000,42.3,36.0,1.93,0.000,0.00,0.00,513
9.377,-5.59576,0.9,0.008,-0.004,0.2095,-0.6915,-0.6915,-0.9313,0.000,42.3,35.9,1.92,0.000,0.00,-0.01,513
9.403,-5.59576,0.9,0.008,-0.003,0.2095,-0.6914,-0.6914,-0.9313,0.000,42.3,35.9,1.91,0.000,0.00,-0.01,513
9.438,-5.59575,0.9,0.008,0.002,0.2096,-0.6916,-0.6916,-0.9313,0.000,42.4,35.9,1.90,0.000,0.00,0.04,513
9.465,-5.59576,0.9,0.008,-0.002,0.2095,-0.6915,-0.6915,-0.9313,0.000,42.4,35.9,1.89,0.000,0.00,-0.02,513
9.492,-5.59576,0.9,0.008,-0.002,0.2095,-0.6915,-0.6915,-0.9313,0.000,42.4,35.9,1.89,0.000,0.00,0.01,513
9.519,-5.59575,0.9,0.008,-0.002,0.2096,-0.6915,-0.6915,-0.9313,0.000,42.4,35.9,1.88,0.000,0.00,0.03,513
9.546,-5.59575,0.9,0.008,0.004,0.2096,-0.6915,-0.6915,-0.9313,0.000,42.4,35.9,1.86,0.000,0.00,-0.01,513
9.573,-5.59574,0.9,0.008,-0.004,0.2096,-0.6916,-0.6916,-0.9313,0.000,42.4,35.9,1.87,0.000,0.00,-0.02,513
9.599,-5.59575,0.9,0.008,0.001,0.2096,-0.6916,-0.6916,-0.9313,0.000,42.4,35.9,1.86,0.000,0.00,0.00,513
9.626,-5.59574,0.9,0.008,0.001,0.2096,-0.6917,-0.6917,-0.9313,0.000,42.4,35.9,1.85,0.000,0.00,-0.01,513
9.653,-5.59573,0.9,0.008,0.002,0.2097,-0.6919,-0.6919,-0.9313,0.000,42.4,35.9,1.84,0.000,0.00,-0.01,513
9.680,-5.59574,0.9,0.008,-0.002,0.2096,-0.6916,-0.6916,-0.9313,0.000,42.4,35.9,1.84,0.000,0.00,0.02,513
9.706,-5.59576,0.9,0.008,-0.000,0.2095,-0.6914,-0.6914,-0.9313,0.000,42.4,35.9,1.83,0.000,0.00,-0.01,513
9.733,-5.59575,0.9,0.008,0.004,0.2096,-0.6916,-0.6916,-0.9313,0.000,42.4,35.9,1.82,0.000,0.00,-0.00,513
9.760,-5.59574,0.9,0.008,0.005,0.2096,-0.6917,-0.6917,-0.9313,0.000,42.4,35.9,1.82,0.000,0.00,-0.02,513
9.786,-5.59576,0.9,0.008,-0.007,0.2095,-0.6915,-0.6915,-0.9313,0.000,42.4,35.8,1.81,0.000,0.00,-0.06,513
9.813,-5.59576,0.9,0.008,-0.005,0.2095,-0.6915,-0.6915,-0.9313,0.000,42.4,35.8,1.81,0.000,0.00,0.02,513
9.840,-5.59576,0.9,0.008,-0.006,0.2095,-0.6915,-0.6915,-0.9313,0.000,42.4,35.8,1.80,0.000,0.00,0.02,513
9.866,-5.59574,0.9,0.008,-0.002,0.2096,-0.6917,-0.6917,-0.9313,0.000,42.4,35.8,1.80,0.000,0.00,0.00,513
9.893,-5.59575,0.9,0.008,-0.007,0.2095,-0.6915,-0.6915,-0.9313,0.000,42.4,35.8,1.78,0.000,0.00,0.04,513
9.919,-5.59575,0.9,0.008,0.004,0.2096,-0.6915,-0.6915,-0.9313,0.000,42.5,35.8,1.78,0.000,0.00,0.01,513
9.947,-5.59574,0.9,0.008,-0.008,0.2096,-0.6917,-0.6917,-0.9313,0.000,42.5,35.8,1.77,0.000,0.00,0.01,513
9.973,-5.59573,0.9,0.008,0.001,0.2096,-0.6918,-0.6918,-0.9313,0.000,42.5,35.8,1.77,0.000,0.00,-0.00,513
10.001,-5.59575,0.9,0.008,-0.006,0.2096,-0.6915,-0.6915,-0.9313,0.000,42.5,35.8,1.76,0.000,0.00,0.04,513
10.027,-5.59576,0.9,0.008,0.008,0.2095,-0.6914,-0.6914,-0.9313,0.000,42.5,35.8,1.75,0.000,0.00,-0.04,513
10.054,-5.59573,0.9,0.008,0.001,0.2097,-0.6919,-0.6919,-0.9313,0.000,42.5,35.8,1.75,0.000,0.00,-0.02,513
10.080,-5.59576,0.9,0.008,0.007,0.2095,-0.6915,-0.6915,-0.9313,0.000,42.5,35.8,1.75,0.000,0.00,-0.04,513
10.107,-5.59573,0.9,0.008,0.000,0.2096,-0.6918,-0.6918,-0.9313,0.000,42.5,35.8,1.74,0.000,0.00,-0.01,513
10.134,-5.59575,0.9,0.008,-0.004,0.2096,-0.6916,-0.6916,-0.9313,0.000,42.5,35.8,1.72,0.000,0.00,0.03,513
10.160,-5.59575,0.9,0.008,0.004,0.2096,-0.6915,-0.6915,-0.9313,0.000,42.5,35.8,1.73,0.000,0.00,0.00,513
10.187,-5.59575,0.9,0.008,-0.007,0.2096,-0.6916,-0.6916,-0.9313,0.000,42.5,35.7,1.71,0.000,0.00,-0.05,513
10.214,-5.59576,0.9,0.008,0.004,0.2095,-0.6914,-0.6914,-0.9313,0.000,42.5,35.7,1.71,0.000,0.00,0.02,513
10.240,-5.59576,0.9,0.008,0.005,0.2095,-0.6914,-0.6914,-0.9313,0.000,42.5,35.7,1.70,0.000,0.00,0.00,513
10.267,-5.59573,0.9,0.008,0.007,0.2096,-0.6918,-0.6918,-0.9313,0.000,42.5,35.7,1.68,0.000,0.00,-0.01,513
10.294,-5.59575,0.9,0.008,0.001,0.2096,-0.6916,-0.6916,-0.9313,0.000,42.5,35.7,1.68,0.000,0.00,0.03,513
10.321,-5.59574,0.9,0.008,-0.002,0.2096,-0.6917,-0.6917,-0.9313,0.000,42.5,35.7,1.69,0.000,0.00,0.04,513
10.348,-5.59571,0.9,0.008,0.012,0.2097,-0.6920,-0.6920,-0.9313,0.000,42.5,35.7,1.68,0.000,0.00,-0.00,513
10.375,-5.59575,0.9,0.008,-0.008,0.2096,-0.6915,-0.6915,-0.9313,0.000,42.5,35.7,1.67,0.000,0.00,0.02,513
10.402,-5.59575,0.9,0.008,-0.003,0.2096,-0.6916,-0.6916,-0.9313,0.000,42.5,35.7,1.66,0.000,0.00,0.01,513
10.428,-5.59574,0.9,0.008,-0.000,0.2096,-0.6918,-0.6918,-0.9313,0.000,42.5,35.7,1.66,0.000,0.00,-0.01,513
10.455,-5.59574,0.9,0.008,-0.003,0.2096,-0.6917,-0.6917,-0.9313,0.000,42.5,35.7,1.66,0.000,0.00,-0.02,513
10.481,-5.59576,0.9,0.008,0.006,0.2095,-0.6915,-0.6915,-0.9313,0.000,42.6,35.7,1.64,0.000,0.00,0.02,513
10.508,-5.59573,0.9,0.008,-0.009,0.2097,-0.6919,-0.6919,-0.9313,0.000,42.6,35.7,1.63,0.000,0.00,-0.05,513
10.535,-5.59573,0.9,0.008,-0.006,0.2096,-0.6918,-0.6918,-0.9313,0.000,42.6,35.7,1.64,0.000,0.00,-0.03,513
10.562,-5.59574,0.9,0.008,-0.009,0.2096,-0.6917,-0.6917,-0.9313,0.000,42.6,35.7,1.62,0.000,0.00,0.03,513
10.589,-5.59575,0.9,0.008,-0.004,0.2096,-0.6916,-0.6916,-0.9313,0.000,42.6,35.7,1.61,0.000,0.00,0.03,513
10.616,-5.59574,0.9,0.008,-0.001,0.2096,-0.6917,-0.6917,-0.9313,0.000,42.6,35.7,1.62,0.000,0.00,0.02,513
10.643,-5.59573,0.9,0.008,-0.002,0.2096,-0.6918,-0.6918,-0.9313,0.000,42.6,35.6,1.60,0.000,0.00,0.03,513
10.670,-5.59575,0.9,0.008,-0.002,0.2096,-0.6916,-0.6916,-0.9313,0.000,42.6,35.6,1.60,0.000,0.00,0.01,513
10.696,-5.59575,0.9,0.008,0.005,0.2095,-0.6915,-0.6915,-0.9313,0.000,42.6,35.6,1.60,0.000,0.00,-0.02,513
10.723,-5.59574,0.9,0.008,-0.004,0.2096,-0.6917,-0.6917,-0.9313,0.000,42.6,35.6,1.59,0.000,0.00,-0.04,513
10.750,-5.59574,0.9,0.008,0.011,0.2096,-0.6917,-0.6917,-0.9313,0.000,42.6,35.6,1.59,0.000,0.00,-0.03,513
10.777,-5.59577,0.9,0.008,-0.002,0.2095,-0.6914,-0.6914,-0.9313,0.000,42.6,35.6,1.58,0.000,0.00,0.01,513
10.808,-5.59576,0.9,0.008,-0.006,0.2095,-0.6915,-0.6915,-0.9313,0.000,42.6,35.6,1.57,0.000,0.00,-0.04,513
10.841,-5.59576,0.9,0.008,0.008,0.2095,-0.6914,-0.6914,-0.9313,0.000,42.6,35.6,1.57,0.000,0.00,-0.06,513
10.874,-5.59575,0.9,0.008,-0.004,0.2095,-0.6915,-0.6915,-0.9313,0.000,42.6,35.6,1.56,0.000,0.00,-0.01,513
10.906,-5.59572,0.9,0.008,0.006,0.2097,-0.6919,-0.6919,-0.9313,0.000,42.6,35.6,1.56,0.000,0.00,-0.02,513
10.936,-5.59574,0.9,0.008,-0.006,0.2096,-0.6917,-0.6917,-0.9313,0.000,42.6,35.6,1.55,0.000,0.00,-0.02,513
10.967,-5.59575,0.9,0.008,-0.007,0.2096,-0.6916,-0.6916,-0.9313,0.000,42.6,35.6,1.54,0.000,0.00,-0.04,513
10.997,-5.59574,0.9,0.008,-0.007,0.2096,-0.6917,-0.6917,-0.9313,0.000,42.6,35.6,1.54,0.000,0.00,0.01,513
11.027,-5.59572,0.9,0.008,0.006,0.2097,-0.6920,-0.6920,-0.9313,0.000,42.6,35.6,1.53,0.000,0.00,-0.03,513
11.058,-5.59576,0.9,0.008,0.004,0.2095,-0.6914,-0.6914,-0.9313,0.000,42.6,35.6,1.52,0.000,0.00,-0.09,513
11.088,-5.59575,0.9,0.008,-0.001,0.2096,-0.6916,-0.6916,-0.9313,0.000,42.6,35.6,1.51,0.000,0.00,-0.03,513
11.120,-5.59574,0.9,0.008,0.001,0.2096,-0.6918,-0.6918,-0.9313,0.000,42.6,35.6,1.51,0.000,0.00,0.01,513
11.152,-5.59572,0.9,0.008,-0.001,0.2097,-0.6920,-0.6920,-0.9313,0.000,42.6,35.5,1.50,0.000,0.00,0.01,513
11.184,-5.59574,0.9,0.008,-0.004,0.2096,-0.6917,-0.6917,-0.9313,0.000,42.6,35.5,1.49,0.000,0.00,-0.00,513
11.215,-5.59574,0.9,0.008,0.010,0.2096,-0.6917,-0.6917,-0.9313,0.000,42.6,35.5,1.48,0.000,0.00,0.01,513
11.247,-5.59575,0.9,0.008,-0.000,0.2096,-0.6915,-0.6915,-0.9313,0.000,42.6,35.5,1.48,0.000,0.00,0.03,513
11.277,-5.59574,0.9,0.008,-0.001,0.2096,-0.6918,-0.6918,-0.9313,0.000,42.6,35.5,1.48,0.000,0.00,-0.03,513
11.310,-5.59575,0.9,0.008,-0.004,0.2096,-0.6916,-0.6916,-0.9313,0.000,42.7,35.5,1.47,0.000,0.00,-0.06,513
11.341,-5.59574,0.9,0.008,-0.004,0.2096,-0.6918,-0.6918,-0.9313,0.000,42.7,35.5,1.46,0.000,0.00,0.05,513
11.371,-5.59573,0.9,0.008,-0.006,0.2097,-0.6919,-0.6919,-0.9313,0.000,42.7,35.5,1.46,0.000,0.00,0.00,513
11.402,-5.59576,0.9,0.008,0.004,0.2095,-0.6914,-0.6914,-0.9313,0.000,42.7,35.5,1.45,0.000,0.00,-0.01,513
11.433,-5.59573,0.9,0.008,-0.001,0.2096,-0.6918,-0.6918,-0.9313,0.000,42.7,35.5,1.44,0.000,0.00,-0.03,513
11.464,-5.59572,0.9,0.008,0.000,0.2097,-0.6919,-0.6919,-0.9313,0.000,42.7,35.5,1.44,0.000,0.00,0.05,513
11.494,-5.59573,0.9,0.008,0.002,0.2097,-0.6919,-0.6919,-0.9313,0.000,42.7,35.5,1.43,0.000,0.00,-0.06,513
11.526,-5.59573,0.9,0.008,0.004,0.2096,-0.6918,-0.6918,-0.9313,0.000,42.7,35.5,1.42,0.000,0.00,0.01,513
11.559,-5.59574,0.9,0.008,0.011,0.2096,-0.6918,-0.6918,-0.9313,0.000,42.7,35.5,1.42,0.000,0.00,0.01,513
11.591,-5.59575,0.9,0.008,0.006,0.2095,-0.6915,-0.6915,-0.9313,0.000,42.7,35.5,1.41,0.000,0.00,0.01,513
11.622,-5.59574,0.9,0.008,0.009,0.2096,-0.6917,-0.6917,-0.9313,0.000,42.7,35.5,1.41,0.000,0.00,-0.03,513
11.653,-5.59575,0.9,0.008,-0.006,0.2095,-0.6915,-0.6915,-0.9313,0.000,42.7,35.4,1.40,0.000,0.00,-0.05,513
11.683,-5.59574,0.9,0.008,0.002,0.2096,-0.6917,-0.6917,-0.9313,0.000,42.7,35.4,1.39,0.000,0.00,0.04,513
11.714,-5.59574,0.9,0.008,0.001,0.2096,-0.6917,-0.6917,-0.9313,0.000,42.7,35.4,1.38,0.000,0.00,-0.01,513
11.744,-5.59575,0.9,0.008,-0.003,0.2096,-0.6916,-0.6916,-0.9313,0.000,42.7,35.4,1.39,0.000,0.00,0.00,513
11.775,-5.59573,0.9,0.008,-0.003,0.2096,-0.6918,-0.6918,-0.9313,0.000,42.7,35.4,1.38,0.000,0.00,0.01,513
11.805,-5.59571,0.9,0.008,0.004,0.2097,-0.6922,-0.6922,-0.9313,0.000,42.7,35.4,1.37,0.000,0.00,-0.05,513
11.837,-5.59575,0.9,0.008,0.009,0.2095,-0.6915,-0.6915,-0.9313,0.000,42.7,35.4,1.37,0.000,0.00,0.03,513
11.869,-5.59573,0.9,0.008,0.007,0.2097,-0.6919,-0.6919,-0.9313,0.000,42.7,35.4,1.36,0.000,0.00,0.02,513
11.901,-5.59572,0.9,0.008,-0.010,0.2097,-0.6920,-0.6920,-0.9313,0.000,42.7,35.4,1.36,0.000,0.00,-0.06,513
11.933,-5.59572,0.9,0.008,0.009,0.2097,-0.6920,-0.6920,-0.9313,0.000,42.7,35.4,1.35,0.000,0.00,-0.01,513
11.965,-5.59573,0.9,0.008,-0.003,0.2097,-0.6919,-0.6919,-0.9313,0.000,42.7,35.4,1.34,0.000,0.00,0.02,513
11.997,-5.59571,0.9,0.008,0.004,0.2097,-0.6921,-0.6921,-0.9313,0.000,42.7,35.4,1.34,0.000,0.00,-0.01,513
12.028,-5.59573,0.9,0.008,-0.007,0.2096,-0.6918,-0.6918,-0.9313,0.000,42.7,35.4,1.34,0.000,0.00,-0.06,513
12.058,-5.59574,0.9,0.008,0.003,0.2096,-0.6916,-0.6916,-0.9313,0.000,42.7,35.4,1.33,0.000,0.00,0.06,513
12.089,-5.59573,0.9,0.008,-0.008,0.2096,-0.6918,-0.6918,-0.9313,0.000,42.7,35.4,1.32,0.000,0.00,-0.01,513
12.120,-5.59574,0.9,0.008,-0.000,0.2096,-0.6916,-0.6916,-0.9313,0.000,42.7,35.4,1.32,0.000,0.00,0.01,513
12.151,-5.59572,0.9,0.008,0.008,0.2097,-0.6919,-0.6919,-0.9313,0.000,42.7,35.4,1.31,0.000,0.00,-0.05,513
12.181,-5.59571,0.9,0.008,0.002,0.2097,-0.6921,-0.6921,-0.9313,0.000,42.7,35.3,1.30,0.000,0.00,-0.00,513
12.212,-5.59575,0.9,0.008,0.007,0.2096,-0.6916,-0.6916,-0.9313,0.000,42.7,35.3,1.30,0.000,0.00,-0.05,513
12.242,-5.59573,0.9,0.008,-0.007,0.2097,-0.6919,-0.6919,-0.9313,0.000,42.7,35.3,1.29,0.000,0.00,0.03,513
12.273,-5.59574,0.9,0.008,0.009,0.2096,-0.6917,-0.6917,-0.9313,0.000,42.7,35.3,1.28,0.000,0.00,-0.01,513
12.303,-5.59574,0.9,0.008,-0.005,0.2096,-0.6918,-0.6918,-0.9313,0.000,42.7,35.3,1.28,0.000,0.00,0.03,513
12.335,-5.59572,0.9,0.008,-0.003,0.2097,-0.6920,-0.6920,-0.9313,0.000,42.7,35.3,1.27,0.000,0.00,-0.01,513
12.367,-5.59575,0.9,0.008,-0.003,0.2096,-0.6916,-0.6916,-0.9313,0.000,42.7,35.3,1.27,0.000,0.00,0.05,513
12.399,-5.59572,0.9,0.008,-0.003,0.2097,-0.6919,-0.6919,-0.9313,0.000,42.7,35.3,1.26,0.000,0.00,0.03,513
12.431,-5.59573,0.9,0.008,0.007,0.2096,-0.6918,-0.6918,-0.9313,0.000,42.7,35.3,1.26,0.000,0.00,-0.05,513
12.461,-5.59573,0.9,0.008,-0.009,0.2097,-0.6919,-0.6919,-0.9313,0.000,42.7,35.3,1.26,0.000,0.00,0.03,513
12.492,-5.59573,0.9,0.008,0.001,0.2096,-0.6918,-0.6918,-0.9313,0.000,42.7,35.3,1.23,0.000,0.00,-0.03,513
12.523,-5.59574,0.9,0.008,-0.002,0.2096,-0.6918,-0.6918,-0.9313,0.000,42.7,35.3,1.24,0.000,0.00,-0.00,513
12.554,-5.59575,0.9,0.008,0.003,0.2096,-0.6916,-0.6916,-0.9313,0.000,42.7,35.3,1.24,0.000,0.00,0.05,513
12.585,-5.59571,0.9,0.008,0.001,0.2097,-0.6921,-0.6921,-0.9313,0.000,42.7,35.3,1.23,0.000,0.00,0.05,513
12.615,-5.59574,0.9,0.008,0.003,0.2096,-0.6917,-0.6917,-0.9313,0.000,42.7,35.3,1.22,0.000,0.00,0.05,513
12.647,-5.59571,0.9,0.008,-0.000,0.2097,-0.6921,-0.6921,-0.9313,0.000,42.7,35.3,1.22,0.000,0.00,0.01,513
12.679,-5.59573,0.9,0.008,-0.010,0.2097,-0.6919,-0.6919,-0.9313,0.000,42.7,35.3,1.22,0.000,0.00,0.02,513
12.711,-5.59572,0.9,0.008,0.007,0.2097,-0.6920,-0.6920,-0.9313,0.000,42.7,35.3,1.22,0.000,0.00,0.01,513
12.743,-5.59572,0.9,0.008,-0.004,0.2097,-0.6920,-0.6920,-0.9313,0.000,42.7,35.3,1.20,0.000,0.00,0.00,513
12.773,-5.59573,0.9,0.008,0.010,0.2097,-0.6919,-0.6919,-0.9313,0.000,42.7,35.2,1.20,0.000,0.00,-0.03,513
12.804,-5.59575,0.9,0.008,0.009,0.2096,-0.6916,-0.6916,-0.9313,0.000,42.7,35.2,1.20,0.000,0.00,-0.01,513
12.834,-5.59573,0.9,0.008,0.001,0.2097,-0.6919,-0.6919,-0.9313,0.000,42.7,35.2,1.20,0.000,0.00,0.01,513
12.865,-5.59574,0.9,0.008,0.006,0.2096,-0.6917,-0.6917,-0.9313,0.000,42.7,35.2,1.18,0.000,0.00,-0.04,513
12.895,-5.59572,0.9,0.008,-0.004,0.2097,-0.6919,-0.6919,-0.9313,0.000,42.7,35.2,1.18,0.000,0.00,0.03,513
12.926,-5.59573,0.9,0.008,0.006,0.2096,-0.6918,-0.6918,-0.9313,0.000,42.7,35.2,1.17,0.000,0.00,0.02,513
12.958,-5.59573,0.9,0.008,-0.009,0.2097,-0.6919,-0.6919,-0.9313,0.000,42.7,35.2,1.17,0.000,0.00,-0.05,513
12.989,-5.59572,0.9,0.008,0.002,0.2097,-0.6920,-0.6920,-0.9313,0.000,42.8,35.2,1.17,0.000,0.00,0.01,513
13.021,-5.59572,0.9,0.008,0.001,0.2097,-0.6920,-0.6920,-0.9313,0.000,42.8,35.2,1.15,0.000,0.00,0.00,513
13.052,-5.59572,0.9,0.008,-0.003,0.2097,-0.6920,-0.6920,-0.9313,0.000,42.8,35.2,1.15,0.000,0.00,-0.04,513
13.083,-5.59573,0.9,0.008,0.006,0.2097,-0.6919,-0.6919,-0.9313,0.000,42.8,35.2,1.15,0.000,0.00,-0.04,513
13.113,-5.59573,0.9,0.008,-0.004,0.2096,-0.6918,-0.6918,-0.9313,0.000,42.8,35.2,1.15,0.000,0.00,-0.04,513
13.143,-5.59572,0.9,0.008,0.003,0.2097,-0.6920,-0.6920,-0.9313,0.000,42.8,35.2,1.14,0.000,0.00,0.07,513
13.174,-5.59575,0.9,0.008,-0.001,0.2096,-0.6916,-0.6916,-0.9313,0.000,42.8,35.2,1.14,0.000,0.00,-0.00,513
13.204,-5.59571,0.9,0.008,0.002,0.2097,-0.6921,-0.6921,-0.9313,0.000,42.8,35.2,1.13,0.000,0.00,0.03,513
13.235,-5.59571,0.9,0.008,0.002,0.2097,-0.6922,-0.6922,-0.9313,0.000,42.8,35.2,1.13,0.000,0.00,-0.01,513
13.267,-5.59574,0.9,0.008,0.002,0.2096,-0.6917,-0.6917,-0.9313,0.000,42.8,35.2,1.12,0.000,0.00,-0.03,513
13.299,-5.59573,0.9,0.008,-0.004,0.2096,-0.6918,-0.6918,-0.9313,0.000,42.8,35.2,1.12,0.000,0.00,0.02,513
13.331,-5.59576,0.9,0.008,-0.001,0.2095,-0.6915,-0.6915,-0.9313,0.000,42.8,35.2,1.11,0.000,0.00,-0.00,513
13.362,-5.59573,0.9,0.008,-0.006,0.2096,-0.6918,-0.6918,-0.9313,0.000,42.8,35.2,1.11,0.000,0.00,-0.03,513
13.393,-5.59571,0.9,0.008,-0.010,0.2097,-0.6921,-0.6921,-0.9313,0.000,42.8,35.1,1.11,0.000,0.00,0.04,513
13.424,-5.59571,0.9,0.008,-0.007,0.2097,-0.6921,-0.6921,-0.9313,0.000,42.8,35.1,1.10,0.000,0.00,0.03,513
13.454,-5.59572,0.9,0.008,-0.006,0.2097,-0.6920,-0.6920,-0.9313,0.000,42.8,35.1,1.09,0.000,0.00,0.00,513
13.485,-5.59575,0.9,0.008,0.000,0.2096,-0.6916,-0.6916,-0.9313,0.000,42.8,35.1,1.09,0.000,0.00,-0.04,513
13.517,-5.59572,0.9,0.008,0.001,0.2097,-0.6920,-0.6920,-0.9313,0.000,42.8,35.1,1.09,0.000,0.00,-0.02,513
13.547,-5.59572,0.9,0.008,-0.002,0.2097,-0.6920,-0.6920,-0.9313,0.000,42.8,35.1,1.07,0.000,0.00,-0.03,513
13.579,-5.59573,0.9,0.008,0.005,0.2097,-0.6919,-0.6919,-0.9313,0.000,42.8,35.1,1.08,0.000,0.00,0.02,513
13.611,-5.59573,0.9,0.008,0.004,0.2097,-0.6919,-0.6919,-0.9313,0.000,42.8,35.1,1.07,0.000,0.00,-0.05,513
13.643,-5.59573,0.9,0.008,-0.006,0.2097,-0.6919,-0.6919,-0.9313,0.000,42.8,35.1,1.06,0.000,0.00,-0.02,513
13.676,-5.59572,0.9,0.008,-0.006,0.2097,-0.6919,-0.6919,-0.9313,0.000,42.8,35.1,1.06,0.000,0.00,0.02,513
13.707,-5.59571,0.9,0.008,0.007,0.2097,-0.6921,-0.6921,-0.9313,0.000,42.8,35.1,1.06,0.000,0.00,-0.01,513
13.737,-5.59572,0.9,0.008,0.004,0.2097,-0.6919,-0.6919,-0.9313,0.000,42.8,35.1,1.05,0.000,0.00,0.05,513
13.768,-5.59573,0.9,0.008,0.004,0.2096,-0.6918,-0.6918,-0.9313,0.000,42.8,35.1,1.04,0.000,0.00,0.02,513
13.800,-5.59572,0.9,0.008,0.006,0.2097,-0.6920,-0.6920,-0.9313,0.000,42.8,35.1,1.04,0.000,0.00,-0.03,513
13.830,-5.59572,0.9,0.008,0.000,0.2097,-0.6920,-0.6920,-0.9313,0.000,42.8,35.1,1.04,0.000,0.00,-0.02,513
13.862,-5.59573,0.9,0.008,-0.005,0.2096,-0.6918,-0.6918,-0.9313,0.000,42.8,35.1,1.03,0.000,0.00,0.02,513
13.892,-5.59575,0.9,0.008,-0.001,0.2096,-0.6916,-0.6916,-0.9313,0.000,42.8,35.1,1.03,0.000,0.00,-0.01,513
13.922,-5.59570,0.9,0.008,-0.013,0.2098,-0.6922,-0.6922,-0.9313,0.000,42.8,35.1,1.03,0.000,0.00,0.07,513
13.953,-5.59573,0.9,0.008,-0.011,0.2096,-0.6918,-0.6918,-0.9313,0.000,42.8,35.1,1.03,0.000,0.00,0.05,513
13.985,-5.59571,0.9,0.008,-0.002,0.2097,-0.6921,-0.6921,-0.9313,0.000,42.8,35.1,1.01,0.000,0.00,-0.03,513
14.017,-5.59573,0.9,0.008,-0.004,0.2097,-0.6919,-0.6919,-0.9313,0.000,42.8,35.0,1.01,0.000,0.00,0.01,513
14.049,-5.59572,0.9,0.008,0.006,0.2097,-0.6920,-0.6920,-0.9313,0.000,42.8,35.0,1.00,0.000,0.00,-0.03,513
14.080,-5.59571,0.9,0.008,0.006,0.2097,-0.6921,-0.6921,-0.9313,0.000,42.8,35.0,1.01,0.000,0.00,-0.01,513
14.111,-5.59573,0.9,0.008,0.007,0.2097,-0.6919,-0.6919,-0.9313,0.000,42.8,35.0,1.00,0.000,0.00,-0.03,513
14.142,-5.59572,0.9,0.008,0.000,0.2097,-0.6920,-0.6920,-0.9313,0.000,42.8,35.0,1.00,0.000,0.00,0.01,513
14.172,-5.59571,0.9,0.008,-0.000,0.2097,-0.6921,-0.6921,-0.9313,0.000,42.8,35.0,0.98,0.000,0.00,0.01,513
14.203,-5.59572,0.9,0.008,0.004,0.2097,-0.6919,-0.6919,-0.9313,0.000,42.8,35.0,0.99,0.000,0.00,0.01,513
14.234,-5.59570,0.9,0.008,0.003,0.2098,-0.6922,-0.6922,-0.9313,0.000,42.8,35.0,0.98,0.000,0.00,0.01,513
14.265,-5.59573,0.9,0.008,-0.011,0.2096,-0.6918,-0.6918,-0.9313,0.000,42.8,35.0,0.98,0.000,0.00,-0.02,513
14.296,-5.59571,0.9,0.008,0.007,0.2097,-0.6921,-0.6921,-0.9313,0.000,42.8,35.0,0.97,0.000,0.00,-0.04,513
14.328,-5.59572,0.9,0.008,0.007,0.2097,-0.6919,-0.6919,-0.9313,0.000,42.8,35.0,0.98,0.000,0.00,-0.00,513
14.360,-5.59571,0.9,0.008,0.001,0.2097,-0.6921,-0.6921,-0.9313,0.000,42.8,35.0,0.97,0.000,0.00,0.01,513
14.392,-5.59573,0.9,0.008,-0.001,0.2097,-0.6918,-0.6918,-0.9313,0.000,42.8,35.0,0.96,0.000,0.00,0.02,513
14.422,-5.59574,0.9,0.008,-0.010,0.2096,-0.6917,-0.6917,-0.9313,0.000,42.8,35.0,0.95,0.000,0.00,0.07,513
14.453,-5.59571,0.9,0.008,-0.007,0.2097,-0.6922,-0.6922,-0.9313,0.000,42.8,35.0,0.96,0.000,0.00,0.03,513
14.483,-5.59572,0.9,0.008,-0.001,0.2097,-0.6920,-0.6920,-0.9313,0.000,42.8,35.0,0.96,0.000,0.00,-0.03,513
14.514,-5.59572,0.9,0.008,-0.003,0.2097,-0.6920,-0.6920,-0.9313,0.000,42.8,35.0,0.94,0.000,0.00,0.04,513
14.544,-5.59573,0.9,0.008,-0.004,0.2096,-0.6918,-0.6918,-0.9313,0.000,42.8,35.0,0.94,0.000,0.00,-0.00,513
14.576,-5.59573,0.9,0.008,-0.010,0.2096,-0.6918,-0.6918,-0.9313,0.000,42.8,35.0,0.94,0.000,0.00,-0.01,513
14.606,-5.59571,0.9,0.008,-0.005,0.2097,-0.6921,-0.6921,-0.9313,0.000,42.8,35.0,0.94,0.000,0.00,-0.03,513
14.636,-5.59571,0.9,0.008,0.002,0.2097,-0.6922,-0.6922,-0.9313,0.000,42.8,35.0,0.93,0.000,0.00,0.07,513
14.667,-5.59573,0.9,0.008,0.005,0.2097,-0.6919,-0.6919,-0.9313,0.000,42.8,35.0,0.93,0.000,0.00,-0.00,513
14.697,-5.59571,0.9,0.008,-0.003,0.2097,-0.6921,-0.6921,-0.9313,0.000,42.8,34.9,0.93,0.000,0.00,-0.04,513
14.728,-5.59571,0.9,0.008,0.004,0.2097,-0.6921,-0.6921,-0.9313,0.000,42.8,34.9,0.92,0.000,0.00,-0.00,513
14.758,-5.59572,0.9,0.008,-0.003,0.2097,-0.6920,-0.6920,-0.9313,0.000,42.8,34.9,0.91,0.000,0.00,-0.03,513
14.789,-5.59573,0.9,0.008,0.004,0.2097,-0.6919,-0.6919,-0.9313,0.000,42.8,34.9,0.91,0.000,0.00,-0.01,513
14.821,-5.59572,0.9,0.008,0.005,0.2097,-0.6919,-0.6919,-0.9313,0.000,42.8,34.9,0.89,0.000,0.00,0.06,513
14.852,-5.59572,0.9,0.008,-0.005,0.2097,-0.6920,-0.6920,-0.9313,0.000,42.8,34.9,0.90,0.000,0.00,0.00,513
14.884,-5.59573,0.9,0.008,-0.005,0.2096,-0.6918,-0.6918,-0.9313,0.000,42.8,34.9,0.90,0.000,0.00,-0.03,513
14.914,-5.59570,0.9,0.008,-0.006,0.2098,-0.6922,-0.6922,-0.9313,0.000,42.8,34.9,0.89,0.000,0.00,-0.00,513
14.945,-5.59571,0.9,0.008,0.004,0.2097,-0.6920,-0.6920,-0.9313,0.000,42.8,34.9,0.90,0.000,0.00,0.01,513
14.975,-5.59572,0.9,0.008,-0.000,0.2097,-0.6920,-0.6920,-0.9313,0.000,42.7,34.9,0.89,0.000,0.00,0.01,513
15.006,-5.59571,0.9,0.008,0.006,0.2097,-0.6921,-0.6921,-0.9313,0.000,42.7,34.9,0.89,0.000,0.00,-0.01,513
15.036,-5.59572,0.9,0.008,-0.006,0.2097,-0.6919,-0.6919,-0.9313,0.000,42.7,34.9,0.88,0.000,0.00,-0.01,513
15.067,-5.59570,0.9,0.008,-0.001,0.2098,-0.6922,-0.6922,-0.9313,0.000,42.7,34.9,0.87,0.000,0.00,-0.03,513
15.097,-5.59574,0.9,0.008,0.002,0.2096,-0.6917,-0.6917,-0.9313,0.000,42.7,34.9,0.87,0.000,0.00,0.01,513
15.128,-5.59573,0.9,0.008,-0.001,0.2096,-0.6918,-0.6918,-0.9313,0.000,42.7,34.9,0.87,0.000,0.00,-0.02,513
15.159,-5.59573,0.9,0.008,-0.001,0.2096,-0.6918,-0.6918,-0.9313,0.000,42.7,34.9,0.87,0.000,0.00,0.03,513
15.189,-5.59574,0.9,0.008,0.008,0.2096,-0.6917,-0.6917,-0.9313,0.000,42.7,34.9,0.86,0.000,0.00,-0.03,513
15.221,-5.59571,0.9,0.008,0.005,0.2097,-0.6921,-0.6921,-0.9313,0.000,42.7,34.9,0.86,0.000,0.00,-0.03,513
15.255,-5.59571,0.9,0.008,-0.002,0.2097,-0.6922,-0.6922,-0.9313,0.000,42.7,34.9,0.85,0.000,0.00,-0.01,513
15.287,-5.59573,0.9,0.008,-0.001,0.2096,-0.6918,-0.6918,-0.9313,0.000,42.7,34.9,0.85,0.000,0.00,0.02,513
15.318,-5.59572,0.9,0.008,0.002,0.2097,-0.6920,-0.6920,-0.9313,0.000,42.7,34.9,0.85,0.000,0.00,-0.01,513
15.348,-5.59571,0.9,0.008,-0.007,0.2097,-0.6921,-0.6921,-0.9313,0.000,42.7,34.9,0.84,0.000,0.00,0.02,513
15.378,-5.59571,0.9,0.008,-0.001,0.2097,-0.6921,-0.6921,-0.9313,0.000,42.7,34.9,0.84,0.000,0.00,0.01,513
15.409,-5.59573,0.9,0.008,-0.003,0.2097,-0.6918,-0.6918,-0.9313,0.000,42.7,34.8,0.84,0.000,0.00,0.02,513
15.440,-5.59571,0.9,0.008,0.002,0.2097,-0.6921,-0.6921,-0.9313,0.000,42.7,34.8,0.83,0.000,0.00,0.01,513
15.470,-5.59574,0.9,0.008,-0.005,0.2096,-0.6918,-0.6918,-0.9313,0.000,42.7,34.8,0.83,0.000,0.00,-0.03,513
15.501,-5.59571,0.9,0.008,-0.004,0.2097,-0.6921,-0.6921,-0.9313,0.000,42.7,34.8,0.83,0.000,0.00,-0.02,513
15.533,-5.59571,0.9,0.008,0.001,0.2097,-0.6921,-0.6921,-0.9313,0.000,42.7,34.8,0.82,0.000,0.00,-0.04,513
15.565,-5.59570,0.9,0.008,-0.010,0.2098,-0.6922,-0.6922,-0.9313,0.000,42.7,34.8,0.82,0.000,0.00,-0.03,513
15.596,-5.59572,0.9,0.008,0.001,0.2097,-0.6920,-0.6920,-0.9313,0.000,42.7,34.8,0.82,0.000,0.00,0.00,513
15.627,-5.59572,0.9,0.008,0.008,0.2097,-0.6920,-0.6920,-0.9313,0.000,42.7,34.8,0.81,0.000,0.00,-0.02,513
15.658,-5.59571,0.9,0.008,0.003,0.2097,-0.6922,-0.6922,-0.9313,0.000,42.7,34.8,0.81,0.000,0.00,-0.03,513
15.688,-5.59572,0.9,0.008,-0.006,0.2097,-0.6920,-0.6920,-0.9313,0.000,42.7,34.8,0.80,0.000,0.00,-0.02,513
15.719,-5.59572,0.9,0.008,-0.008,0.2097,-0.6920,-0.6920,-0.9313,0.000,42.7,34.8,0.80,0.000,0.00,0.00,513
15.750,-5.59570,0.9,0.008,-0.010,0.2098,-0.6922,-0.6922,-0.9313,0.000,42.7,34.8,0.79,0.000,0.00,0.04,513
15.780,-5.59572,0.9,0.008,-0.003,0.2097,-0.6920,-0.6920,-0.9313,0.000,42.7,34.8,0.80,0.000,0.00,-0.02,513
15.810,-5.59570,0.9,0.008,-0.016,0.2098,-0.6922,-0.6922,-0.9313,0.000,42.7,34.8,0.79,0.000,0.00,-0.04,513
15.841,-5.59572,0.9,0.008,0.000,0.2097,-0.6920,-0.6920,-0.9313,0.000,42.7,34.8,0.79,0.000,0.00,-0.01,513
15.871,-5.59572,0.9,0.008,0.003,0.2097,-0.6920,-0.6920,-0.9313,0.000,42.7,34.8,0.79,0.000,0.00,-0.01,513
15.902,-5.59573,0.9,0.008,0.003,0.2096,-0.6918,-0.6918,-0.9313,0.000,42.7,34.8,0.78,0.000,0.00,-0.02,513
15.932,-5.59572,0.9,0.008,0.005,0.2097,-0.6920,-0.6920,-0.9313,0.000,42.7,34.8,0.77,0.000,0.00,-0.01,513
15.963,-5.59572,0.9,0.008,-0.001,0.2097,-0.6920,-0.6920,-0.9313,0.000,42.7,34.8,0.78,0.000,0.00,-0.00,513
15.993,-5.59571,0.9,0.008,0.004,0.2097,-0.6921,-0.6921,-0.9313,0.000,42.7,34.8,0.77,0.000,0.00,0.01,513
16.024,-5.59572,0.9,0.008,-0.004,0.2097,-0.6919,-0.6919,-0.9313,0.000,42.7,34.8,0.77,0.000,0.00,-0.03,513
16.054,-5.59572,0.9,0.008,-0.003,0.2097,-0.6920,-0.6920,-0.9313,0.000,42.7,34.8,0.77,0.000,0.00,-0.01,513
16.085,-5.59573,0.9,0.008,0.007,0.2097,-0.6919,-0.6919,-0.9313,0.000,42.7,34.8,0.76,0.000,0.00,0.04,513
16.115,-5.59572,0.9,0.008,0.004,0.2097,-0.6920,-0.6920,-0.9313,0.000,42.7,34.8,0.76,0.000,0.00,-0.02,513
16.146,-5.59571,0.9,0.008,0.004,0.2097,-0.6921,-0.6921,-0.9313,0.000,42.7,34.8,0.76,0.000,0.00,-0.02,513
16.176,-5.59573,0.9,0.008,0.005,0.2097,-0.6919,-0.6919,-0.9313,0.000,42.7,34.7,0.75,0.000,0.00,0.02,513
16.207,-5.59571,0.9,0.008,0.003,0.2097,-0.6921,-0.6921,-0.9313,0.000,42.7,34.7,0.75,0.000,0.00,-0.02,513
16.238,-5.59570,0.9,0.008,0.005,0.2098,-0.6922,-0.6922,-0.9313,0.000,42.7,34.7,0.75,0.000,0.00,-0.04,513
16.268,-5.59571,0.9,0.008,0.004,0.2097,-0.6921,-0.6921,-0.9313,0.000,42.7,34.7,0.75,0.000,0.00,-0.03,513
16.300,-5.59571,0.9,0.008,0.000,0.2097,-0.6921,-0.6921,-0.9313,0.000,42.7,34.7,0.75,0.000,0.00,-0.00,513
16.330,-5.59571,0.9,0.008,-0.006,0.2097,-0.6920,-0.6920,-0.9313,0.000,42.7,34.7,0.73,0.000,0.00,0.02,513
16.361,-5.59572,0.9,0.008,0.002,0.2097,-0.6920,-0.6920,-0.9313,0.000,42.7,34.7,0.74,0.000,0.00,-0.01,513
16.392,-5.59571,0.9,0.008,0.002,0.2097,-0.6921,-0.6921,-0.9313,0.000,42.7,34.7,0.74,0.000,0.00,-0.02,513
16.422,-5.59571,0.9,0.008,-0.000,0.2097,-0.6921,-0.6921,-0.9313,0.000,42.7,34.7,0.73,0.000,0.00,0.01,513
16.454,-5.59572,0.9,0.008,0.001,0.2097,-0.6919,-0.6919,-0.9313,0.000,42.7,34.7,0.72,0.000,0.00,0.01,513
16.486,-5.59572,0.9,0.008,-0.000,0.2097,-0.6920,-0.6920,-0.9313,0.000,42.7,34.7,0.73,0.000,0.00,-0.01,513
16.518,-5.59573,0.9,0.008,0.003,0.2097,-0.6919,-0.6919,-0.9313,0.000,42.7,34.7,0.72,0.000,0.00,0.04,513
16.550,-5.59571,0.9,0.008,-0.002,0.2097,-0.6921,-0.6921,-0.9313,0.000,42.7,34.7,0.71,0.000,0.00,-0.03,513
16.582,-5.59571,0.9,0.008,0.002,0.2097,-0.6922,-0.6922,-0.9313,0.000,42.7,34.7,0.71,0.000,0.00,-0.02,513
16.614,-5.59572,0.9,0.008,0.007,0.2097,-0.6920,-0.6920,-0.9313,0.000,42.7,34.7,0.71,0.000,0.00,-0.02,513
16.645,-5.59572,0.9,0.008,0.000,0.2097,-0.6919,-0.6919,-0.9313,0.000,42.7,34.7,0.70,0.000,0.00,-0.00,513
16.676,-5.59572,0.9,0.008,-0.001,0.2097,-0.6920,-0.6920,-0.9313,0.000,42.7,34.7,0.70,0.000,0.00,0.02,513
16.707,-5.59570,0.9,0.008,-0.006,0.2098,-0.6922,-0.6922,-0.9313,0.000,42.7,34.7,0.70,0.000,0.00,0.03,513
16.738,-5.59572,0.9,0.008,0.004,0.2097,-0.6920,-0.6920,-0.9313,0.000,42.7,34.7,0.70,0.000,0.00,0.05,513
16.768,-5.59573,0.9,0.008,-0.005,0.2097,-0.6918,-0.6918,-0.9313,0.000,42.7,34.7,0.70,0.000,0.00,-0.00,513
16.799,-5.59570,0.9,0.008,-0.011,0.2098,-0.6922,-0.6922,-0.9313,0.000,42.7,34.7,0.69,0.000,0.00,-0.01,513
16.829,-5.59571,0.9,0.008,0.000,0.2097,-0.6921,-0.6921,-0.9313,0.000,42.7,34.7,0.69,0.000,0.00,-0.00,513
16.860,-5.59573,0.9,0.008,0.004,0.2097,-0.6919,-0.6919,-0.9313,0.000,42.7,34.7,0.69,0.000,0.00,0.05,513
16.890,-5.59573,0.9,0.008,0.007,0.2097,-0.6919,-0.6919,-0.9313,0.000,42.7,34.7,0.69,0.000,0.00,-0.03,513
16.921,-5.59573,0.9,0.008,-0.004,0.2097,-0.6919,-0.6919,-0.9313,0.000,42.7,34.7,0.69,0.000,0.00,-0.04,513
16.951,-5.59572,0.9,0.008,-0.006,0.2097,-0.6920,-0.6920,-0.9313,0.000,42.7,34.7,0.68,0.000,0.00,0.04,513
16.982,-5.59574,0.9,0.008,0.006,0.2096,-0.6917,-0.6917,-0.9313,0.000,42.7,34.6,0.68,0.000,0.00,0.02,513
17.012,-5.59573,0.9,0.008,0.001,0.2096,-0.6918,-0.6918,-0.9313,0.000,42.7,34.6,0.68,0.000,0.00,0.02,513
17.043,-5.59572,0.9,0.008,-0.004,0.2097,-0.6920,-0.6920,-0.9313,0.000,42.7,34.6,0.67,0.000,0.00,0.01,513
17.074,-5.59571,0.9,0.008,0.003,0.2097,-0.6922,-0.6922,-0.9313,0.000,42.7,34.6,0.67,0.000,0.00,-0.00,513
17.106,-5.59570,0.9,0.008,-0.002,0.2098,-0.6922,-0.6922,-0.9313,0.000,42.7,34.6,0.67,0.000,0.00,0.04,513
17.138,-5.59571,0.9,0.008,-0.008,0.2097,-0.6921,-0.6921,-0.9313,0.000,42.7,34.6,0.66,0.000,0.00,-0.00,513
17.169,-5.59572,0.9,0.008,-0.006,0.2097,-0.6920,-0.6920,-0.9313,0.000,42.6,34.6,0.66,0.000,0.00,0.01,513
17.200,-5.59572,0.9,0.008,-0.000,0.2097,-0.6920,-0.6920,-0.9313,0.000,42.6,34.6,0.66,0.000,0.00,0.06,513
17.230,-5.59571,0.9,0.008,0.003,0.2097,-0.6921,-0.6921,-0.9313,0.000,42.6,34.6,0.66,0.000,0.00,-0.01,513
17.260,-5.59573,0.9,0.008,-0.004,0.2096,-0.6918,-0.6918,-0.9313,0.000,42.6,34.6,0.65,0.000,0.00,0.01,513
17.291,-5.59571,0.9,0.008,0.003,0.2097,-0.6921,-0.6921,-0.9313,0.000,42.6,34.6,0.64,0.000,0.00,0.05,513
17.322,-5.59571,0.9,0.008,0.005,0.2097,-0.6921,-0.6921,-0.9313,0.000,42.6,34.6,0.65,0.000,0.00,0.01,513
17.352,-5.59571,0.9,0.008,0.003,0.2097,-0.6920,-0.6920,-0.9313,0.000,42.6,34.6,0.64,0.000,0.00,0.01,513
17.383,-5.59570,0.9,0.008,-0.011,0.2098,-0.6922,-0.6922,-0.9313,0.000,42.6,34.6,0.64,0.000,0.00,0.02,513
17.415,-5.59572,0.9,0.008,0.004,0.2097,-0.6920,-0.6920,-0.9313,0.000,42.6,34.6,0.65,0.000,0.00,-0.02,513
17.447,-5.59572,0.9,0.008,-0.001,0.2097,-0.6919,-0.6919,-0.9313,0.000,42.6,34.6,0.64,0.000,0.00,-0.02,513
17.478,-5.59571,0.9,0.008,0.003,0.2097,-0.6921,-0.6921,-0.9313,0.000,42.6,34.6,0.63,0.000,0.00,-0.03,513
17.508,-5.59574,0.9,0.008,0.008,0.2096,-0.6917,-0.6917,-0.9313,0.000,42.6,34.6,0.62,0.000,0.00,0.02,513
17.539,-5.59573,0.9,0.008,0.004,0.2096,-0.6918,-0.6918,-0.9313,0.000,42.6,34.6,0.62,0.000,0.00,-0.02,513
17.569,-5.59571,0.9,0.008,-0.000,0.2097,-0.6921,-0.6921,-0.9313,0.000,42.6,34.6,0.63,0.000,0.00,0.01,513
17.600,-5.59572,0.9,0.008,-0.006,0.2097,-0.6920,-0.6920,-0.9313,0.000,42.6,34.6,0.62,0.000,0.00,-0.02,513
17.630,-5.59571,0.9,0.008,-0.001,0.2097,-0.6921,-0.6921,-0.9313,0.000,42.6,34.6,0.62,0.000,0.00,-0.00,513
17.661,-5.59571,0.9,0.008,-0.006,0.2097,-0.6921,-0.6921,-0.9313,0.000,42.6,34.6,0.62,0.000,0.00,-0.03,513
17.692,-5.59572,0.9,0.008,0.002,0.2097,-0.6919,-0.6919,-0.9313,0.000,42.6,34.6,0.62,0.000,0.00,-0.03,513
17.724,-5.59570,0.9,0.008,0.002,0.2098,-0.6923,-0.6923,-0.9313,0.000,42.6,34.6,0.62,0.000,0.00,-0.00,513
17.756,-5.59572,0.9,0.008,-0.001,0.2097,-0.6920,-0.6920,-0.9313,0.000,42.6,34.6,0.61,0.000,0.00,-0.03,513
17.787,-5.59570,0.9,0.008,0.003,0.2098,-0.6922,-0.6922,-0.9313,0.000,42.6,34.6,0.60,0.000,0.00,-0.01,513
17.818,-5.59570,0.9,0.008,0.003,0.2098,-0.6922,-0.6922,-0.9313,0.000,42.6,34.5,0.61,0.000,0.00,-0.02,513
17.848,-5.59570,0.9,0.008,0.001,0.2098,-0.6922,-0.6922,-0.9313,0.000,42.6,34.5,0.60,0.000,0.00,-0.02,513
17.878,-5.59571,0.9,0.008,-0.001,0.2097,-0.6921,-0.6921,-0.9313,0.000,42.6,34.5,0.60,0.000,0.00,0.01,513
17.909,-5.59572,0.9,0.008,0.003,0.2097,-0.6920,-0.6920,-0.9313,0.000,42.6,34.5,0.60,0.000,0.00,-0.03,513
17.939,-5.59571,0.9,0.008,-0.015,0.2097,-0.6921,-0.6921,-0.9313,0.000,42.6,34.5,0.60,0.000,0.00,0.03,513
17.970,-5.59571,0.9,0.008,0.003,0.2097,-0.6921,-0.6921,-0.9313,0.000,42.6,34.5,0.59,0.000,0.00,-0.02,513
18.001,-5.59571,0.9,0.008,-0.003,0.2097,-0.6921,-0.6921,-0.9313,0.000,42.6,34.5,0.59,0.000,0.00,0.00,513
18.033,-5.59571,0.9,0.008,0.004,0.2097,-0.6921,-0.6921,-0.9313,0.000,42.6,34.5,0.59,0.000,0.00,-0.03,513
18.064,-5.59571,0.9,0.008,-0.003,0.2097,-0.6921,-0.6921,-0.9313,0.000,42.6,34.5,0.59,0.000,0.00,0.07,513
18.096,-5.59571,0.9,0.008,-0.006,0.2097,-0.6921,-0.6921,-0.9313,0.000,42.6,34.5,0.58,0.000,0.00,-0.03,513
18.126,-5.59572,0.9,0.008,0.003,0.2097,-0.6920,-0.6920,-0.9313,0.000,42.6,34.5,0.58,0.000,0.00,0.02,513
18.157,-5.59572,0.9,0.008,-0.002,0.2097,-0.6919,-0.6919,-0.9313,0.000,42.6,34.5,0.58,0.000,0.00,-0.00,513
18.187,-5.59571,0.9,0.008,-0.006,0.2097,-0.6921,-0.6921,-0.9313,0.000,42.6,34.5,0.57,0.000,0.00,-0.01,513
18.218,-5.59574,0.9,0.008,0.003,0.2096,-0.6917,-0.6917,-0.9313,0.000,42.6,34.5,0.58,0.000,0.00,-0.01,513
18.249,-5.59571,0.9,0.008,-0.010,0.2097,-0.6922,-0.6922,-0.9313,0.000,42.6,34.5,0.58,0.000,0.00,-0.02,513
18.279,-5.59572,0.9,0.008,0.005,0.2097,-0.6920,-0.6920,-0.9313,0.000,42.6,34.5,0.57,0.000,0.00,-0.01,513
18.311,-5.59571,0.9,0.008,0.001,0.2097,-0.6921,-0.6921,-0.9313,0.000,42.6,34.5,0.57,0.000,0.00,-0.03,513
18.343,-5.59571,0.9,0.008,-0.002,0.2097,-0.6922,-0.6922,-0.9313,0.000,42.6,34.5,0.56,0.000,0.00,-0.01,513
18.375,-5.59570,0.9,0.008,0.002,0.2098,-0.6922,-0.6922,-0.9313,0.000,42.6,34.5,0.56,0.000,0.00,-0.01,513
18.407,-5.59572,0.9,0.008,0.003,0.2097,-0.6920,-0.6920,-0.9313,0.000,42.6,34.5,0.56,0.000,0.00,0.02,513
18.438,-5.59571,0.9,0.008,0.004,0.2097,-0.6921,-0.6921,-0.9313,0.000,42.6,34.5,0.56,0.000,0.00,-0.02,513
18.468,-5.59571,0.9,0.008,-0.007,0.2097,-0.6921,-0.6921,-0.9313,0.000,42.6,34.5,0.56,0.000,0.00,-0.01,513
18.499,-5.59570,0.9,0.008,0.001,0.2098,-0.6922,-0.6922,-0.9313,0.000,42.6,34.5,0.56,0.000,0.00,-0.02,513
18.530,-5.59571,0.9,0.008,0.000,0.2097,-0.6921,-0.6921,-0.9313,0.000,42.6,34.5,0.56,0.000,0.00,-0.02,513
18.561,-5.59570,0.9,0.008,-0.007,0.2098,-0.6922,-0.6922,-0.9313,0.000,42.6,34.5,0.55,0.000,0.00,-0.02,513
18.592,-5.59571,0.9,0.008,-0.008,0.2097,-0.6921,-0.6921,-0.9313,0.000,42.6,34.5,0.55,0.000,0.00,-0.01,513
18.623,-5.59572,0.9,0.008,0.004,0.2097,-0.6920,-0.6920,-0.9313,0.000,42.6,34.5,0.54,0.000,0.00,-0.03,513
18.654,-5.59571,0.9,0.008,-0.005,0.2097,-0.6921,-0.6921,-0.9313,0.000,42.6,34.5,0.54,0.000,0.00,-0.02,513
18.684,-5.59570,0.9,0.008,-0.002,0.2098,-0.6922,-0.6922,-0.9313,0.000,42.6,34.5,0.54,0.000,0.00,-0.02,513
18.715,-5.59571,0.9,0.008,0.003,0.2097,-0.6921,-0.6921,-0.9313,0.000,42.5,34.4,0.54,0.000,0.00,-0.01,513
18.745,-5.59571,0.9,0.008,-0.001,0.2097,-0.6921,-0.6921,-0.9313,0.000,42.5,34.4,0.54,0.000,0.00,-0.01,513
18.776,-5.59573,0.9,0.008,0.001,0.2096,-0.6918,-0.6918,-0.9313,0.000,42.5,34.4,0.53,0.000,0.00,-0.00,513
18.806,-5.59571,0.9,0.008,0.005,0.2097,-0.6921,-0.6921,-0.9313,0.000,42.5,34.4,0.53,0.000,0.00,0.03,513
18.837,-5.59570,0.9,0.008,-0.009,0.2098,-0.6922,-0.6922,-0.9313,0.000,42.5,34.4,0.53,0.000,0.00,0.06,513
18.867,-5.59571,0.9,0.008,0.006,0.2097,-0.6921,-0.6921,-0.9313,0.000,42.5,34.4,0.52,0.000,0.00,0.00,513
18.898,-5.59571,0.9,0.008,0.005,0.2097,-0.6921,-0.6921,-0.9313,0.000,42.5,34.4,0.52,0.000,0.00,-0.02,513
18.930,-5.59573,0.9,0.008,-0.009,0.2096,-0.6918,-0.6918,-0.9313,0.000,42.5,34.4,0.52,0.000,0.00,-0.03,513
18.962,-5.59571,0.9,0.008,0.006,0.2097,-0.6921,-0.6921,-0.9313,0.000,42.5,34.4,0.52,0.000,0.00,-0.02,513
18.994,-5.59570,0.9,0.008,0.002,0.2098,-0.6922,-0.6922,-0.9313,0.000,42.5,34.4,0.52,0.000,0.00,0.05,513
19.025,-5.59571,0.9,0.008,0.005,0.2097,-0.6921,-0.6921,-0.9313,0.000,42.5,34.4,0.51,0.000,0.00,-0.02,513
19.055,-5.59570,0.9,0.008,0.002,0.2098,-0.6922,-0.6922,-0.9313,0.000,42.5,34.4,0.51,0.000,0.00,-0.01,513
19.085,-5.59571,0.9,0.008,0.005,0.2097,-0.6921,-0.6921,-0.9313,0.000,42.5,34.4,0.51,0.000,0.00,0.02,513
19.116,-5.59570,0.9,0.008,-0.008,0.2098,-0.6922,-0.6922,-0.9313,0.000,42.5,34.4,0.51,0.000,0.00,0.00,513
19.146,-5.59571,0.9,0.008,0.004,0.2097,-0.6922,-0.6922,-0.9313,0.000,42.5,34.4,0.52,0.000,0.00,0.02,513
19.176,-5.59570,0.9,0.008,-0.000,0.2098,-0.6922,-0.6922,-0.9313,0.000,42.5,34.4,0.51,0.000,0.00,0.03,513
19.207,-5.59570,0.9,0.008,0.002,0.2098,-0.6922,-0.6922,-0.9313,0.000,42.5,34.4,0.51,0.000,0.00,-0.01,513
19.239,-5.59571,0.9,0.008,0.004,0.2097,-0.6921,-0.6921,-0.9313,0.000,42.5,34.4,0.50,0.000,0.00,-0.01,513
19.271,-5.59572,0.9,0.008,0.000,0.2097,-0.6920,-0.6920,-0.9313,0.000,42.5,34.4,0.50,0.000,0.00,0.00,513
19.302,-5.59570,0.9,0.008,-0.008,0.2098,-0.6922,-0.6922,-0.9313,0.000,42.5,34.4,0.50,0.000,0.00,-0.00,513
19.332,-5.59570,0.9,0.008,0.003,0.2098,-0.6922,-0.6922,-0.9313,0.000,42.5,34.4,0.50,0.000,0.00,-0.02,513
19.363,-5.59571,0.9,0.008,0.002,0.2097,-0.6921,-0.6921,-0.9313,0.000,42.5,34.4,0.49,0.000,0.00,-0.03,513
19.394,-5.59571,0.9,0.008,0.005,0.2097,-0.6922,-0.6922,-0.9313,0.000,42.5,34.4,0.49,0.000,0.00,0.02,513
19.424,-5.59572,0.9,0.008,0.002,0.2097,-0.6920,-0.6920,-0.9313,0.000,42.5,34.4,0.49,0.000,0.00,-0.03,513
19.454,-5.59570,0.9,0.008,0.001,0.2098,-0.6922,-0.6922,-0.9313,0.000,42.5,34.4,0.49,0.000,0.00,-0.01,513
19.485,-5.59571,0.9,0.008,0.003,0.2097,-0.6922,-0.6922,-0.9313,0.000,42.5,34.4,0.49,0.000,0.00,0.01,513
19.515,-5.59570,0.9,0.008,0.001,0.2098,-0.6922,-0.6922,-0.9313,0.000,42.5,34.4,0.48,0.000,0.00,-0.01,513
19.546,-5.59570,0.9,0.008,0.001,0.2098,-0.6922,-0.6922,-0.9313,0.000,42.5,34.4,0.48,0.000,0.00,-0.01,513
19.577,-5.59573,0.9,0.008,0.002,0.2097,-0.6919,-0.6919,-0.9313,0.000,42.5,34.4,0.47,0.000,0.00,0.00,513
19.607,-5.59569,1.0,0.008,0.002,0.2098,-0.6924,-0.6924,-0.9313,0.000,42.5,34.4,0.48,0.000,0.00,-0.02,513
19.638,-5.59571,0.9,0.008,0.000,0.2097,-0.6921,-0.6921,-0.9313,0.000,42.5,34.4,0.48,0.000,0.00,-0.00,513
19.668,-5.59571,0.9,0.008,-0.004,0.2097,-0.6922,-0.6922,-0.9313,0.000,42.5,34.3,0.48,0.000,0.00,-0.03,513
19.699,-5.59570,0.9,0.008,0.001,0.2098,-0.6922,-0.6922,-0.9313,0.000,42.5,34.3,0.47,0.000,0.00,0.01,513
19.729,-5.59571,0.9,0.008,0.002,0.2097,-0.6921,-0.6921,-0.9313,0.000,42.5,34.3,0.47,0.000,0.00,0.01,513
19.760,-5.59571,0.9,0.008,0.004,0.2097,-0.6921,-0.6921,-0.9313,0.000,42.5,34.3,0.47,0.000,0.00,0.01,513
19.790,-5.59573,0.9,0.008,0.006,0.2097,-0.6919,-0.6919,-0.9313,0.000,42.5,34.3,0.47,0.000,0.00,0.04,513
19.821,-5.59571,0.9,0.008,-0.000,0.2097,-0.6921,-0.6921,-0.9313,0.000,42.5,34.3,0.47,0.000,0.00,-0.00,513
19.852,-5.59570,0.9,0.008,-0.009,0.2098,-0.6922,-0.6922,-0.9313,0.000,42.5,34.3,0.46,0.000,0.00,-0.03,513
19.882,-5.59573,0.9,0.008,-0.002,0.2097,-0.6919,-0.6919,-0.9313,0.000,42.5,34.3,0.46,0.000,0.00,0.01,513
19.913,-5.59570,0.9,0.008,0.002,0.2098,-0.6922,-0.6922,-0.9313,0.000,42.5,34.3,0.45,0.000,0.00,0.03,513
19.944,-5.59570,0.9,0.008,-0.003,0.2098,-0.6922,-0.6922,-0.9313,0.000,42.5,34.3,0.46,0.000,0.00,0.02,513
19.976,-5.59570,0.9,0.008,-0.002,0.2098,-0.6922,-0.6922,-0.9313,0.000,42.5,34.3,0.46,0.000,0.00,0.01,513
20.008,-5.59570,0.9,0.008,-0.006,0.2098,-0.6922,-0.6922,-0.9313,0.000,42.5,34.3,0.45,0.000,0.00,0.05,513
20.039,-5.59570,0.9,0.008,-0.001,0.2098,-0.6922,-0.6922,-0.9313,0.000,42.5,34.3,0.45,0.000,0.00,-0.02,513
20.070,-5.59570,0.9,0.008,0.003,0.2098,-0.6922,-0.6922,-0.9313,0.000,42.5,34.3,0.46,0.000,0.00,-0.01,513
20.100,-5.59571,0.9,0.008,-0.003,0.2097,-0.6921,-0.6921,-0.9313,0.000,42.4,34.3,0.45,0.000,0.00,0.01,513
20.131,-5.59571,0.9,0.008,-0.005,0.2097,-0.6921,-0.6921,-0.9313,0.000,42.4,34.3,0.45,0.000,0.00,-0.02,513
20.162,-5.59571,0.9,0.008,0.003,0.2097,-0.6921,-0.6921,-0.9313,0.000,42.4,34.3,0.45,0.000,0.00,-0.03,513
20.192,-5.59570,0.9,0.008,0.000,0.2098,-0.6922,-0.6922,-0.9313,0.000,42.4,34.3,0.44,0.000,0.00,-0.03,513
20.223,-5.59571,0.9,0.008,-0.003,0.2097,-0.6922,-0.6922,-0.9313,0.000,42.4,34.3,0.44,0.000,0.00,-0.00,513
20.253,-5.59570,0.9,0.008,0.003,0.2098,-0.6922,-0.6922,-0.9313,0.000,42.4,34.3,0.44,0.000,0.00,-0.03,513
20.284,-5.59572,0.9,0.008,0.003,0.2097,-0.6920,-0.6920,-0.9313,0.000,42.4,34.3,0.43,0.000,0.00,-0.01,513
20.314,-5.59571,0.9,0.008,0.002,0.2097,-0.6921,-0.6921,-0.9313,0.000,42.4,34.3,0.44,0.000,0.00,-0.00,513
20.346,-5.59573,0.9,0.008,-0.006,0.2097,-0.6919,-0.6919,-0.9313,0.000,42.4,34.3,0.43,0.000,0.00,0.01,513
20.378,-5.59571,0.9,0.008,0.002,0.2097,-0.6921,-0.6921,-0.9313,0.000,42.4,34.3,0.43,0.000,0.00,-0.01,513
20.410,-5.59571,0.9,0.008,0.004,0.2097,-0.6921,-0.6921,-0.9313,0.000,42.4,34.3,0.43,0.000,0.00,-0.01,513
20.441,-5.59570,0.9,0.008,-0.005,0.2098,-0.6922,-0.6922,-0.9313,0.000,42.4,34.3,0.43,0.000,0.00,-0.00,513
20.472,-5.59573,0.9,0.008,-0.004,0.2096,-0.6918,-0.6918,-0.9313,0.000,42.4,34.3,0.43,0.000,0.00,-0.02,513
20.503,-5.59570,0.9,0.008,-0.001,0.2098,-0.6922,-0.6922,-0.9313,0.000,42.4,34.3,0.42,0.000,0.00,0.01,513
20.533,-5.59571,0.9,0.008,-0.002,0.2097,-0.6921,-0.6921,-0.9313,0.000,42.4,34.3,0.43,0.000,0.00,-0.01,513
20.565,-5.59573,0.9,0.008,0.005,0.2096,-0.6918,-0.6918,-0.9313,0.000,42.4,34.3,0.42,0.000,0.00,-0.01,513
20.595,-5.59572,0.9,0.008,0.003,0.2097,-0.6920,-0.6920,-0.9313,0.000,42.4,34.3,0.42,0.000,0.00,-0.02,513
20.625,-5.59571,0.9,0.008,-0.005,0.2097,-0.6922,-0.6922,-0.9313,0.000,42.4,34.3,0.42,0.000,0.00,0.05,513
20.657,-5.59572,0.9,0.008,-0.003,0.2097,-0.6919,-0.6919,-0.9313,0.000,42.4,34.3,0.42,0.000,0.00,-0.02,513
20.689,-5.59570,0.9,0.008,0.002,0.2098,-0.6922,-0.6922,-0.9313,0.000,42.4,34.2,0.42,0.000,0.00,0.02,513
20.721,-5.59572,0.9,0.008,-0.005,0.2097,-0.6920,-0.6920,-0.9313,0.000,42.4,34.2,0.41,0.000,0.00,-0.02,513
20.752,-5.59572,0.9,0.008,0.003,0.2097,-0.6920,-0.6920,-0.9313,0.000,42.4,34.2,0.41,0.000,0.00,0.01,513
20.783,-5.59572,0.9,0.008,0.004,0.2097,-0.6920,-0.6920,-0.9313,0.000,42.4,34.2,0.42,0.000,0.00,-0.02,513
20.814,-5.59572,0.9,0.008,0.003,0.2097,-0.6920,-0.6920,-0.9313,0.000,42.4,34.2,0.42,0.000,0.00,-0.02,513
20.844,-5.59570,0.9,0.008,0.002,0.2098,-0.6922,-0.6922,-0.9313,0.000,42.4,34.2,0.42,0.000,0.00,-0.01,513
20.874,-5.59570,0.9,0.008,-0.001,0.2098,-0.6922,-0.6922,-0.9313,0.000,42.4,34.2,0.41,0.000,0.00,-0.01,513
20.905,-5.59571,0.9,0.008,0.002,0.2097,-0.6921,-0.6921,-0.9313,0.000,42.4,34.2,0.40,0.000,0.00,0.02,513
20.936,-5.59571,0.9,0.008,-0.002,0.2097,-0.6921,-0.6921,-0.9313,0.000,42.4,34.2,0.41,0.000,0.00,-0.02,513
20.968,-5.59570,0.9,0.008,0.001,0.2098,-0.6922,-0.6922,-0.9313,0.000,42.4,34.2,0.41,0.000,0.00,0.02,513
21.000,-5.59570,0.9,0.008,-0.000,0.2098,-0.6922,-0.6922,-0.9313,0.000,42.4,34.2,0.40,0.000,0.00,0.04,513
21.033,-5.59571,0.9,0.008,0.003,0.2097,-0.6920,-0.6920,-0.9313,0.000,42.4,34.2,0.39,0.000,0.00,-0.01,513
21.064,-5.59571,0.9,0.008,0.002,0.2097,-0.6921,-0.6921,-0.9313,0.000,42.4,34.2,0.39,0.000,0.00,0.03,513
21.094,-5.59572,0.9,0.008,0.002,0.2097,-0.6920,-0.6920,-0.9313,0.000,42.4,34.2,0.39,0.000,0.00,-0.01,513
21.125,-5.59572,0.9,0.008,0.002,0.2097,-0.6920,-0.6920,-0.9313,0.000,42.4,34.2,0.39,0.000,0.00,-0.01,513
21.155,-5.59570,0.9,0.008,0.004,0.2098,-0.6922,-0.6922,-0.9313,0.000,42.4,34.2,0.40,0.000,0.00,0.02,513
21.186,-5.59570,0.9,0.008,-0.004,0.2098,-0.6923,-0.6923,-0.9313,0.000,42.4,34.2,0.40,0.000,0.00,-0.02,513
21.216,-5.59570,0.9,0.008,0.000,0.2098,-0.6922,-0.6922,-0.9313,0.000,42.4,34.2,0.39,0.000,0.00,0.02,513
21.248,-5.59571,0.9,0.008,0.000,0.2097,-0.6921,-0.6921,-0.9313,0.000,42.4,34.2,0.39,0.000,0.00,0.02,513
21.279,-5.59571,0.9,0.008,-0.003,0.2097,-0.6921,-0.6921,-0.9313,0.000,42.4,34.2,0.39,0.000,0.00,0.01,513
21.311,-5.59571,0.9,0.008,0.003,0.2097,-0.6921,-0.6921,-0.9313,0.000,42.4,34.2,0.39,0.000,0.00,0.02,513
21.342,-5.59570,0.9,0.008,0.002,0.2098,-0.6922,-0.6922,-0.9313,0.000,42.4,34.2,0.38,0.000,0.00,-0.02,513
21.374,-5.59571,0.9,0.008,0.004,0.2097,-0.6921,-0.6921,-0.9313,0.000,42.4,34.2,0.39,0.000,0.00,0.02,513
21.404,-5.59571,0.9,0.008,0.003,0.2097,-0.6921,-0.6921,-0.9313,0.000,42.3,34.2,0.38,0.000,0.00,-0.01,513
21.435,-5.59572,0.9,0.008,-0.007,0.2097,-0.6920,-0.6920,-0.9313,0.000,42.3,34.2,0.37,0.000,0.00,-0.01,513
21.465,-5.59571,0.9,0.008,0.002,0.2097,-0.6921,-0.6921,-0.9313,0.000,42.3,34.2,0.38,0.000,0.00,-0.01,513
21.496,-5.59570,0.9,0.008,0.001,0.2098,-0.6922,-0.6922,-0.9313,0.000,42.3,34.2,0.38,0.000,0.00,-0.01,513
21.529,-5.59572,0.9,0.008,-0.005,0.2097,-0.6920,-0.6920,-0.9313,0.000,42.3,34.2,0.37,0.000,0.00,-0.02,513
21.559,-5.59571,0.9,0.008,0.003,0.2097,-0.6921,-0.6921,-0.9313,0.000,42.3,34.2,0.38,0.000,0.00,-0.00,513
21.591,-5.59571,0.9,0.008,0.000,0.2097,-0.6921,-0.6921,-0.9313,0.000,42.3,34.2,0.37,0.000,0.00,0.01,513
21.623,-5.59571,0.9,0.008,0.002,0.2097,-0.6920,-0.6920,-0.9313,0.000,42.3,34.2,0.37,0.000,0.00,-0.02,513
21.655,-5.59571,0.9,0.008,0.004,0.2097,-0.6921,-0.6921,-0.9313,0.000,42.3,34.2,0.37,0.000,0.00,-0.00,513
21.687,-5.59570,0.9,0.008,-0.007,0.2098,-0.6922,-0.6922,-0.9313,0.000,42.3,34.2,0.38,0.000,0.00,-0.01,513
21.718,-5.59571,0.9,0.008,-0.011,0.2097,-0.6921,-0.6921,-0.9313,0.000,42.3,34.2,0.37,0.000,0.00,0.04,513
21.750,-5.59572,0.9,0.008,0.003,0.2097,-0.6920,-0.6920,-0.9313,0.000,42.3,34.1,0.37,0.000,0.00,0.04,513
21.782,-5.59570,0.9,0.008,-0.008,0.2098,-0.6922,-0.6922,-0.9313,0.000,42.3,34.1,0.37,0.000,0.00,-0.00,513
21.812,-5.59571,0.9,0.008,0.003,0.2097,-0.6921,-0.6921,-0.9313,0.000,42.3,34.1,0.35,0.000,0.00,0.02,513
21.843,-5.59572,0.9,0.008,0.003,0.2097,-0.6920,-0.6920,-0.9313,0.000,42.3,34.1,0.35,0.000,0.00,0.01,513
21.873,-5.59571,0.9,0.008,0.003,0.2097,-0.6921,-0.6921,-0.9313,0.000,42.3,34.1,0.36,0.000,0.00,0.00,513
21.904,-5.59571,0.9,0.008,0.002,0.2097,-0.6922,-0.6922,-0.9313,0.000,42.3,34.1,0.36,0.000,0.00,0.02,513
21.934,-5.59571,0.9,0.008,0.000,0.2097,-0.6922,-0.6922,-0.9313,0.000,42.3,34.1,0.36,0.000,0.00,-0.01,513
21.965,-5.59570,0.9,0.008,0.001,0.2098,-0.6922,-0.6922,-0.9313,0.000,42.3,34.1,0.35,0.000,0.00,0.02,513
21.996,-5.59571,0.9,0.008,0.004,0.2097,-0.6921,-0.6921,-0.9313,0.000,42.3,34.1,0.35,0.000,0.00,0.01,513
22.029,-5.59570,0.9,0.008,0.002,0.2098,-0.6922,-0.6922,-0.9313,0.000,42.3,34.1,0.35,0.000,0.00,0.00,513
22.061,-5.59572,0.9,0.008,-0.003,0.2097,-0.6920,-0.6920,-0.9313,0.000,42.3,34.1,0.35,0.000,0.00,-0.02,513
22.092,-5.59572,0.9,0.008,-0.001,0.2097,-0.6920,-0.6920,-0.9313,0.000,42.3,34.1,0.35,0.000,0.00,0.00,513
22.122,-5.59570,0.9,0.008,-0.006,0.2098,-0.6922,-0.6922,-0.9313,0.000,42.3,34.1,0.34,0.000,0.00,-0.01,513
22.153,-5.59572,0.9,0.008,0.000,0.2097,-0.6920,-0.6920,-0.9313,0.000,42.3,34.1,0.34,0.000,0.00,0.00,513
22.184,-5.59572,0.9,0.008,0.003,0.2097,-0.6919,-0.6919,-0.9313,0.000,42.3,34.1,0.34,0.000,0.00,-0.00,513
22.214,-5.59571,0.9,0.008,0.003,0.2097,-0.6920,-0.6920,-0.9313,0.000,42.3,34.1,0.35,0.000,0.00,0.04,513
22.245,-5.59570,0.9,0.008,-0.007,0.2098,-0.6922,-0.6922,-0.9313,0.000,42.3,34.1,0.34,0.000,0.00,-0.01,513
22.276,-5.59572,0.9,0.008,0.004,0.2097,-0.6920,-0.6920,-0.9313,0.000,42.3,34.1,0.34,0.000,0.00,-0.00,513
22.306,-5.59572,0.9,0.008,0.001,0.2097,-0.6920,-0.6920,-0.9313,0.000,42.3,34.1,0.35,0.000,0.00,-0.01,513
22.337,-5.59571,0.9,0.008,0.003,0.2097,-0.6920,-0.6920,-0.9313,0.000,42.3,34.1,0.34,0.000,0.00,-0.03,513
22.368,-5.59571,0.9,0.008,0.004,0.2097,-0.6921,-0.6921,-0.9313,0.000,42.3,34.1,0.34,0.000,0.00,-0.02,513
22.398,-5.59572,0.9,0.008,-0.002,0.2097,-0.6919,-0.6919,-0.9313,0.000,42.3,34.1,0.33,0.000,0.00,-0.02,513
22.428,-5.59571,0.9,0.008,0.002,0.2097,-0.6921,-0.6921,-0.9313,0.000,42.3,34.1,0.33,0.000,0.00,0.02,513
22.459,-5.59571,0.9,0.008,0.002,0.2097,-0.6921,-0.6921,-0.9313,0.000,42.3,34.1,0.32,0.000,0.00,0.03,513
22.489,-5.59570,0.9,0.008,-0.002,0.2098,-0.6922,-0.6922,-0.9313,0.000,42.3,34.1,0.33,0.000,0.00,0.00,513
22.519,-5.59572,0.9,0.008,0.003,0.2097,-0.6920,-0.6920,-0.9313,0.000,42.3,34.1,0.34,0.000,0.00,-0.01,513
22.551,-5.59572,0.9,0.008,-0.006,0.2097,-0.6920,-0.6920,-0.9313,0.000,42.3,34.1,0.33,0.000,0.00,-0.00,513
22.581,-5.59570,0.9,0.008,0.001,0.2098,-0.6922,-0.6922,-0.9313,0.000,42.3,34.1,0.33,0.000,0.00,-0.01,513
22.612,-5.59571,0.9,0.008,0.003,0.2097,-0.6921,-0.6921,-0.9313,0.000,42.3,34.1,0.32,0.000,0.00,-0.01,513
22.642,-5.59570,0.9,0.008,-0.007,0.2098,-0.6922,-0.6922,-0.9313,0.000,42.3,34.1,0.33,0.000,0.00,-0.02,513
22.673,-5.59571,0.9,0.008,0.003,0.2097,-0.6921,-0.6921,-0.9313,0.000,42.3,34.1,0.32,0.000,0.00,-0.02,513
22.703,-5.59571,0.9,0.008,0.004,0.2097,-0.6921,-0.6921,-0.9313,0.000,42.3,34.1,0.32,0.000,0.00,-0.01,513
22.734,-5.59572,0.9,0.008,0.002,0.2097,-0.6920,-0.6920,-0.9313,0.000,42.2,34.1,0.32,0.000,0.00,0.01,513
22.764,-5.59570,0.9,0.008,0.001,0.2098,-0.6922,-0.6922,-0.9313,0.000,42.2,34.1,0.32,0.000,0.00,-0.02,513
22.795,-5.59570,0.9,0.008,-0.002,0.2098,-0.6922,-0.6922,-0.9313,0.000,42.2,34.1,0.32,0.000,0.00,-0.01,513
22.826,-5.59571,0.9,0.008,0.003,0.2097,-0.6921,-0.6921,-0.9313,0.000,42.2,34.1,0.31,0.000,0.00,-0.01,513
22.856,-5.59570,0.9,0.008,-0.002,0.2098,-0.6922,-0.6922,-0.9313,0.000,42.2,34.0,0.32,0.000,0.00,-0.00,513
22.887,-5.59571,0.9,0.008,0.005,0.2097,-0.6921,-0.6921,-0.9313,0.000,42.2,34.0,0.32,0.000,0.00,-0.02,513
22.917,-5.59570,0.9,0.008,0.002,0.2098,-0.6922,-0.6922,-0.9313,0.000,42.2,34.0,0.32,0.000,0.00,-0.01,513
22.947,-5.59571,0.9,0.008,0.004,0.2097,-0.6922,-0.6922,-0.9313,0.000,42.2,34.0,0.31,0.000,0.00,0.02,513
22.978,-5.59571,0.9,0.008,0.002,0.2097,-0.6921,-0.6921,-0.9313,0.000,42.2,34.0,0.31,0.000,0.00,-0.00,513
23.008,-5.59571,0.9,0.008,-0.002,0.2097,-0.6922,-0.6922,-0.9313,0.000,42.2,34.0,0.32,0.000,0.00,-0.01,513
23.038,-5.59570,0.9,0.008,0.000,0.2098,-0.6922,-0.6922,-0.9313,0.000,42.2,34.0,0.31,0.000,0.00,-0.01,513
23.069,-5.59571,0.9,0.008,0.004,0.2097,-0.6921,-0.6921,-0.9313,0.000,42.2,34.0,0.31,0.000,0.00,-0.01,513
23.099,-5.59571,0.9,0.008,0.002,0.2097,-0.6921,-0.6921,-0.9313,0.000,42.2,34.0,0.31,0.000,0.00,-0.01,513
23.129,-5.59570,0.9,0.008,0.001,0.2098,-0.6922,-0.6922,-0.9313,0.000,42.2,34.0,0.31,0.000,0.00,0.01,513
23.160,-5.59572,0.9,0.008,-0.002,0.2097,-0.6920,-0.6920,-0.9313,0.000,42.2,34.0,0.30,0.000,0.00,-0.03,513
23.190,-5.59570,0.9,0.008,-0.006,0.2098,-0.6922,-0.6922,-0.9313,0.000,42.2,34.0,0.30,0.000,0.00,0.01,513
23.221,-5.59570,0.9,0.008,-0.002,0.2098,-0.6922,-0.6922,-0.9313,0.000,42.2,34.0,0.30,0.000,0.00,-0.01,513
23.252,-5.59571,0.9,0.008,-0.006,0.2097,-0.6921,-0.6921,-0.9313,0.000,42.2,34.0,0.30,0.000,0.00,0.02,513
23.283,-5.59570,0.9,0.008,-0.006,0.2098,-0.6922,-0.6922,-0.9313,0.000,42.2,34.0,0.30,0.000,0.00,-0.01,513
23.314,-5.59572,0.9,0.008,0.002,0.2097,-0.6920,-0.6920,-0.9313,0.000,42.2,34.0,0.30,0.000,0.00,0.02,513
23.345,-5.59572,0.9,0.008,-0.003,0.2097,-0.6920,-0.6920,-0.9313,0.000,42.2,34.0,0.30,0.000,0.00,-0.01,513
23.376,-5.59572,0.9,0.008,-0.003,0.2097,-0.6919,-0.6919,-0.9313,0.000,42.2,34.0,0.29,0.000,0.00,0.01,513
23.406,-5.59570,0.9,0.008,-0.008,0.2098,-0.6922,-0.6922,-0.9313,0.000,42.2,34.0,0.30,0.000,0.00,-0.02,513
23.437,-5.59570,0.9,0.008,-0.000,0.2098,-0.6922,-0.6922,-0.9313,0.000,42.2,34.0,0.29,0.000,0.00,-0.02,513
23.467,-5.59572,0.9,0.008,0.004,0.2097,-0.6920,-0.6920,-0.9313,0.000,42.2,34.0,0.30,0.000,0.00,-0.02,513
23.498,-5.59571,0.9,0.008,0.001,0.2097,-0.6921,-0.6921,-0.9313,0.000,42.2,34.0,0.29,0.000,0.00,0.00,513
23.529,-5.59570,0.9,0.008,0.002,0.2098,-0.6922,-0.6922,-0.9313,0.000,42.2,34.0,0.28,0.000,0.00,-0.01,513
23.560,-5.59570,0.9,0.008,-0.000,0.2098,-0.6922,-0.6922,-0.9313,0.000,42.2,34.0,0.29,0.000,0.00,-0.01,513
23.592,-5.59570,0.9,0.008,-0.005,0.2098,-0.6922,-0.6922,-0.9313,0.000,42.2,34.0,0.29,0.000,0.00,-0.04,513
23.622,-5.59571,0.9,0.008,0.002,0.2097,-0.6921,-0.6921,-0.9313,0.000,42.2,34.0,0.29,0.000,0.00,-0.02,513
23.653,-5.59572,0.9,0.008,-0.000,0.2097,-0.6920,-0.6920,-0.9313,0.000,42.2,34.0,0.29,0.000,0.00,-0.01,513
23.684,-5.59572,0.9,0.008,0.002,0.2097,-0.6919,-0.6919,-0.9313,0.000,42.2,34.0,0.29,0.000,0.00,-0.02,513
23.714,-5.59571,0.9,0.008,0.002,0.2097,-0.6921,-0.6921,-0.9313,0.000,42.2,34.0,0.28,0.000,0.00,-0.01,513
23.744,-5.59571,0.9,0.008,-0.005,0.2097,-0.6922,-0.6922,-0.9313,0.000,42.2,34.0,0.29,0.000,0.00,-0.01,513
23.775,-5.59570,0.9,0.008,0.002,0.2098,-0.6922,-0.6922,-0.9313,0.000,42.2,34.0,0.29,0.000,0.00,-0.01,513
23.805,-5.59570,0.9,0.008,0.001,0.2098,-0.6922,-0.6922,-0.9313,0.000,42.2,34.0,0.28,0.000,0.00,0.03,513
23.837,-5.59573,0.9,0.008,0.002,0.2096,-0.6918,-0.6918,-0.9313,0.000,42.2,34.0,0.28,0.000,0.00,-0.00,513
23.869,-5.59573,0.9,0.008,0.005,0.2096,-0.6918,-0.6918,-0.9313,0.000,42.2,34.0,0.29,0.000,0.00,-0.01,513
23.901,-5.59573,0.9,0.008,0.002,0.2096,-0.6918,-0.6918,-0.9313,0.000,42.2,34.0,0.28,0.000,0.00,-0.01,513
23.932,-5.59571,0.9,0.008,0.001,0.2097,-0.6922,-0.6922,-0.9313,0.000,42.2,34.0,0.28,0.000,0.00,-0.01,513
23.962,-5.59570,0.9,0.008,0.005,0.2098,-0.6922,-0.6922,-0.9313,0.000,42.2,34.0,0.28,0.000,0.00,-0.02,513
23.993,-5.59570,0.9,0.008,-0.001,0.2098,-0.6922,-0.6922,-0.9313,0.000,42.1,34.0,0.28,0.000,0.00,-0.01,513
24.023,-5.59571,0.9,0.008,0.001,0.2097,-0.6921,-0.6921,-0.9313,0.000,42.1,34.0,0.28,0.000,0.00,0.00,513
24.054,-5.59572,0.9,0.008,0.002,0.2097,-0.6920,-0.6920,-0.9313,0.000,42.1,34.0,0.28,0.000,0.00,-0.03,513
24.084,-5.59572,0.9,0.008,0.002,0.2097,-0.6919,-0.6919,-0.9313,0.000,42.1,33.9,0.27,0.000,0.00,-0.01,513
24.114,-5.59571,0.9,0.008,0.004,0.2097,-0.6922,-0.6922,-0.9313,0.000,42.1,33.9,0.28,0.000,0.00,-0.03,513
24.147,-5.59571,0.9,0.008,0.004,0.2097,-0.6921,-0.6921,-0.9313,0.000,42.1,33.9,0.28,0.000,0.00,-0.02,513
24.180,-5.59570,0.9,0.008,0.003,0.2098,-0.6923,-0.6923,-0.9313,0.000,42.1,33.9,0.27,0.000,0.00,-0.01,513
24.212,-5.59570,0.9,0.008,0.002,0.2098,-0.6922,-0.6922,-0.9313,0.000,42.1,33.9,0.27,0.000,0.00,-0.02,513
24.244,-5.59572,0.9,0.008,0.005,0.2097,-0.6919,-0.6919,-0.9313,0.000,42.1,33.9,0.27,0.000,0.00,0.03,513
24.274,-5.59571,0.9,0.008,0.000,0.2097,-0.6921,-0.6921,-0.9313,0.000,42.1,33.9,0.26,0.000,0.00,-0.02,513
24.305,-5.59571,0.9,0.008,0.002,0.2097,-0.6921,-0.6921,-0.9313,0.000,42.1,33.9,0.27,0.000,0.00,-0.00,513
24.335,-5.59572,0.9,0.008,0.004,0.2097,-0.6920,-0.6920,-0.9313,0.000,42.1,33.9,0.26,0.000,0.00,-0.00,513
24.366,-5.59571,0.9,0.008,0.003,0.2097,-0.6921,-0.6921,-0.9313,0.000,42.1,33.9,0.27,0.000,0.00,-0.00,513
24.396,-5.59571,0.9,0.008,-0.004,0.2097,-0.6921,-0.6921,-0.9313,0.000,42.1,33.9,0.27,0.000,0.00,0.01,513
24.426,-5.59572,0.9,0.008,0.002,0.2097,-0.6920,-0.6920,-0.9313,0.000,42.1,33.9,0.26,0.000,0.00,-0.01,513
24.457,-5.59571,0.9,0.008,0.002,0.2097,-0.6921,-0.6921,-0.9313,0.000,42.1,33.9,0.26,0.000,0.00,0.04,513
24.487,-5.59569,0.9,0.008,-0.007,0.2098,-0.6924,-0.6924,-0.9313,0.000,42.1,33.9,0.26,0.000,0.00,-0.02,513
24.518,-5.59571,0.9,0.008,0.004,0.2097,-0.6921,-0.6921,-0.9313,0.000,42.1,33.9,0.26,0.000,0.00,-0.03,513
24.548,-5.59571,0.9,0.008,0.001,0.2097,-0.6921,-0.6921,-0.9313,0.000,42.1,33.9,0.26,0.000,0.00,0.04,513
24.581,-5.59571,0.9,0.008,0.002,0.2097,-0.6921,-0.6921,-0.9313,0.000,42.1,33.9,0.25,0.000,0.00,-0.02,513
24.611,-5.59571,0.9,0.008,0.001,0.2097,-0.6921,-0.6921,-0.9313,0.000,42.1,33.9,0.26,0.000,0.00,0.01,513
24.642,-5.59570,0.9,0.008,-0.000,0.2098,-0.6922,-0.6922,-0.9313,0.000,42.1,33.9,0.25,0.000,0.00,-0.01,513
24.673,-5.59571,0.9,0.008,0.002,0.2097,-0.6922,-0.6922,-0.9313,0.000,42.1,33.9,0.26,0.000,0.00,0.02,513
24.703,-5.59571,0.9,0.008,0.005,0.2097,-0.6920,-0.6920,-0.9313,0.000,42.1,33.9,0.25,0.000,0.00,-0.01,513
24.734,-5.59570,0.9,0.008,-0.001,0.2098,-0.6922,-0.6922,-0.9313,0.000,42.1,33.9,0.25,0.000,0.00,0.01,513
24.764,-5.59570,0.9,0.008,0.001,0.2098,-0.6922,-0.6922,-0.9313,0.000,42.1,33.9,0.25,0.000,0.00,-0.02,513
24.795,-5.59571,0.9,0.008,0.002,0.2097,-0.6921,-0.6921,-0.9313,0.000,42.1,33.9,0.25,0.000,0.00,-0.00,513
24.826,-5.59572,0.9,0.008,0.003,0.2097,-0.6920,-0.6920,-0.9313,0.000,42.1,33.9,0.25,0.000,0.00,0.02,513
24.856,-5.59571,0.9,0.008,-0.004,0.2097,-0.6921,-0.6921,-0.9313,0.000,42.1,33.9,0.26,0.000,0.00,0.01,513
24.887,-5.59573,0.9,0.008,-0.007,0.2096,-0.6918,-0.6918,-0.9313,0.000,42.1,33.9,0.25,0.000,0.00,0.02,513
24.918,-5.59570,0.9,0.008,0.002,0.2098,-0.6922,-0.6922,-0.9313,0.000,42.1,33.9,0.25,0.000,0.00,0.03,513
24.948,-5.59571,0.9,0.008,0.004,0.2097,-0.6920,-0.6920,-0.9313,0.000,42.1,33.9,0.25,0.000,0.00,-0.01,513
24.979,-5.59570,0.9,0.008,-0.002,0.2098,-0.6922,-0.6922,-0.9313,0.000,42.1,33.9,0.24,0.000,0.00,0.01,513
25.009,-5.59571,0.9,0.008,-0.006,0.2097,-0.6921,-0.6921,-0.9313,0.000,42.1,33.9,0.25,0.000,0.00,-0.01,513
25.039,-5.59571,0.9,0.008,-0.004,0.2097,-0.6922,-0.6922,-0.9313,0.000,42.1,33.9,0.25,0.000,0.00,-0.02,513
25.070,-5.59571,0.9,0.008,0.001,0.2097,-0.6920,-0.6920,-0.9313,0.000,42.1,33.9,0.24,0.000,0.00,0.05,513
25.100,-5.59573,0.9,0.008,0.004,0.2097,-0.6919,-0.6919,-0.9313,0.000,42.1,33.9,0.24,0.000,0.00,-0.00,513
25.131,-5.59571,0.9,0.008,0.003,0.2097,-0.6921,-0.6921,-0.9313,0.000,42.1,33.9,0.25,0.000,0.00,-0.02,513
25.162,-5.59570,0.9,0.008,-0.002,0.2098,-0.6922,-0.6922,-0.9313,0.000,42.1,33.9,0.24,0.000,0.00,-0.02,513
25.195,-5.59570,0.9,0.008,0.001,0.2098,-0.6922,-0.6922,-0.9313,0.000,42.1,33.9,0.24,0.000,0.00,-0.01,513
25.226,-5.59570,0.9,0.008,0.000,0.2098,-0.6922,-0.6922,-0.9313,0.000,42.1,33.9,0.24,0.000,0.00,-0.01,513
25.257,-5.59571,0.9,0.008,0.002,0.2097,-0.6921,-0.6921,-0.9313,0.000,42.1,33.9,0.23,0.000,0.00,-0.02,513
25.289,-5.59570,0.9,0.008,0.003,0.2098,-0.6922,-0.6922,-0.9313,0.000,42.0,33.9,0.24,0.000,0.00,-0.01,513
25.319,-5.59570,0.9,0.008,-0.000,0.2098,-0.6922,-0.6922,-0.9313,0.000,42.0,33.9,0.24,0.000,0.00,-0.01,513
25.350,-5.59570,0.9,0.008,0.002,0.2098,-0.6922,-0.6922,-0.9313,0.000,42.0,33.8,0.23,0.000,0.00,0.02,513
25.380,-5.59571,0.9,0.008,-0.008,0.2097,-0.6921,-0.6921,-0.9313,0.000,42.0,33.8,0.24,0.000,0.00,-0.02,513
25.410,-5.59570,0.9,0.008,0.002,0.2098,-0.6922,-0.6922,-0.9313,0.000,42.0,33.8,0.24,0.000,0.00,-0.02,513
25.441,-5.59570,0.9,0.008,-0.000,0.2098,-0.6922,-0.6922,-0.9313,0.000,42.0,33.8,0.23,0.000,0.00,0.03,513
25.471,-5.59571,0.9,0.008,0.004,0.2097,-0.6921,-0.6921,-0.9313,0.000,42.0,33.8,0.24,0.000,0.00,-0.01,513
25.501,-5.59570,0.9,0.008,0.002,0.2098,-0.6922,-0.6922,-0.9313,0.000,42.0,33.8,0.23,0.000,0.00,-0.01,513
25.532,-5.59571,0.9,0.008,-0.008,0.2097,-0.6921,-0.6921,-0.9313,0.000,42.0,33.8,0.23,0.000,0.00,-0.01,513
25.563,-5.59570,0.9,0.008,0.002,0.2098,-0.6922,-0.6922,-0.9313,0.000,42.0,33.8,0.23,0.000,0.00,-0.01,513
25.593,-5.59572,0.9,0.008,0.003,0.2097,-0.6920,-0.6920,-0.9313,0.000,42.0,33.8,0.23,0.000,0.00,-0.02,513
25.624,-5.59571,0.9,0.008,0.002,0.2097,-0.6921,-0.6921,-0.9313,0.000,42.0,33.8,0.23,0.000,0.00,-0.00,513
25.654,-5.59570,0.9,0.008,0.001,0.2098,-0.6922,-0.6922,-0.9313,0.000,42.0,33.8,0.23,0.000,0.00,-0.01,513
25.684,-5.59571,0.9,0.008,-0.009,0.2097,-0.6921,-0.6921,-0.9313,0.000,42.0,33.8,0.23,0.000,0.00,-0.01,513
25.716,-5.59570,0.9,0.008,-0.003,0.2098,-0.6922,-0.6922,-0.9313,0.000,42.0,33.8,0.22,0.000,0.00,-0.01,513
25.747,-5.59572,0.9,0.008,0.000,0.2097,-0.6920,-0.6920,-0.9313,0.000,42.0,33.8,0.23,0.000,0.00,-0.01,513
25.778,-5.59571,0.9,0.008,0.002,0.2097,-0.6922,-0.6922,-0.9313,0.000,42.0,33.8,0.22,0.000,0.00,-0.01,513
25.809,-5.59570,0.9,0.008,0.001,0.2098,-0.6922,-0.6922,-0.9313,0.000,42.0,33.8,0.22,0.000,0.00,0.03,513
25.840,-5.59572,0.9,0.008,-0.000,0.2097,-0.6920,-0.6920,-0.9313,0.000,42.0,33.8,0.23,0.000,0.00,-0.01,513
25.871,-5.59571,0.9,0.008,-0.004,0.2097,-0.6921,-0.6921,-0.9313,0.000,42.0,33.8,0.22,0.000,0.00,-0.02,513
25.902,-5.59571,0.9,0.008,0.003,0.2097,-0.6921,-0.6921,-0.9313,0.000,42.0,33.8,0.22,0.000,0.00,0.01,513
25.932,-5.59570,0.9,0.008,-0.005,0.2098,-0.6922,-0.6922,-0.9313,0.000,42.0,33.8,0.23,0.000,0.00,-0.01,513
25.963,-5.59570,0.9,0.008,0.003,0.2098,-0.6922,-0.6922,-0.9313,0.000,42.0,33.8,0.22,0.000,0.00,-0.00,513
25.993,-5.59571,0.9,0.008,0.003,0.2097,-0.6920,-0.6920,-0.9313,0.000,42.0,33.8,0.22,0.000,0.00,0.02,513
26.024,-5.59570,0.9,0.008,0.003,0.2098,-0.6922,-0.6922,-0.9313,0.000,42.0,33.8,0.22,0.000,0.00,0.00,513
26.054,-5.59570,0.9,0.008,-0.005,0.2098,-0.6922,-0.6922,-0.9313,0.000,42.0,33.8,0.22,0.000,0.00,-0.01,513
26.084,-5.59570,0.9,0.008,0.000,0.2098,-0.6922,-0.6922,-0.9313,0.000,42.0,33.8,0.22,0.000,0.00,-0.01,513
26.115,-5.59570,0.9,0.008,0.002,0.2098,-0.6922,-0.6922,-0.9313,0.000,42.0,33.8,0.22,0.000,0.00,-0.01,513
26.146,-5.59572,0.9,0.008,0.003,0.2097,-0.6920,-0.6920,-0.9313,0.000,42.0,33.8,0.21,0.000,0.00,-0.01,513
26.177,-5.59573,0.9,0.008,-0.002,0.2097,-0.6919,-0.6919,-0.9313,0.000,42.0,33.8,0.22,0.000,0.00,0.01,513
26.207,-5.59570,0.9,0.008,0.000,0.2098,-0.6922,-0.6922,-0.9313,0.000,42.0,33.8,0.20,0.000,0.00,-0.02,513
26.238,-5.59570,0.9,0.008,0.001,0.2098,-0.6922,-0.6922,-0.9313,0.000,42.0,33.8,0.22,0.000,0.00,-0.01,513
26.269,-5.59570,0.9,0.008,-0.007,0.2098,-0.6922,-0.6922,-0.9313,0.000,42.0,33.8,0.21,0.000,0.00,-0.02,513
26.299,-5.59571,0.9,0.008,-0.006,0.2097,-0.6922,-0.6922,-0.9313,0.000,42.0,33.8,0.20,0.000,0.00,-0.01,513
26.330,-5.59571,0.9,0.008,-0.002,0.2097,-0.6920,-0.6920,-0.9313,0.000,42.0,33.8,0.21,0.000,0.00,0.02,513
26.360,-5.59570,0.9,0.008,0.001,0.2098,-0.6922,-0.6922,-0.9313,0.000,42.0,33.8,0.21,0.000,0.00,-0.02,513
26.392,-5.59572,0.9,0.008,0.004,0.2097,-0.6920,-0.6920,-0.9313,0.000,42.0,33.8,0.20,0.000,0.00,-0.02,513
26.424,-5.59570,0.9,0.008,-0.001,0.2098,-0.6922,-0.6922,-0.9313,0.000,42.0,33.8,0.22,0.000,0.00,0.01,513
26.455,-5.59571,0.9,0.008,0.002,0.2097,-0.6922,-0.6922,-0.9313,0.000,42.0,33.8,0.22,0.000,0.00,-0.01,513
26.486,-5.59570,0.9,0.008,0.000,0.2098,-0.6922,-0.6922,-0.9313,0.000,42.0,33.8,0.21,0.000,0.00,-0.01,513
26.516,-5.59571,0.9,0.008,-0.004,0.2097,-0.6921,-0.6921,-0.9313,0.000,42.0,33.8,0.22,0.000,0.00,-0.02,513
26.547,-5.59570,0.9,0.008,-0.005,0.2098,-0.6922,-0.6922,-0.9313,0.000,42.0,33.8,0.21,0.000,0.00,-0.01,513
26.578,-5.59571,0.9,0.008,0.003,0.2097,-0.6921,-0.6921,-0.9313,0.000,42.0,33.8,0.21,0.000,0.00,-0.00,513
26.609,-5.59571,0.9,0.008,0.001,0.2097,-0.6921,-0.6921,-0.9313,0.000,41.9,33.8,0.21,0.000,0.00,-0.02,513
26.639,-5.59571,0.9,0.008,-0.003,0.2097,-0.6922,-0.6922,-0.9313,0.000,41.9,33.8,0.20,0.000,0.00,-0.01,513
26.670,-5.59570,0.9,0.008,0.000,0.2098,-0.6922,-0.6922,-0.9313,0.000,41.9,33.8,0.20,0.000,0.00,-0.00,513
26.700,-5.59572,0.9,0.008,0.002,0.2097,-0.6920,-0.6920,-0.9313,0.000,41.9,33.8,0.21,0.000,0.00,-0.01,513
26.731,-5.59572,0.9,0.008,0.001,0.2097,-0.6920,-0.6920,-0.9313,0.000,41.9,33.7,0.20,0.000,0.00,-0.01,513
26.761,-5.59570,0.9,0.008,0.002,0.2098,-0.6922,-0.6922,-0.9313,0.000,41.9,33.7,0.20,0.000,0.00,-0.00,513
26.792,-5.59570,0.9,0.008,0.002,0.2098,-0.6922,-0.6922,-0.9313,0.000,41.9,33.7,0.19,0.000,0.00,0.02,513
26.822,-5.59570,0.9,0.008,-0.006,0.2098,-0.6922,-0.6922,-0.9313,0.000,41.9,33.7,0.20,0.000,0.00,-0.02,513
26.853,-5.59571,0.9,0.008,0.001,0.2097,-0.6921,-0.6921,-0.9313,0.000,41.9,33.7,0.20,0.000,0.00,-0.00,513
26.883,-5.59571,0.9,0.008,0.003,0.2097,-0.6922,-0.6922,-0.9313,0.000,41.9,33.7,0.20,0.000,0.00,0.03,513
26.914,-5.59570,0.9,0.008,-0.008,0.2098,-0.6922,-0.6922,-0.9313,0.000,41.9,33.7,0.20,0.000,0.00,0.00,513
26.944,-5.59570,0.9,0.008,-0.000,0.2098,-0.6922,-0.6922,-0.9313,0.000,41.9,33.7,0.20,0.000,0.00,-0.01,513
26.975,-5.59570,0.9,0.008,-0.002,0.2098,-0.6922,-0.6922,-0.9313,0.000,41.9,33.7,0.19,0.000,0.00,-0.00,513
27.005,-5.59571,0.9,0.008,-0.004,0.2097,-0.6921,-0.6921,-0.9313,0.000,41.9,33.7,0.20,0.000,0.00,-0.01,513
27.036,-5.59570,0.9,0.008,0.001,0.2098,-0.6922,-0.6922,-0.9313,0.000,41.9,33.7,0.20,0.000,0.00,0.06,513
27.066,-5.59573,0.9,0.008,-0.005,0.2096,-0.6918,-0.6918,-0.9313,0.000,41.9,33.7,0.20,0.000,0.00,0.00,513
27.097,-5.59571,0.9,0.008,-0.003,0.2097,-0.6920,-0.6920,-0.9313,0.000,41.9,33.7,0.20,0.000,0.00,-0.01,513
27.127,-5.59571,0.9,0.008,0.003,0.2097,-0.6922,-0.6922,-0.9313,0.000,41.9,33.7,0.20,0.000,0.00,0.02,513
27.158,-5.59571,0.9,0.008,0.003,0.2097,-0.6921,-0.6921,-0.9313,0.000,41.9,33.7,0.19,0.000,0.00,-0.01,513
27.188,-5.59570,0.9,0.008,0.002,0.2098,-0.6922,-0.6922,-0.9313,0.000,41.9,33.7,0.20,0.000,0.00,-0.02,513
27.218,-5.59571,0.9,0.008,-0.004,0.2097,-0.6921,-0.6921,-0.9313,0.000,41.9,33.7,0.20,0.000,0.00,-0.02,513
27.250,-5.59572,0.9,0.008,0.002,0.2097,-0.6920,-0.6920,-0.9313,0.000,41.9,33.7,0.20,0.000,0.00,0.03,513
27.280,-5.59571,0.9,0.008,-0.001,0.2097,-0.6921,-0.6921,-0.9313,0.000,41.9,33.7,0.19,0.000,0.00,-0.02,513
27.312,-5.59571,0.9,0.008,-0.001,0.2097,-0.6921,-0.6921,-0.9313,0.000,41.9,33.7,0.19,0.000,0.00,0.03,513
27.343,-5.59570,0.9,0.008,-0.005,0.2098,-0.6922,-0.6922,-0.9313,0.000,41.9,33.7,0.19,0.000,0.00,-0.00,513
27.375,-5.59574,0.9,0.008,0.003,0.2096,-0.6917,-0.6917,-0.9313,0.000,41.9,33.7,0.19,0.000,0.00,-0.01,513
27.406,-5.59571,0.9,0.008,0.003,0.2097,-0.6921,-0.6921,-0.9313,0.000,41.9,33.7,0.19,0.000,0.00,-0.00,513
27.437,-5.59571,0.9,0.008,-0.005,0.2097,-0.6922,-0.6922,-0.9313,0.000,41.9,33.7,0.19,0.000,0.00,-0.01,513
27.467,-5.59571,0.9,0.008,0.003,0.2097,-0.6921,-0.6921,-0.9313,0.000,41.9,33.7,0.19,0.000,0.00,-0.01,513
27.498,-5.59571,0.9,0.008,-0.005,0.2097,-0.6922,-0.6922,-0.9313,0.000,41.9,33.7,0.18,0.000,0.00,-0.03,513
27.528,-5.59571,0.9,0.008,0.001,0.2097,-0.6921,-0.6921,-0.9313,0.000,41.9,33.7,0.19,0.000,0.00,-0.00,513
27.559,-5.59572,0.9,0.008,0.003,0.2097,-0.6919,-0.6919,-0.9313,0.000,41.9,33.7,0.19,0.000,0.00,0.01,513
27.589,-5.59571,0.9,0.008,-0.002,0.2097,-0.6922,-0.6922,-0.9313,0.000,41.9,33.7,0.19,0.000,0.00,-0.00,513
27.619,-5.59570,0.9,0.008,0.002,0.2098,-0.6922,-0.6922,-0.9313,0.000,41.9,33.7,0.19,0.000,0.00,-0.01,513
27.649,-5.59570,0.9,0.008,0.001,0.2098,-0.6922,-0.6922,-0.9313,0.000,41.9,33.7,0.19,0.000,0.00,0.03,513
27.680,-5.59570,0.9,0.008,-0.001,0.2098,-0.6922,-0.6922,-0.9313,0.000,41.9,33.7,0.19,0.000,0.00,-0.00,513
27.711,-5.59571,0.9,0.008,0.001,0.2097,-0.6920,-0.6920,-0.9313,0.000,41.9,33.7,0.18,0.000,0.00,-0.02,513
27.741,-5.59571,0.9,0.008,0.001,0.2097,-0.6921,-0.6921,-0.9313,0.000,41.9,33.7,0.18,0.000,0.00,0.03,513
27.771,-5.59570,0.9,0.008,0.000,0.2098,-0.6922,-0.6922,-0.9313,0.000,41.9,33.7,0.18,0.000,0.00,-0.00,513
27.802,-5.59571,0.9,0.008,0.002,0.2097,-0.6921,-0.6921,-0.9313,0.000,41.9,33.7,0.18,0.000,0.00,-0.02,513
27.833,-5.59570,0.9,0.008,0.003,0.2098,-0.6922,-0.6922,-0.9313,0.000,41.9,33.7,0.18,0.000,0.00,-0.01,513
27.863,-5.59571,0.9,0.008,0.001,0.2097,-0.6921,-0.6921,-0.9313,0.000,41.9,33.7,0.17,0.000,0.00,0.04,513
27.894,-5.59570,0.9,0.008,-0.001,0.2098,-0.6922,-0.6922,-0.9313,0.000,41.9,33.7,0.18,0.000,0.00,0.01,513
27.924,-5.59571,0.9,0.008,-0.002,0.2097,-0.6921,-0.6921,-0.9313,0.000,41.9,33.7,0.18,0.000,0.00,-0.00,513
27.955,-5.59571,0.9,0.008,0.000,0.2097,-0.6922,-0.6922,-0.9313,0.000,41.8,33.7,0.17,0.000,0.00,-0.02,513
27.985,-5.59571,0.9,0.008,0.002,0.2097,-0.6921,-0.6921,-0.9313,0.000,41.8,33.7,0.19,0.000,0.00,-0.03,513
28.016,-5.59571,0.9,0.008,-0.006,0.2097,-0.6921,-0.6921,-0.9313,0.000,41.8,33.7,0.17,0.000,0.00,-0.01,513
28.046,-5.59570,0.9,0.008,-0.007,0.2098,-0.6922,-0.6922,-0.9313,0.000,41.8,33.7,0.17,0.000,0.00,0.02,513
28.077,-5.59570,0.9,0.008,-0.003,0.2098,-0.6922,-0.6922,-0.9313,0.000,41.8,33.7,0.18,0.000,0.00,-0.02,513
28.107,-5.59570,0.9,0.008,0.002,0.2098,-0.6922,-0.6922,-0.9313,0.000,41.8,33.7,0.17,0.000,0.00,-0.03,513
28.138,-5.59570,0.9,0.008,0.002,0.2098,-0.6922,-0.6922,-0.9313,0.000,41.8,33.7,0.17,0.000,0.00,0.01,513
28.168,-5.59570,0.9,0.008,0.001,0.2098,-0.6922,-0.6922,-0.9313,0.000,41.8,33.7,0.17,0.000,0.00,0.00,513
28.199,-5.59571,0.9,0.008,0.001,0.2097,-0.6921,-0.6921,-0.9313,0.000,41.8,33.7,0.17,0.000,0.00,0.04,513
28.230,-5.59571,0.9,0.008,0.002,0.2097,-0.6921,-0.6921,-0.9313,0.000,41.8,33.6,0.17,0.000,0.00,-0.01,513
28.261,-5.59570,0.9,0.008,-0.004,0.2098,-0.6922,-0.6922,-0.9313,0.000,41.8,33.6,0.17,0.000,0.00,0.01,513
28.291,-5.59571,0.9,0.008,0.001,0.2097,-0.6921,-0.6921,-0.9313,0.000,41.8,33.6,0.17,0.000,0.00,-0.00,513
28.323,-5.59570,0.9,0.008,0.001,0.2098,-0.6922,-0.6922,-0.9313,0.000,41.8,33.6,0.17,0.000,0.00,-0.01,513
28.356,-5.59571,0.9,0.008,0.002,0.2097,-0.6921,-0.6921,-0.9313,0.000,41.8,33.6,0.17,0.000,0.00,0.02,513
28.389,-5.59570,0.9,0.008,-0.001,0.2098,-0.6922,-0.6922,-0.9313,0.000,41.8,33.6,0.17,0.000,0.00,-0.00,513
28.420,-5.59570,0.9,0.008,0.002,0.2098,-0.6922,-0.6922,-0.9313,0.000,41.8,33.6,0.17,0.000,0.00,0.03,513
28.451,-5.59570,0.9,0.008,0.001,0.2098,-0.6922,-0.6922,-0.9313,0.000,41.8,33.6,0.17,0.000,0.00,-0.00,513
28.481,-5.59569,0.9,0.008,0.001,0.2098,-0.6923,-0.6923,-0.9313,0.000,41.8,33.6,0.17,0.000,0.00,-0.05,513
28.512,-5.59569,0.9,0.008,-0.003,0.2098,-0.6923,-0.6923,-0.9313,0.000,41.8,33.6,0.17,0.000,0.00,0.03,513
28.542,-5.59570,0.9,0.008,-0.002,0.2098,-0.6922,-0.6922,-0.9313,0.000,41.8,33.6,0.16,0.000,0.00,-0.00,513
28.572,-5.59572,0.9,0.008,0.002,0.2097,-0.6919,-0.6919,-0.9313,0.000,41.8,33.6,0.17,0.000,0.00,-0.01,513
28.603,-5.59571,0.9,0.008,0.001,0.2097,-0.6922,-0.6922,-0.9313,0.000,41.8,33.6,0.17,0.000,0.00,-0.00,513
28.634,-5.59572,0.9,0.008,-0.002,0.2097,-0.6920,-0.6920,-0.9313,0.000,41.8,33.6,0.16,0.000,0.00,0.01,513
28.666,-5.59570,0.9,0.008,-0.007,0.2098,-0.6922,-0.6922,-0.9313,0.000,41.8,33.6,0.17,0.000,0.00,0.01,513
28.697,-5.59572,0.9,0.008,0.001,0.2097,-0.6920,-0.6920,-0.9313,0.000,41.8,33.6,0.16,0.000,0.00,-0.00,513
28.728,-5.59571,0.9,0.008,0.001,0.2097,-0.6921,-0.6921,-0.9313,0.000,41.8,33.6,0.16,0.000,0.00,0.00,513
28.758,-5.59571,0.9,0.008,0.002,0.2097,-0.6921,-0.6921,-0.9313,0.000,41.8,33.6,0.17,0.000,0.00,-0.01,513
28.789,-5.59571,0.9,0.008,0.004,0.2097,-0.6921,-0.6921,-0.9313,0.000,41.8,33.6,0.16,0.000,0.00,0.03,513
28.820,-5.59571,0.9,0.008,-0.006,0.2097,-0.6921,-0.6921,-0.9313,0.000,41.8,33.6,0.16,0.000,0.00,0.01,513
28.850,-5.59571,0.9,0.008,0.002,0.2097,-0.6921,-0.6921,-0.9313,0.000,41.8,33.6,0.16,0.000,0.00,-0.02,513
28.882,-5.59570,0.9,0.008,-0.006,0.2098,-0.6922,-0.6922,-0.9313,0.000,41.8,33.6,0.16,0.000,0.00,0.01,513
28.912,-5.59570,0.9,0.008,0.000,0.2098,-0.6922,-0.6922,-0.9313,0.000,41.8,33.6,0.17,0.000,0.00,0.03,513
28.942,-5.59570,0.9,0.008,-0.007,0.2098,-0.6922,-0.6922,-0.9313,0.000,41.8,33.6,0.16,0.000,0.00,0.02,513
28.973,-5.59570,0.9,0.008,-0.004,0.2098,-0.6922,-0.6922,-0.9313,0.000,41.8,33.6,0.15,0.000,0.00,0.02,513
29.003,-5.59570,0.9,0.008,-0.000,0.2098,-0.6922,-0.6922,-0.9313,0.000,41.8,33.6,0.16,0.000,0.00,-0.00,513
29.033,-5.59572,0.9,0.008,0.000,0.2097,-0.6920,-0.6920,-0.9313,0.000,41.8,33.6,0.16,0.000,0.00,-0.01,513
29.063,-5.59572,0.9,0.008,0.001,0.2097,-0.6920,-0.6920,-0.9313,0.000,41.8,33.6,0.16,0.000,0.00,-0.02,513
29.094,-5.59572,0.9,0.008,-0.003,0.2097,-0.6919,-0.6919,-0.9313,0.000,41.8,33.6,0.16,0.000,0.00,-0.01,513
29.124,-5.59571,0.9,0.008,0.004,0.2097,-0.6921,-0.6921,-0.9313,0.000,41.8,33.6,0.15,0.000,0.00,0.04,513
29.155,-5.59570,0.9,0.008,-0.002,0.2098,-0.6922,-0.6922,-0.9313,0.000,41.8,33.6,0.16,0.000,0.00,0.02,513
29.187,-5.59570,0.9,0.008,0.001,0.2098,-0.6922,-0.6922,-0.9313,0.000,41.8,33.6,0.16,0.000,0.00,0.02,513
29.219,-5.59571,0.9,0.008,0.001,0.2097,-0.6921,-0.6921,-0.9313,0.000,41.8,33.6,0.16,0.000,0.00,-0.01,513
29.252,-5.59570,0.9,0.008,0.000,0.2098,-0.6922,-0.6922,-0.9313,0.000,41.8,33.6,0.15,0.000,0.00,0.00,513
29.282,-5.59570,0.9,0.008,-0.003,0.2098,-0.6922,-0.6922,-0.9313,0.000,41.8,33.6,0.16,0.000,0.00,0.00,513
29.315,-5.59570,0.9,0.008,0.002,0.2098,-0.6922,-0.6922,-0.9313,0.000,41.8,33.6,0.16,0.000,0.00,0.03,513
29.347,-5.59570,0.9,0.008,-0.004,0.2098,-0.6922,-0.6922,-0.9313,0.000,41.8,33.6,0.16,0.000,0.00,-0.00,513
29.378,-5.59571,0.9,0.008,0.002,0.2097,-0.6921,-0.6921,-0.9313,0.000,41.7,33.6,0.15,0.000,0.00,-0.01,513
29.410,-5.59572,0.9,0.008,0.003,0.2097,-0.6920,-0.6920,-0.9313,0.000,41.7,33.6,0.15,0.000,0.00,0.04,513
29.441,-5.59570,0.9,0.008,0.002,0.2098,-0.6922,-0.6922,-0.9313,0.000,41.7,33.6,0.16,0.000,0.00,-0.03,513
29.471,-5.59571,0.9,0.008,0.004,0.2097,-0.6921,-0.6921,-0.9313,0.000,41.7,33.6,0.15,0.000,0.00,-0.01,513
29.501,-5.59573,0.9,0.008,0.003,0.2097,-0.6919,-0.6919,-0.9313,0.000,41.7,33.6,0.15,0.000,0.00,-0.01,513
29.531,-5.59572,0.9,0.008,-0.005,0.2097,-0.6920,-0.6920,-0.9313,0.000,41.7,33.6,0.15,0.000,0.00,-0.01,513
29.563,-5.59570,0.9,0.008,0.001,0.2098,-0.6922,-0.6922,-0.9313,0.000,41.7,33.6,0.14,0.000,0.00,-0.02,513
29.595,-5.59572,0.9,0.008,0.001,0.2097,-0.6920,-0.6920,-0.9313,0.000,41.7,33.6,0.15,0.000,0.00,-0.01,513
29.627,-5.59571,0.9,0.008,0.002,0.2097,-0.6921,-0.6921,-0.9313,0.000,41.7,33.6,0.15,0.000,0.00,-0.01,513
29.658,-5.59570,0.9,0.008,-0.008,0.2098,-0.6922,-0.6922,-0.9313,0.000,41.7,33.6,0.16,0.000,0.00,-0.01,513
29.689,-5.59571,0.9,0.008,0.001,0.2097,-0.6921,-0.6921,-0.9313,0.000,41.7,33.6,0.15,0.000,0.00,-0.01,513
29.720,-5.59570,0.9,0.008,-0.005,0.2098,-0.6922,-0.6922,-0.9313,0.000,41.7,33.6,0.15,0.000,0.00,-0.01,513
29.750,-5.59570,0.9,0.008,0.001,0.2098,-0.6922,-0.6922,-0.9313,0.000,41.7,33.6,0.15,0.000,0.00,-0.00,513
29.781,-5.59571,0.9,0.008,0.000,0.2097,-0.6921,-0.6921,-0.9313,0.000,41.7,33.6,0.15,0.000,0.00,-0.01,513
29.811,-5.59571,0.9,0.008,0.002,0.2097,-0.6922,-0.6922,-0.9313,0.000,41.7,33.5,0.15,0.000,0.00,-0.01,513
29.842,-5.59571,0.9,0.008,0.003,0.2097,-0.6921,-0.6921,-0.9313,0.000,41.7,33.5,0.15,0.000,0.00,0.01,513
29.873,-5.59570,0.9,0.008,0.001,0.2098,-0.6922,-0.6922,-0.9313,0.000,41.7,33.5,0.14,0.000,0.00,0.01,513
29.906,-5.59570,0.9,0.008,0.001,0.2098,-0.6922,-0.6922,-0.9313,0.000,41.7,33.5,0.15,0.000,0.00,-0.00,513
29.938,-5.59571,0.9,0.008,0.006,0.2097,-0.6921,-0.6921,-0.9313,0.000,41.7,33.5,0.15,0.000,0.00,0.00,513
29.969,-5.59570,0.9,0.008,0.001,0.2098,-0.6922,-0.6922,-0.9313,0.000,41.7,33.5,0.14,0.000,0.00,-0.00,513
29.999,-5.59571,0.9,0.008,0.001,0.2097,-0.6921,-0.6921,-0.9313,0.000,41.7,33.5,0.15,0.000,0.00,-0.01,513
30.030,-5.59570,0.9,0.008,-0.001,0.2098,-0.6922,-0.6922,-0.9313,0.000,41.7,33.5,0.14,0.000,0.00,-0.01,513
30.060,-5.59570,0.9,0.008,0.002,0.2098,-0.6922,-0.6922,-0.9313,0.000,41.7,33.5,0.15,0.000,0.00,-0.00,513
30.091,-5.59570,0.9,0.008,0.000,0.2098,-0.6922,-0.6922,-0.9313,0.000,41.7,33.5,0.14,0.000,0.00,-0.00,513
30.122,-5.59570,0.9,0.008,-0.000,0.2098,-0.6922,-0.6922,-0.9313,0.000,41.7,33.5,0.14,0.000,0.00,0.00,513
30.153,-5.59570,0.9,0.008,-0.003,0.2098,-0.6922,-0.6922,-0.9313,0.000,41.7,33.5,0.14,0.000,0.00,0.03,513
30.185,-5.59570,0.9,0.008,0.001,0.2098,-0.6922,-0.6922,-0.9313,0.000,41.7,33.5,0.15,0.000,0.00,0.01,513
30.215,-5.59571,0.9,0.008,0.003,0.2097,-0.6921,-0.6921,-0.9313,0.000,41.7,33.5,0.15,0.000,0.00,-0.01,513
30.248,-5.59571,0.9,0.008,0.003,0.2097,-0.6921,-0.6921,-0.9313,0.000,41.7,33.5,0.14,0.000,0.00,-0.01,513
30.279,-5.59572,0.9,0.008,0.000,0.2097,-0.6920,-0.6920,-0.9313,0.000,41.7,33.5,0.14,0.000,0.00,-0.01,513
30.309,-5.59570,0.9,0.008,-0.006,0.2098,-0.6922,-0.6922,-0.9313,0.000,41.7,33.5,0.15,0.000,0.00,-0.01,513
30.340,-5.59570,0.9,0.008,-0.003,0.2098,-0.6922,-0.6922,-0.9313,0.000,41.7,33.5,0.14,0.000,0.00,-0.00,513
30.370,-5.59570,0.9,0.008,0.006,0.2098,-0.6922,-0.6922,-0.9313,0.000,41.7,33.5,0.13,0.000,0.00,-0.01,513
30.402,-5.59571,0.9,0.008,0.000,0.2097,-0.6922,-0.6922,-0.9313,0.000,41.7,33.5,0.14,0.000,0.00,0.06,513
30.433,-5.59570,0.9,0.008,-0.007,0.2098,-0.6922,-0.6922,-0.9313,0.000,41.7,33.5,0.14,0.000,0.00,-0.01,513
30.464,-5.59571,0.9,0.008,-0.007,0.2097,-0.6922,-0.6922,-0.9313,0.000,41.7,33.5,0.14,0.000,0.00,0.03,513
30.494,-5.59570,0.9,0.008,-0.001,0.2098,-0.6922,-0.6922,-0.9313,0.000,41.7,33.5,0.14,0.000,0.00,0.04,513
30.524,-5.59570,0.9,0.008,0.001,0.2098,-0.6922,-0.6922,-0.9313,0.000,41.7,33.5,0.14,0.000,0.00,-0.00,513
30.555,-5.59570,0.9,0.008,-0.000,0.2098,-0.6922,-0.6922,-0.9313,0.000,41.7,33.5,0.14,0.000,0.00,-0.01,513
30.586,-5.59570,0.9,0.008,0.003,0.2098,-0.6922,-0.6922,-0.9313,0.000,41.7,33.5,0.14,0.000,0.00,-0.00,513
30.616,-5.59571,0.9,0.008,-0.002,0.2097,-0.6921,-0.6921,-0.9313,0.000,41.7,33.5,0.15,0.000,0.00,-0.00,513
30.648,-5.59570,0.9,0.008,0.000,0.2098,-0.6922,-0.6922,-0.9313,0.000,41.7,33.5,0.14,0.000,0.00,0.02,513
30.678,-5.59571,0.9,0.008,0.003,0.2097,-0.6921,-0.6921,-0.9313,0.000,41.7,33.5,0.14,0.000,0.00,0.00,513
30.708,-5.59570,0.9,0.008,0.001,0.2098,-0.6922,-0.6922,-0.9313,0.000,41.7,33.5,0.13,0.000,0.00,-0.01,513
30.739,-5.59571,0.9,0.008,-0.001,0.2097,-0.6922,-0.6922,-0.9313,0.000,41.7,33.5,0.14,0.000,0.00,0.00,513
30.769,-5.59570,0.9,0.008,0.001,0.2098,-0.6922,-0.6922,-0.9313,0.000,41.7,33.5,0.14,0.000,0.00,-0.00,513
30.800,-5.59570,0.9,0.008,0.000,0.2098,-0.6922,-0.6922,-0.9313,0.000,41.7,33.5,0.14,0.000,0.00,-0.01,513
30.830,-5.59570,0.9,0.008,0.000,0.2098,-0.6922,-0.6922,-0.9313,0.000,41.6,33.5,0.14,0.000,0.00,0.00,513
30.861,-5.59571,0.9,0.008,0.001,0.2097,-0.6922,-0.6922,-0.9313,0.000,41.6,33.5,0.13,0.000,0.00,-0.01,513
30.892,-5.59570,0.9,0.008,0.001,0.2098,-0.6922,-0.6922,-0.9313,0.000,41.6,33.5,0.14,0.000,0.00,0.04,513
30.925,-5.59571,0.9,0.008,0.001,0.2097,-0.6920,-0.6920,-0.9313,0.000,41.6,33.5,0.12,0.000,0.00,-0.01,513
30.956,-5.59570,0.9,0.008,0.001,0.2098,-0.6922,-0.6922,-0.9313,0.000,41.6,33.5,0.14,0.000,0.00,-0.02,513
30.988,-5.59569,1.0,0.008,0.001,0.2098,-0.6924,-0.6924,-0.9313,0.000,41.6,33.5,0.14,0.000,0.00,-0.00,513
31.018,-5.59570,0.9,0.008,0.000,0.2098,-0.6922,-0.6922,-0.9313,0.000,41.6,33.5,0.14,0.000,0.00,0.05,513
31.049,-5.59571,0.9,0.008,0.002,0.2097,-0.6922,-0.6922,-0.9313,0.000,41.6,33.5,0.13,0.000,0.00,-0.02,513
31.079,-5.59571,0.9,0.008,-0.005,0.2097,-0.6921,-0.6921,-0.9313,0.000,41.6,33.5,0.13,0.000,0.00,-0.00,513
31.110,-5.59570,0.9,0.008,0.000,0.2098,-0.6922,-0.6922,-0.9313,0.000,41.6,33.5,0.13,0.000,0.00,-0.00,513
31.140,-5.59570,0.9,0.008,0.002,0.2098,-0.6922,-0.6922,-0.9313,0.000,41.6,33.5,0.13,0.000,0.00,-0.01,513
31.171,-5.59571,0.9,0.008,-0.001,0.2097,-0.6922,-0.6922,-0.9313,0.000,41.6,33.5,0.13,0.000,0.00,-0.00,513
31.201,-5.59570,0.9,0.008,0.002,0.2098,-0.6922,-0.6922,-0.9313,0.000,41.6,33.5,0.13,0.000,0.00,-0.00,513
31.232,-5.59572,0.9,0.008,0.002,0.2097,-0.6919,-0.6919,-0.9313,0.000,41.6,33.5,0.13,0.000,0.00,-0.01,513
31.262,-5.59572,0.9,0.008,0.000,0.2097,-0.6920,-0.6920,-0.9313,0.000,41.6,33.5,0.13,0.000,0.00,-0.01,513
31.293,-5.59571,0.9,0.008,0.003,0.2097,-0.6921,-0.6921,-0.9313,0.000,41.6,33.5,0.14,0.000,0.00,0.04,513
31.322,-5.59570,0.9,0.008,-0.005,0.2098,-0.6922,-0.6922,-0.9313,0.000,41.6,33.5,0.13,0.000,0.00,-0.00,513
31.352,-5.59570,0.9,0.008,-0.000,0.2098,-0.6922,-0.6922,-0.9313,0.000,41.6,33.5,0.13,0.000,0.00,-0.01,513
31.382,-5.59570,0.9,0.008,0.001,0.2098,-0.6922,-0.6922,-0.9313,0.000,41.6,33.5,0.13,0.000,0.00,-0.01,513
31.414,-5.59570,0.9,0.008,-0.002,0.2098,-0.6922,-0.6922,-0.9313,0.000,41.6,33.5,0.14,0.000,0.00,-0.00,513
31.445,-5.59570,0.9,0.008,0.000,0.2098,-0.6922,-0.6922,-0.9313,0.000,41.6,33.5,0.14,0.000,0.00,-0.01,513
31.477,-5.59570,0.9,0.008,0.000,0.2098,-0.6922,-0.6922,-0.9313,0.000,41.6,33.5,0.12,0.000,0.00,-0.01,513
31.508,-5.59570,0.9,0.008,-0.000,0.2098,-0.6922,-0.6922,-0.9313,0.000,41.6,33.5,0.13,0.000,0.00,-0.01,513
31.540,-5.59571,0.9,0.008,0.002,0.2097,-0.6922,-0.6922,-0.9313,0.000,41.6,33.4,0.13,0.000,0.00,0.00,513
31.570,-5.59570,0.9,0.008,-0.000,0.2098,-0.6922,-0.6922,-0.9313,0.000,41.6,33.4,0.13,0.000,0.00,0.01,513
31.601,-5.59570,0.9,0.008,0.000,0.2098,-0.6922,-0.6922,-0.9313,0.000,41.6,33.4,0.13,0.000,0.00,-0.01,513
31.631,-5.59570,0.9,0.008,0.001,0.2098,-0.6922,-0.6922,-0.9313,0.000,41.6,33.4,0.13,0.000,0.00,-0.01,513
31.662,-5.59570,0.9,0.008,0.001,0.2098,-0.6922,-0.6922,-0.9313,0.000,41.6,33.4,0.13,0.000,0.00,-0.01,513
31.692,-5.59570,0.9,0.008,0.001,0.2098,-0.6922,-0.6922,-0.9313,0.000,41.6,33.4,0.13,0.000,0.00,-0.00,513
31.722,-5.59570,0.9,0.008,-0.002,0.2098,-0.6922,-0.6922,-0.9313,0.000,41.6,33.4,0.12,0.000,0.00,0.00,513
31.753,-5.59571,0.9,0.008,0.002,0.2097,-0.6921,-0.6921,-0.9313,0.000,41.6,33.4,0.13,0.000,0.00,-0.01,513
31.783,-5.59570,0.9,0.008,-0.008,0.2098,-0.6922,-0.6922,-0.9313,0.000,41.6,33.4,0.12,0.000,0.00,-0.00,513
31.814,-5.59570,0.9,0.008,-0.001,0.2098,-0.6922,-0.6922,-0.9313,0.000,41.6,33.4,0.13,0.000,0.00,-0.01,513
31.844,-5.59571,0.9,0.008,0.002,0.2097,-0.6921,-0.6921,-0.9313,0.000,41.6,33.4,0.11,0.000,0.00,-0.02,513
31.875,-5.59570,0.9,0.008,-0.002,0.2098,-0.6922,-0.6922,-0.9313,0.000,41.6,33.4,0.12,0.000,0.00,-0.01,513
31.905,-5.59570,0.9,0.008,-0.001,0.2098,-0.6922,-0.6922,-0.9313,0.000,41.6,33.4,0.12,0.000,0.00,-0.01,513
31.937,-5.59571,0.9,0.008,-0.004,0.2097,-0.6921,-0.6921,-0.9313,0.000,41.6,33.4,0.13,0.000,0.00,0.05,513
31.968,-5.59570,0.9,0.008,0.001,0.2098,-0.6922,-0.6922,-0.9313,0.000,41.6,33.4,0.12,0.000,0.00,0.00,513
32.001,-5.59570,0.9,0.008,-0.007,0.2098,-0.6922,-0.6922,-0.9313,0.000,41.6,33.4,0.11,0.000,0.00,-0.01,513
32.031,-5.59570,0.9,0.008,0.002,0.2098,-0.6922,-0.6922,-0.9313,0.000,41.6,33.4,0.13,0.000,0.00,0.04,513
32.062,-5.59571,0.9,0.008,-0.001,0.2097,-0.6921,-0.6921,-0.9313,0.000,41.6,33.4,0.12,0.000,0.00,0.08,513
32.092,-5.59570,0.9,0.008,0.001,0.2098,-0.6922,-0.6922,-0.9313,0.000,41.6,33.4,0.12,0.000,0.00,-0.02,513
32.123,-5.59570,0.9,0.008,0.001,0.2098,-0.6922,-0.6922,-0.9313,0.000,41.6,33.4,0.12,0.000,0.00,-0.00,513
32.153,-5.59570,0.9,0.008,0.001,0.2098,-0.6922,-0.6922,-0.9313,0.000,41.6,33.4,0.12,0.000,0.00,-0.01,513
32.185,-5.59570,0.9,0.008,0.002,0.2098,-0.6922,-0.6922,-0.9313,0.000,41.6,33.4,0.12,0.000,0.00,0.04,513
32.215,-5.59571,0.9,0.008,-0.007,0.2097,-0.6921,-0.6921,-0.9313,0.000,41.6,33.4,0.13,0.000,0.00,0.01,513
32.248,-5.59570,0.9,0.008,-0.001,0.2098,-0.6922,-0.6922,-0.9313,0.000,41.6,33.4,0.12,0.000,0.00,-0.01,513
32.278,-5.59570,0.9,0.008,0.001,0.2098,-0.6922,-0.6922,-0.9313,0.000,41.6,33.4,0.12,0.000,0.00,-0.00,513
32.309,-5.59572,0.9,0.008,0.001,0.2097,-0.6919,-0.6919,-0.9313,0.000,41.6,33.4,0.12,0.000,0.00,-0.01,513
32.339,-5.59570,0.9,0.008,0.001,0.2098,-0.6922,-0.6922,-0.9313,0.000,41.5,33.4,0.12,0.000,0.00,-0.01,513
32.370,-5.59570,0.9,0.008,-0.005,0.2098,-0.6922,-0.6922,-0.9313,0.000,41.5,33.4,0.12,0.000,0.00,0.03,513
32.401,-5.59570,0.9,0.008,0.002,0.2098,-0.6922,-0.6922,-0.9313,0.000,41.5,33.4,0.12,0.000,0.00,-0.01,513
32.432,-5.59570,0.9,0.008,-0.003,0.2098,-0.6923,-0.6923,-0.9313,0.000,41.5,33.4,0.12,0.000,0.00,-0.03,513
32.462,-5.59570,0.9,0.008,0.001,0.2098,-0.6922,-0.6922,-0.9313,0.000,41.5,33.4,0.12,0.000,0.00,0.01,513
32.492,-5.59570,0.9,0.008,-0.001,0.2098,-0.6922,-0.6922,-0.9313,0.000,41.5,33.4,0.12,0.000,0.00,0.01,513
32.523,-5.59570,0.9,0.008,0.000,0.2098,-0.6922,-0.6922,-0.9313,0.000,41.5,33.4,0.12,0.000,0.00,0.04,513
32.555,-5.59570,0.9,0.008,-0.010,0.2098,-0.6922,-0.6922,-0.9313,0.000,41.5,33.4,0.12,0.000,0.00,0.03,513
32.587,-5.59570,0.9,0.008,0.001,0.2098,-0.6922,-0.6922,-0.9313,0.000,41.5,33.4,0.12,0.000,0.00,-0.00,513
32.619,-5.59571,0.9,0.008,0.001,0.2097,-0.6921,-0.6921,-0.9313,0.000,41.5,33.4,0.12,0.000,0.00,0.04,513
32.649,-5.59572,0.9,0.008,0.001,0.2097,-0.6920,-0.6920,-0.9313,0.000,41.5,33.4,0.12,0.000,0.00,0.02,513
32.680,-5.59571,0.9,0.008,-0.001,0.2097,-0.6921,-0.6921,-0.9313,0.000,41.5,33.4,0.12,0.000,0.00,-0.02,513
32.710,-5.59570,0.9,0.008,0.000,0.2098,-0.6922,-0.6922,-0.9313,0.000,41.5,33.4,0.12,0.000,0.00,-0.00,513
32.741,-5.59571,0.9,0.008,0.002,0.2097,-0.6922,-0.6922,-0.9313,0.000,41.5,33.4,0.12,0.000,0.00,-0.01,513
32.772,-5.59570,0.9,0.008,-0.005,0.2098,-0.6922,-0.6922,-0.9313,0.000,41.5,33.4,0.11,0.000,0.00,-0.00,513
32.803,-5.59570,0.9,0.008,0.001,0.2098,-0.6922,-0.6922,-0.9313,0.000,41.5,33.4,0.12,0.000,0.00,-0.01,513
32.833,-5.59570,0.9,0.008,0.000,0.2098,-0.6922,-0.6922,-0.9313,0.000,41.5,33.4,0.12,0.000,0.00,0.05,513
32.865,-5.59570,0.9,0.008,0.001,0.2098,-0.6922,-0.6922,-0.9313,0.000,41.5,33.4,0.11,0.000,0.00,0.00,513
32.897,-5.59570,0.9,0.008,0.000,0.2098,-0.6922,-0.6922,-0.9313,0.000,41.5,33.4,0.12,0.000,0.00,-0.02,513
32.929,-5.59571,0.9,0.008,0.001,0.2097,-0.6921,-0.6921,-0.9313,0.000,41.5,33.4,0.12,0.000,0.00,-0.01,513
32.960,-5.59572,0.9,0.008,0.001,0.2097,-0.6920,-0.6920,-0.9313,0.000,41.5,33.4,0.11,0.000,0.00,-0.01,513
32.991,-5.59570,0.9,0.008,0.002,0.2098,-0.6922,-0.6922,-0.9313,0.000,41.5,33.4,0.12,0.000,0.00,-0.00,513
33.021,-5.59570,0.9,0.008,-0.003,0.2098,-0.6922,-0.6922,-0.9313,0.000,41.5,33.4,0.12,0.000,0.00,-0.00,513
33.052,-5.59571,0.9,0.008,-0.004,0.2097,-0.6922,-0.6922,-0.9313,0.000,41.5,33.4,0.11,0.000,0.00,-0.02,513
33.083,-5.59571,0.9,0.008,0.002,0.2097,-0.6921,-0.6921,-0.9313,0.000,41.5,33.4,0.11,0.000,0.00,-0.00,513
33.113,-5.59571,0.9,0.008,0.002,0.2097,-0.6921,-0.6921,-0.9313,0.000,41.5,33.4,0.12,0.000,0.00,-0.01,513
33.144,-5.59571,0.9,0.008,0.003,0.2097,-0.6921,-0.6921,-0.9313,0.000,41.5,33.4,0.11,0.000,0.00,0.03,513
33.174,-5.59570,0.9,0.008,-0.004,0.2098,-0.6922,-0.6922,-0.9313,0.000,41.5,33.4,0.12,0.000,0.00,-0.01,513
33.205,-5.59570,0.9,0.008,0.000,0.2098,-0.6922,-0.6922,-0.9313,0.000,41.5,33.4,0.11,0.000,0.00,-0.01,513
33.236,-5.59570,0.9,0.008,0.002,0.2098,-0.6922,-0.6922,-0.9313,0.000,41.5,33.4,0.11,0.000,0.00,-0.02,513
33.268,-5.59570,0.9,0.008,-0.004,0.2098,-0.6922,-0.6922,-0.9313,0.000,41.5,33.4,0.12,0.000,0.00,0.02,513
33.300,-5.59570,0.9,0.008,-0.002,0.2098,-0.6922,-0.6922,-0.9313,0.000,41.5,33.4,0.11,0.000,0.00,-0.01,513
33.332,-5.59570,0.9,0.008,0.001,0.2098,-0.6922,-0.6922,-0.9313,0.000,41.5,33.4,0.12,0.000,0.00,0.01,513
33.363,-5.59571,0.9,0.008,-0.004,0.2097,-0.6922,-0.6922,-0.9313,0.000,41.5,33.4,0.12,0.000,0.00,0.02,513
33.394,-5.59572,0.9,0.008,0.002,0.2097,-0.6920,-0.6920,-0.9313,0.000,41.5,33.3,0.12,0.000,0.00,-0.02,513
33.424,-5.59570,0.9,0.008,0.002,0.2098,-0.6922,-0.6922,-0.9313,0.000,41.5,33.3,0.11,0.000,0.00,-0.01,513
33.455,-5.59570,0.9,0.008,0.002,0.2098,-0.6922,-0.6922,-0.9313,0.000,41.5,33.3,0.11,0.000,0.00,-0.03,513
33.486,-5.59570,0.9,0.008,0.000,0.2098,-0.6922,-0.6922,-0.9313,0.000,41.5,33.3,0.12,0.000,0.00,-0.01,513
33.516,-5.59570,0.9,0.008,-0.001,0.2098,-0.6922,-0.6922,-0.9313,0.000,41.5,33.3,0.12,0.000,0.00,-0.02,513
33.547,-5.59571,0.9,0.008,0.002,0.2097,-0.6921,-0.6921,-0.9313,0.000,41.5,33.3,0.12,0.000,0.00,0.04,513
33.578,-5.59571,0.9,0.008,-0.000,0.2097,-0.6921,-0.6921,-0.9313,0.000,41.5,33.3,0.12,0.000,0.00,0.03,513
33.608,-5.59571,0.9,0.008,-0.002,0.2097,-0.6922,-0.6922,-0.9313,0.000,41.5,33.3,0.11,0.000,0.00,-0.01,513
33.638,-5.59571,0.9,0.008,0.001,0.2097,-0.6921,-0.6921,-0.9313,0.000,41.5,33.3,0.11,0.000,0.00,-0.00,513
33.669,-5.59570,0.9,0.008,-0.002,0.2098,-0.6922,-0.6922,-0.9313,0.000,41.5,33.3,0.11,0.000,0.00,-0.01,513
33.699,-5.59570,0.9,0.008,0.002,0.2098,-0.6922,-0.6922,-0.9313,0.000,41.5,33.3,0.11,0.000,0.00,0.00,513
33.729,-5.59571,0.9,0.008,0.002,0.2097,-0.6921,-0.6921,-0.9313,0.000,41.5,33.3,0.11,0.000,0.00,-0.00,513
33.760,-5.59571,0.9,0.008,0.001,0.2097,-0.6921,-0.6921,-0.9313,0.000,41.5,33.3,0.11,0.000,0.00,-0.03,513
33.790,-5.59572,0.9,0.008,-0.006,0.2097,-0.6919,-0.6919,-0.9313,0.000,41.5,33.3,0.11,0.000,0.00,-0.01,513
33.821,-5.59570,0.9,0.008,0.001,0.2098,-0.6922,-0.6922,-0.9313,0.000,41.5,33.3,0.12,0.000,0.00,0.00,513
33.851,-5.59571,0.9,0.008,0.001,0.2097,-0.6922,-0.6922,-0.9313,0.000,41.5,33.3,0.11,0.000,0.00,-0.02,513
33.883,-5.59570,0.9,0.008,0.004,0.2098,-0.6922,-0.6922,-0.9313,0.000,41.5,33.3,0.12,0.000,0.00,-0.02,513
33.914,-5.59570,0.9,0.008,0.001,0.2098,-0.6922,-0.6922,-0.9313,0.000,41.5,33.3,0.11,0.000,0.00,-0.01,513
33.946,-5.59570,0.9,0.008,0.003,0.2098,-0.6922,-0.6922,-0.9313,0.000,41.5,33.3,0.10,0.000,0.00,-0.01,513
33.978,-5.59570,0.9,0.008,-0.001,0.2098,-0.6922,-0.6922,-0.9313,0.000,41.4,33.3,0.11,0.000,0.00,-0.02,513
34.008,-5.59572,0.9,0.008,0.001,0.2097,-0.6920,-0.6920,-0.9313,0.000,41.4,33.3,0.11,0.000,0.00,-0.00,513
34.039,-5.59570,0.9,0.008,0.001,0.2098,-0.6922,-0.6922,-0.9313,0.000,41.4,33.3,0.10,0.000,0.00,-0.01,513
34.069,-5.59570,0.9,0.008,0.001,0.2098,-0.6922,-0.6922,-0.9313,0.000,41.4,33.3,0.11,0.000,0.00,-0.01,513
34.100,-5.59570,0.9,0.008,0.002,0.2098,-0.6922,-0.6922,-0.9313,0.000,41.4,33.3,0.11,0.000,0.00,-0.01,513
34.131,-5.59571,0.9,0.008,-0.008,0.2097,-0.6922,-0.6922,-0.9313,0.000,41.4,33.3,0.11,0.000,0.00,-0.01,513
34.162,-5.59570,0.9,0.008,0.009,0.2098,-0.6922,-0.6922,-0.9313,0.000,41.4,33.3,0.11,0.000,0.00,-0.01,513
34.194,-5.59570,0.9,0.008,0.000,0.2098,-0.6922,-0.6922,-0.9313,0.000,41.4,33.3,0.11,0.000,0.00,-0.00,513
34.226,-5.59569,0.9,0.008,0.002,0.2098,-0.6924,-0.6924,-0.9313,0.000,41.4,33.3,0.11,0.000,0.00,-0.00,513
34.258,-5.59570,0.9,0.008,0.001,0.2098,-0.6922,-0.6922,-0.9313,0.000,41.4,33.3,0.11,0.000,0.00,-0.00,513
34.289,-5.59570,0.9,0.008,0.002,0.2098,-0.6922,-0.6922,-0.9313,0.000,41.4,33.3,0.11,0.000,0.00,-0.01,513
34.320,-5.59570,0.9,0.008,0.001,0.2098,-0.6922,-0.6922,-0.9313,0.000,41.4,33.3,0.11,0.000,0.00,-0.01,513
34.351,-5.59571,0.9,0.008,0.001,0.2097,-0.6921,-0.6921,-0.9313,0.000,41.4,33.3,0.11,0.000,0.00,0.01,513
34.382,-5.59570,0.9,0.008,-0.002,0.2098,-0.6922,-0.6922,-0.9313,0.000,41.4,33.3,0.11,0.000,0.00,0.04,513
34.412,-5.59571,0.9,0.008,0.005,0.2097,-0.6921,-0.6921,-0.9313,0.000,41.4,33.3,0.11,0.000,0.00,-0.01,513
34.443,-5.59570,0.9,0.008,0.002,0.2098,-0.6922,-0.6922,-0.9313,0.000,41.4,33.3,0.11,0.000,0.00,0.00,513
34.473,-5.59570,0.9,0.008,-0.003,0.2098,-0.6922,-0.6922,-0.9313,0.000,41.4,33.3,0.11,0.000,0.00,-0.01,513
34.503,-5.59572,0.9,0.008,-0.002,0.2097,-0.6920,-0.6920,-0.9313,0.000,41.4,33.3,0.11,0.000,0.00,0.00,513
34.534,-5.59570,0.9,0.008,-0.005,0.2098,-0.6922,-0.6922,-0.9313,0.000,41.4,33.3,0.10,0.000,0.00,0.00,513
34.564,-5.59572,0.9,0.008,0.000,0.2097,-0.6920,-0.6920,-0.9313,0.000,41.4,33.3,0.11,0.000,0.00,-0.01,513
34.595,-5.59570,0.9,0.008,0.001,0.2098,-0.6922,-0.6922,-0.9313,0.000,41.4,33.3,0.10,0.000,0.00,0.03,513
34.625,-5.59570,0.9,0.008,0.002,0.2098,-0.6922,-0.6922,-0.9313,0.000,41.4,33.3,0.11,0.000,0.00,-0.01,513
34.656,-5.59570,0.9,0.008,0.001,0.2098,-0.6922,-0.6922,-0.9313,0.000,41.4,33.3,0.10,0.000,0.00,-0.01,513
34.687,-5.59570,0.9,0.008,0.000,0.2098,-0.6923,-0.6923,-0.9313,0.000,41.4,33.3,0.10,0.000,0.00,-0.00,513
34.717,-5.59571,0.9,0.008,0.000,0.2097,-0.6922,-0.6922,-0.9313,0.000,41.4,33.3,0.11,0.000,0.00,-0.01,513
34.747,-5.59571,0.9,0.008,-0.001,0.2097,-0.6921,-0.6921,-0.9313,0.000,41.4,33.3,0.11,0.000,0.00,-0.00,513
34.778,-5.59570,0.9,0.008,-0.006,0.2098,-0.6922,-0.6922,-0.9313,0.000,41.4,33.3,0.09,0.000,0.00,-0.01,513
34.809,-5.59570,0.9,0.008,0.001,0.2098,-0.6922,-0.6922,-0.9313,0.000,41.4,33.3,0.10,0.000,0.00,0.03,513
34.841,-5.59570,0.9,0.008,-0.005,0.2098,-0.6922,-0.6922,-0.9313,0.000,41.4,33.3,0.10,0.000,0.00,-0.01,513
34.871,-5.59570,0.9,0.008,-0.004,0.2098,-0.6922,-0.6922,-0.9313,0.000,41.4,33.3,0.10,0.000,0.00,-0.00,513
34.901,-5.59570,0.9,0.008,0.001,0.2098,-0.6922,-0.6922,-0.9313,0.000,41.4,33.3,0.10,0.000,0.00,0.01,513
34.931,-5.59570,0.9,0.008,0.001,0.2098,-0.6922,-0.6922,-0.9313,0.000,41.4,33.3,0.10,0.000,0.00,-0.00,513
34.962,-5.59571,0.9,0.008,0.002,0.2097,-0.6922,-0.6922,-0.9313,0.000,41.4,33.3,0.10,0.000,0.00,-0.00,513
34.993,-5.59570,0.9,0.008,0.001,0.2098,-0.6922,-0.6922,-0.9313,0.000,41.4,33.3,0.10,0.000,0.00,-0.00,513
35.024,-5.59570,0.9,0.008,-0.003,0.2098,-0.6922,-0.6922,-0.9313,0.000,41.4,33.3,0.10,0.000,0.00,-0.00,513
35.055,-5.59570,0.9,0.008,0.000,0.2098,-0.6922,-0.6922,-0.9313,0.000,41.4,33.3,0.11,0.000,0.00,-0.01,513
35.085,-5.59570,0.9,0.008,0.001,0.2098,-0.6922,-0.6922,-0.9313,0.000,41.4,33.3,0.11,0.000,0.00,0.00,513
35.115,-5.59569,0.9,0.008,-0.000,0.2098,-0.6923,-0.6923,-0.9313,0.000,41.4,33.3,0.10,0.000,0.00,0.03,513
35.146,-5.59570,0.9,0.008,0.001,0.2098,-0.6922,-0.6922,-0.9313,0.000,41.4,33.3,0.11,0.000,0.00,-0.00,513
35.177,-5.59570,0.9,0.008,-0.007,0.2098,-0.6922,-0.6922,-0.9313,0.000,41.4,33.3,0.11,0.000,0.00,0.04,513
35.209,-5.59570,0.9,0.008,-0.005,0.2098,-0.6922,-0.6922,-0.9313,0.000,41.4,33.3,0.10,0.000,0.00,0.00,513
35.241,-5.59571,0.9,0.008,0.001,0.2097,-0.6922,-0.6922,-0.9313,0.000,41.4,33.3,0.10,0.000,0.00,-0.00,513
35.272,-5.59571,0.9,0.008,0.002,0.2097,-0.6921,-0.6921,-0.9313,0.000,41.4,33.3,0.10,0.000,0.00,0.02,513
35.304,-5.59570,0.9,0.008,-0.000,0.2098,-0.6922,-0.6922,-0.9313,0.000,41.4,33.3,0.10,0.000,0.00,-0.02,513
35.334,-5.59570,0.9,0.008,0.001,0.2098,-0.6922,-0.6922,-0.9313,0.000,41.4,33.3,0.10,0.000,0.00,0.01,513
35.365,-5.59570,0.9,0.008,-0.000,0.2098,-0.6922,-0.6922,-0.9313,0.000,41.4,33.3,0.11,0.000,0.00,-0.01,513
35.396,-5.59570,0.9,0.008,0.001,0.2098,-0.6922,-0.6922,-0.9313,0.000,41.4,33.3,0.10,0.000,0.00,0.00,513
35.427,-5.59570,0.9,0.008,-0.003,0.2098,-0.6922,-0.6922,-0.9313,0.000,41.4,33.2,0.10,0.000,0.00,0.00,513
35.457,-5.59571,0.9,0.008,0.001,0.2097,-0.6921,-0.6921,-0.9313,0.000,41.4,33.2,0.10,0.000,0.00,-0.01,513
35.488,-5.59570,0.9,0.008,-0.008,0.2098,-0.6922,-0.6922,-0.9313,0.000,41.4,33.2,0.10,0.000,0.00,0.01,513
35.519,-5.59570,0.9,0.008,-0.007,0.2098,-0.6922,-0.6922,-0.9313,0.000,41.4,33.2,0.09,0.000,0.00,-0.01,513
35.551,-5.59570,0.9,0.008,0.000,0.2098,-0.6922,-0.6922,-0.9313,0.000,41.4,33.2,0.10,0.000,0.00,0.00,513
35.583,-5.59571,0.9,0.008,0.002,0.2097,-0.6922,-0.6922,-0.9313,0.000,41.4,33.2,0.10,0.000,0.00,-0.01,513
35.615,-5.59570,0.9,0.008,0.001,0.2098,-0.6922,-0.6922,-0.9313,0.000,41.3,33.2,0.10,0.000,0.00,-0.01,513
35.646,-5.59571,0.9,0.008,0.002,0.2097,-0.6922,-0.6922,-0.9313,0.000,41.3,33.2,0.10,0.000,0.00,-0.01,513
35.677,-5.59571,0.9,0.008,-0.001,0.2097,-0.6921,-0.6921,-0.9313,0.000,41.3,33.2,0.10,0.000,0.00,-0.01,513
35.709,-5.59570,0.9,0.008,-0.001,0.2098,-0.6922,-0.6922,-0.9313,0.000,41.3,33.2,0.10,0.000,0.00,-0.01,513
35.740,-5.59570,0.9,0.008,-0.000,0.2098,-0.6922,-0.6922,-0.9313,0.000,41.3,33.2,0.10,0.000,0.00,-0.00,513
35.770,-5.59572,0.9,0.008,0.001,0.2097,-0.6920,-0.6920,-0.9313,0.000,41.3,33.2,0.11,0.000,0.00,-0.01,513
35.801,-5.59570,0.9,0.008,-0.001,0.2098,-0.6922,-0.6922,-0.9313,0.000,41.3,33.2,0.09,0.000,0.00,0.02,513
35.831,-5.59570,0.9,0.008,-0.001,0.2098,-0.6922,-0.6922,-0.9313,0.000,41.3,33.2,0.10,0.000,0.00,0.02,513
35.861,-5.59570,0.9,0.008,0.001,0.2098,-0.6922,-0.6922,-0.9313,0.000,41.3,33.2,0.10,0.000,0.00,0.04,513
35.892,-5.59570,0.9,0.008,-0.007,0.2098,-0.6922,-0.6922,-0.9313,0.000,41.3,33.2,0.10,0.000,0.00,0.00,513
35.924,-5.59570,0.9,0.008,-0.000,0.2098,-0.6922,-0.6922,-0.9313,0.000,41.3,33.2,0.10,0.000,0.00,-0.01,513
35.955,-5.59570,0.9,0.008,0.000,0.2098,-0.6922,-0.6922,-0.9313,0.000,41.3,33.2,0.10,0.000,0.00,-0.01,513
35.988,-5.59570,0.9,0.008,-0.000,0.2098,-0.6922,-0.6922,-0.9313,0.000,41.3,33.2,0.10,0.000,0.00,-0.00,513
36.020,-5.59570,0.9,0.008,0.004,0.2098,-0.6922,-0.6922,-0.9313,0.000,41.3,33.2,0.10,0.000,0.00,0.04,513
36.051,-5.59570,0.9,0.008,0.000,0.2098,-0.6922,-0.6922,-0.9313,0.000,41.3,33.2,0.10,0.000,0.00,-0.04,513
36.083,-5.59571,0.9,0.008,0.002,0.2097,-0.6922,-0.6922,-0.9313,0.000,41.3,33.2,0.10,0.000,0.00,0.04,513
36.114,-5.59570,0.9,0.008,-0.004,0.2098,-0.6922,-0.6922,-0.9313,0.000,41.3,33.2,0.09,0.000,0.00,-0.01,513
36.145,-5.59570,0.9,0.008,0.004,0.2098,-0.6922,-0.6922,-0.9313,0.000,41.3,33.2,0.10,0.000,0.00,-0.00,513
36.175,-5.59570,0.9,0.008,0.001,0.2098,-0.6922,-0.6922,-0.9313,0.000,41.3,33.2,0.08,0.000,0.00,-0.03,513
36.206,-5.59570,0.9,0.008,0.000,0.2098,-0.6922,-0.6922,-0.9313,0.000,41.3,33.2,0.09,0.000,0.00,-0.00,513
36.236,-5.59570,0.9,0.008,-0.000,0.2098,-0.6922,-0.6922,-0.9313,0.000,41.3,33.2,0.10,0.000,0.00,0.01,513
36.267,-5.59570,0.9,0.008,-0.001,0.2098,-0.6923,-0.6923,-0.9313,0.000,41.3,33.2,0.10,0.000,0.00,-0.00,513
36.297,-5.59570,0.9,0.008,0.000,0.2098,-0.6922,-0.6922,-0.9313,0.000,41.3,33.2,0.09,0.000,0.00,0.03,513
36.329,-5.59570,0.9,0.008,-0.003,0.2098,-0.6923,-0.6923,-0.9313,0.000,41.3,33.2,0.10,0.000,0.00,0.03,513
36.361,-5.59570,0.9,0.008,0.000,0.2098,-0.6922,-0.6922,-0.9313,0.000,41.3,33.2,0.09,0.000,0.00,0.00,513
36.393,-5.59570,0.9,0.008,0.000,0.2098,-0.6922,-0.6922,-0.9313,0.000,41.3,33.2,0.09,0.000,0.00,-0.00,513
36.425,-5.59571,0.9,0.008,0.001,0.2097,-0.6921,-0.6921,-0.9313,0.000,41.3,33.2,0.09,0.000,0.00,-0.01,513
36.455,-5.59570,0.9,0.008,-0.007,0.2098,-0.6922,-0.6922,-0.9313,0.000,41.3,33.2,0.10,0.000,0.00,0.01,513
36.485,-5.59571,0.9,0.008,0.002,0.2097,-0.6922,-0.6922,-0.9313,0.000,41.3,33.2,0.09,0.000,0.00,0.02,513
36.516,-5.59570,0.9,0.008,-0.004,0.2098,-0.6922,-0.6922,-0.9313,0.000,41.3,33.2,0.10,0.000,0.00,0.01,513
36.547,-5.59570,0.9,0.008,0.001,0.2098,-0.6922,-0.6922,-0.9313,0.000,41.3,33.2,0.09,0.000,0.00,0.00,513
36.578,-5.59571,0.9,0.008,0.001,0.2097,-0.6921,-0.6921,-0.9313,0.000,41.3,33.2,0.10,0.000,0.00,-0.01,513
36.609,-5.59570,0.9,0.008,0.002,0.2098,-0.6922,-0.6922,-0.9313,0.000,41.3,33.2,0.09,0.000,0.00,-0.00,513
36.639,-5.59570,0.9,0.008,-0.006,0.2098,-0.6922,-0.6922,-0.9313,0.000,41.3,33.2,0.10,0.000,0.00,0.02,513
36.669,-5.59570,0.9,0.008,0.001,0.2098,-0.6922,-0.6922,-0.9313,0.000,41.3,33.2,0.09,0.000,0.00,0.01,513
36.700,-5.59570,0.9,0.008,0.002,0.2098,-0.6922,-0.6922,-0.9313,0.000,41.3,33.2,0.10,0.000,0.00,-0.00,513
36.732,-5.59570,0.9,0.008,-0.005,0.2098,-0.6922,-0.6922,-0.9313,0.000,41.3,33.2,0.10,0.000,0.00,0.00,513
36.764,-5.59571,0.9,0.008,0.001,0.2097,-0.6921,-0.6921,-0.9313,0.000,41.3,33.2,0.09,0.000,0.00,-0.01,513
36.796,-5.59570,0.9,0.008,-0.001,0.2098,-0.6923,-0.6923,-0.9313,0.000,41.3,33.2,0.09,0.000,0.00,-0.01,513
36.827,-5.59570,0.9,0.008,-0.001,0.2098,-0.6922,-0.6922,-0.9313,0.000,41.3,33.2,0.09,0.000,0.00,-0.00,513
36.857,-5.59570,0.9,0.008,-0.000,0.2098,-0.6922,-0.6922,-0.9313,0.000,41.3,33.2,0.10,0.000,0.00,0.02,513
36.887,-5.59571,0.9,0.008,-0.001,0.2097,-0.6921,-0.6921,-0.9313,0.000,41.3,33.2,0.09,0.000,0.00,0.00,513
36.918,-5.59571,0.9,0.008,0.002,0.2097,-0.6922,-0.6922,-0.9313,0.000,41.3,33.2,0.09,0.000,0.00,-0.00,513
36.948,-5.59570,0.9,0.008,0.000,0.2098,-0.6922,-0.6922,-0.9313,0.000,41.3,33.2,0.09,0.000,0.00,-0.01,513
36.979,-5.59570,0.9,0.008,0.001,0.2098,-0.6922,-0.6922,-0.9313,0.000,41.3,33.2,0.09,0.000,0.00,-0.00,513
37.009,-5.59570,0.9,0.008,0.001,0.2098,-0.6922,-0.6922,-0.9313,0.000,41.3,33.2,0.10,0.000,0.00,-0.00,513
37.041,-5.59571,0.9,0.008,0.001,0.2097,-0.6921,-0.6921,-0.9313,0.000,41.3,33.2,0.09,0.000,0.00,-0.02,513
37.073,-5.59570,0.9,0.008,0.002,0.2098,-0.6922,-0.6922,-0.9313,0.000,41.3,33.2,0.09,0.000,0.00,-0.01,513
37.105,-5.59571,0.9,0.008,0.001,0.2097,-0.6921,-0.6921,-0.9313,0.000,41.3,33.2,0.10,0.000,0.00,-0.01,513
37.135,-5.59572,0.9,0.008,0.000,0.2097,-0.6920,-0.6920,-0.9313,0.000,41.3,33.2,0.10,0.000,0.00,-0.00,513
37.166,-5.59572,0.9,0.008,0.000,0.2097,-0.6920,-0.6920,-0.9313,0.000,41.3,33.2,0.09,0.000,0.00,-0.00,513
37.197,-5.59572,0.9,0.008,0.003,0.2097,-0.6920,-0.6920,-0.9313,0.000,41.3,33.2,0.09,0.000,0.00,-0.01,513
37.227,-5.59570,0.9,0.008,-0.001,0.2098,-0.6922,-0.6922,-0.9313,0.000,41.3,33.2,0.10,0.000,0.00,-0.01,513
37.258,-5.59571,0.9,0.008,-0.002,0.2097,-0.6922,-0.6922,-0.9313,0.000,41.3,33.2,0.09,0.000,0.00,-0.01,513
37.289,-5.59570,0.9,0.008,0.000,0.2098,-0.6922,-0.6922,-0.9313,0.000,41.3,33.2,0.09,0.000,0.00,-0.01,513
37.320,-5.59572,0.9,0.008,0.002,0.2097,-0.6920,-0.6920,-0.9313,0.000,41.3,33.2,0.09,0.000,0.00,0.00,513
37.351,-5.59570,0.9,0.008,0.000,0.2098,-0.6922,-0.6922,-0.9313,0.000,41.3,33.2,0.09,0.000,0.00,-0.01,513
37.381,-5.59572,0.9,0.008,0.003,0.2097,-0.6920,-0.6920,-0.9313,0.000,41.3,33.2,0.09,0.000,0.00,-0.01,513
37.412,-5.59570,0.9,0.008,-0.003,0.2098,-0.6922,-0.6922,-0.9313,0.000,41.3,33.2,0.09,0.000,0.00,0.01,513
37.443,-5.59570,0.9,0.008,-0.000,0.2098,-0.6922,-0.6922,-0.9313,0.000,41.3,33.2,0.09,0.000,0.00,-0.01,513
37.475,-5.59571,0.9,0.008,0.001,0.2097,-0.6921,-0.6921,-0.9313,0.000,41.2,33.2,0.09,0.000,0.00,-0.00,513
37.507,-5.59570,0.9,0.008,0.002,0.2098,-0.6922,-0.6922,-0.9313,0.000,41.2,33.2,0.08,0.000,0.00,0.00,513
37.539,-5.59570,0.9,0.008,0.000,0.2098,-0.6922,-0.6922,-0.9313,0.000,41.2,33.2,0.10,0.000,0.00,0.01,513
37.570,-5.59571,0.9,0.008,0.000,0.2097,-0.6922,-0.6922,-0.9313,0.000,41.2,33.2,0.09,0.000,0.00,-0.01,513
37.601,-5.59571,0.9,0.008,-0.001,0.2097,-0.6922,-0.6922,-0.9313,0.000,41.2,33.2,0.09,0.000,0.00,0.01,513
37.631,-5.59572,0.9,0.008,0.001,0.2097,-0.6920,-0.6920,-0.9313,0.000,41.2,33.1,0.09,0.000,0.00,-0.01,513
37.661,-5.59570,0.9,0.008,0.001,0.2098,-0.6922,-0.6922,-0.9313,0.000,41.2,33.1,0.09,0.000,0.00,-0.01,513
37.692,-5.59571,0.9,0.008,-0.007,0.2097,-0.6921,-0.6921,-0.9313,0.000,41.2,33.1,0.09,0.000,0.00,-0.01,513
37.723,-5.59570,0.9,0.008,-0.001,0.2098,-0.6923,-0.6923,-0.9313,0.000,41.2,33.1,0.09,0.000,0.00,-0.01,513
37.754,-5.59572,0.9,0.008,-0.002,0.2097,-0.6920,-0.6920,-0.9313,0.000,41.2,33.1,0.09,0.000,0.00,-0.02,513
37.786,-5.59571,0.9,0.008,-0.003,0.2097,-0.6921,-0.6921,-0.9313,0.000,41.2,33.1,0.09,0.000,0.00,-0.00,513
37.818,-5.59571,0.9,0.008,0.003,0.2097,-0.6921,-0.6921,-0.9313,0.000,41.2,33.1,0.10,0.000,0.00,-0.00,513
37.849,-5.59569,0.9,0.008,0.001,0.2098,-0.6924,-0.6924,-0.9313,0.000,41.2,33.1,0.09,0.000,0.00,0.01,513
37.880,-5.59570,0.9,0.008,-0.000,0.2098,-0.6922,-0.6922,-0.9313,0.000,41.2,33.1,0.09,0.000,0.00,-0.01,513
37.910,-5.59571,0.9,0.008,0.003,0.2097,-0.6921,-0.6921,-0.9313,0.000,41.2,33.1,0.09,0.000,0.00,-0.04,513
37.941,-5.59571,0.9,0.008,0.003,0.2097,-0.6921,-0.6921,-0.9313,0.000,41.2,33.1,0.09,0.000,0.00,-0.01,513
37.971,-5.59571,0.9,0.008,0.002,0.2097,-0.6921,-0.6921,-0.9313,0.000,41.2,33.1,0.08,0.000,0.00,-0.01,513
38.001,-5.59571,0.9,0.008,-0.000,0.2097,-0.6921,-0.6921,-0.9313,0.000,41.2,33.1,0.08,0.000,0.00,0.02,513
38.032,-5.59570,0.9,0.008,0.001,0.2098,-0.6922,-0.6922,-0.9313,0.000,41.2,33.1,0.08,0.000,0.00,-0.02,513
38.063,-5.59570,0.9,0.008,0.000,0.2098,-0.6922,-0.6922,-0.9313,0.000,41.2,33.1,0.09,0.000,0.00,-0.00,513
38.095,-5.59572,0.9,0.008,0.002,0.2097,-0.6920,-0.6920,-0.9313,0.000,41.2,33.1,0.09,0.000,0.00,-0.01,513
38.127,-5.59572,0.9,0.008,-0.001,0.2097,-0.6920,-0.6920,-0.9313,0.000,41.2,33.1,0.09,0.000,0.00,-0.00,513
38.158,-5.59570,0.9,0.008,0.001,0.2098,-0.6923,-0.6923,-0.9313,0.000,41.2,33.1,0.09,0.000,0.00,-0.01,513
38.190,-5.59572,0.9,0.008,0.003,0.2097,-0.6920,-0.6920,-0.9313,0.000,41.2,33.1,0.09,0.000,0.00,0.03,513
38.221,-5.59570,0.9,0.008,-0.001,0.2098,-0.6922,-0.6922,-0.9313,0.000,41.2,33.1,0.09,0.000,0.00,-0.01,513
38.252,-5.59570,0.9,0.008,-0.000,0.2098,-0.6923,-0.6923,-0.9313,0.000,41.2,33.1,0.08,0.000,0.00,-0.00,513
38.282,-5.59570,0.9,0.008,0.001,0.2098,-0.6922,-0.6922,-0.9313,0.000,41.2,33.1,0.07,0.000,0.00,-0.01,513
38.313,-5.59570,0.9,0.008,-0.000,0.2098,-0.6922,-0.6922,-0.9313,0.000,41.2,33.1,0.09,0.000,0.00,-0.00,513
38.343,-5.59572,0.9,0.008,0.002,0.2097,-0.6920,-0.6920,-0.9313,0.000,41.2,33.1,0.09,0.000,0.00,-0.00,513
38.375,-5.59571,0.9,0.008,0.001,0.2097,-0.6922,-0.6922,-0.9313,0.000,41.2,33.1,0.09,0.000,0.00,0.00,513
38.407,-5.59572,0.9,0.008,0.002,0.2097,-0.6920,-0.6920,-0.9313,0.000,41.2,33.1,0.08,0.000,0.00,-0.01,513
38.439,-5.59571,0.9,0.008,0.004,0.2097,-0.6921,-0.6921,-0.9313,0.000,41.2,33.1,0.09,0.000,0.00,-0.00,513
38.469,-5.59570,0.9,0.008,-0.001,0.2098,-0.6922,-0.6922,-0.9313,0.000,41.2,33.1,0.08,0.000,0.00,0.02,513
38.500,-5.59569,0.9,0.008,0.001,0.2098,-0.6924,-0.6924,-0.9313,0.000,41.2,33.1,0.09,0.000,0.00,0.00,513
38.530,-5.59570,0.9,0.008,-0.001,0.2098,-0.6922,-0.6922,-0.9313,0.000,41.2,33.1,0.09,0.000,0.00,-0.00,513
38.561,-5.59571,0.9,0.008,0.002,0.2097,-0.6921,-0.6921,-0.9313,0.000,41.2,33.1,0.08,0.000,0.00,-0.01,513
38.592,-5.59572,0.9,0.008,0.001,0.2097,-0.6920,-0.6920,-0.9313,0.000,41.2,33.1,0.09,0.000,0.00,-0.02,513
38.623,-5.59571,0.9,0.008,-0.000,0.2097,-0.6921,-0.6921,-0.9313,0.000,41.2,33.1,0.09,0.000,0.00,0.02,513
38.653,-5.59570,0.9,0.008,0.001,0.2098,-0.6922,-0.6922,-0.9313,0.000,41.2,33.1,0.08,0.000,0.00,-0.01,513
38.685,-5.59571,0.9,0.008,0.002,0.2097,-0.6922,-0.6922,-0.9313,0.000,41.2,33.1,0.09,0.000,0.00,-0.01,513
38.717,-5.59570,0.9,0.008,0.001,0.2098,-0.6922,-0.6922,-0.9313,0.000,41.2,33.1,0.08,0.000,0.00,-0.02,513
38.748,-5.59572,0.9,0.008,0.000,0.2097,-0.6920,-0.6920,-0.9313,0.000,41.2,33.1,0.09,0.000,0.00,-0.01,513
38.779,-5.59570,0.9,0.008,0.000,0.2098,-0.6922,-0.6922,-0.9313,0.000,41.2,33.1,0.08,0.000,0.00,-0.00,513
38.810,-5.59572,0.9,0.008,0.002,0.2097,-0.6920,-0.6920,-0.9313,0.000,41.2,33.1,0.08,0.000,0.00,0.01,513
38.841,-5.59570,0.9,0.008,0.001,0.2098,-0.6922,-0.6922,-0.9313,0.000,41.2,33.1,0.08,0.000,0.00,0.02,513
38.871,-5.59571,0.9,0.008,-0.002,0.2097,-0.6922,-0.6922,-0.9313,0.000,41.2,33.1,0.08,0.000,0.00,-0.00,513
38.902,-5.59572,0.9,0.008,0.000,0.2097,-0.6920,-0.6920,-0.9313,0.000,41.2,33.1,0.09,0.000,0.00,-0.01,513
38.932,-5.59570,0.9,0.008,-0.008,0.2098,-0.6922,-0.6922,-0.9313,0.000,41.2,33.1,0.09,0.000,0.00,-0.05,513
38.962,-5.59570,0.9,0.008,-0.003,0.2098,-0.6922,-0.6922,-0.9313,0.000,41.2,33.1,0.08,0.000,0.00,-0.01,513
38.993,-5.59571,0.9,0.008,0.000,0.2097,-0.6922,-0.6922,-0.9313,0.000,41.2,33.1,0.09,0.000,0.00,-0.05,513
39.023,-5.59570,0.9,0.008,-0.006,0.2098,-0.6922,-0.6922,-0.9313,0.000,41.2,33.1,0.09,0.000,0.00,0.07,513
39.054,-5.59570,0.9,0.008,0.001,0.2098,-0.6922,-0.6922,-0.9313,0.000,41.2,33.1,0.08,0.000,0.00,-0.00,513
39.085,-5.59570,0.9,0.008,-0.002,0.2098,-0.6923,-0.6923,-0.9313,0.000,41.2,33.1,0.08,0.000,0.00,-0.00,513
39.117,-5.59570,0.9,0.008,0.001,0.2098,-0.6922,-0.6922,-0.9313,0.000,41.2,33.1,0.08,0.000,0.00,0.02,513
39.149,-5.59572,0.9,0.008,0.000,0.2097,-0.6920,-0.6920,-0.9313,0.000,41.2,33.1,0.09,0.000,0.00,-0.01,513
39.181,-5.59570,0.9,0.008,-0.001,0.2098,-0.6922,-0.6922,-0.9313,0.000,41.2,33.1,0.08,0.000,0.00,-0.00,513
39.211,-5.59571,0.9,0.008,0.002,0.2097,-0.6921,-0.6921,-0.9313,0.000,41.2,33.1,0.08,0.000,0.00,-0.00,513
39.243,-5.59572,0.9,0.008,0.000,0.2097,-0.6920,-0.6920,-0.9313,0.000,41.2,33.1,0.09,0.000,0.00,-0.00,513
39.273,-5.59570,0.9,0.008,0.001,0.2098,-0.6922,-0.6922,-0.9313,0.000,41.2,33.1,0.09,0.000,0.00,-0.00,513
39.304,-5.59570,0.9,0.008,-0.002,0.2098,-0.6922,-0.6922,-0.9313,0.000,41.2,33.1,0.09,0.000,0.00,-0.02,513
39.335,-5.59570,0.9,0.008,0.000,0.2098,-0.6922,-0.6922,-0.9313,0.000,41.2,33.1,0.08,0.000,0.00,0.03,513
39.367,-5.59570,0.9,0.008,0.003,0.2098,-0.6922,-0.6922,-0.9313,0.000,41.1,33.1,0.08,0.000,0.00,0.01,513
39.399,-5.59570,0.9,0.008,0.001,0.2098,-0.6922,-0.6922,-0.9313,0.000,41.1,33.1,0.09,0.000,0.00,0.02,513
39.431,-5.59571,0.9,0.008,0.008,0.2097,-0.6921,-0.6921,-0.9313,0.000,41.1,33.1,0.08,0.000,0.00,0.02,513
39.461,-5.59570,0.9,0.008,-0.004,0.2098,-0.6922,-0.6922,-0.9313,0.000,41.1,33.1,0.09,0.000,0.00,-0.01,513
39.493,-5.59570,0.9,0.008,0.001,0.2098,-0.6922,-0.6922,-0.9313,0.000,41.1,33.1,0.09,0.000,0.00,0.02,513
39.525,-5.59571,0.9,0.008,0.001,0.2097,-0.6922,-0.6922,-0.9313,0.000,41.1,33.1,0.09,0.000,0.00,-0.01,513
39.557,-5.59570,0.9,0.008,-0.005,0.2098,-0.6922,-0.6922,-0.9313,0.000,41.1,33.1,0.08,0.000,0.00,-0.01,513
39.591,-5.59570,0.9,0.008,-0.000,0.2098,-0.6922,-0.6922,-0.9313,0.000,41.1,33.1,0.08,0.000,0.00,-0.01,513
39.621,-5.59570,0.9,0.008,0.000,0.2098,-0.6922,-0.6922,-0.9313,0.000,41.1,33.1,0.08,0.000,0.00,-0.01,513
39.651,-5.59569,0.9,0.008,-0.000,0.2098,-0.6924,-0.6924,-0.9313,0.000,41.1,33.1,0.08,0.000,0.00,0.02,513
39.682,-5.59572,0.9,0.008,0.004,0.2097,-0.6919,-0.6919,-0.9313,0.000,41.1,33.1,0.08,0.000,0.00,0.01,513
39.713,-5.59570,0.9,0.008,0.002,0.2098,-0.6922,-0.6922,-0.9313,0.000,41.1,33.1,0.08,0.000,0.00,-0.01,513
39.744,-5.59570,0.9,0.008,0.000,0.2098,-0.6922,-0.6922,-0.9313,0.000,41.1,33.1,0.08,0.000,0.00,-0.01,513
39.774,-5.59570,0.9,0.008,-0.000,0.2098,-0.6922,-0.6922,-0.9313,0.000,41.1,33.1,0.09,0.000,0.00,0.01,513
39.805,-5.59570,0.9,0.008,0.000,0.2098,-0.6922,-0.6922,-0.9313,0.000,41.1,33.1,0.08,0.000,0.00,0.00,513
39.837,-5.59570,0.9,0.008,0.000,0.2098,-0.6922,-0.6922,-0.9313,0.000,41.1,33.1,0.09,0.000,0.00,-0.00,513
39.867,-5.59570,0.9,0.008,0.000,0.2098,-0.6922,-0.6922,-0.9313,0.000,41.1,33.1,0.09,0.000,0.00,-0.01,513
39.897,-5.59570,0.9,0.008,0.000,0.2098,-0.6922,-0.6922,-0.9313,0.000,41.1,33.1,0.07,0.000,0.00,-0.00,513
39.928,-5.59570,0.9,0.008,-0.001,0.2098,-0.6922,-0.6922,-0.9313,0.000,41.1,33.1,0.08,0.000,0.00,-0.00,513
39.958,-5.59570,0.9,0.008,0.001,0.2098,-0.6922,-0.6922,-0.9313,0.000,41.1,33.1,0.08,0.000,0.00,-0.01,513
39.989,-5.59570,0.9,0.008,0.000,0.2098,-0.6922,-0.6922,-0.9313,0.000,41.1,33.1,0.08,0.000,0.00,-0.01,513
40.019,-5.59569,0.9,0.008,-0.002,0.2098,-0.6923,-0.6923,-0.9313,0.000,41.1,33.0,0.08,0.000,0.00,-0.00,513
40.050,-5.59571,0.9,0.008,0.002,0.2097,-0.6922,-0.6922,-0.9313,0.000,41.1,33.0,0.08,0.000,0.00,-0.01,513
40.080,-5.59570,0.9,0.008,-0.001,0.2098,-0.6922,-0.6922,-0.9313,0.000,41.1,33.0,0.08,0.000,0.00,-0.00,513
40.111,-5.59570,0.9,0.008,0.002,0.2098,-0.6922,-0.6922,-0.9313,0.000,41.1,33.0,0.08,0.000,0.00,-0.01,513
40.143,-5.59570,0.9,0.008,0.000,0.2098,-0.6922,-0.6922,-0.9313,0.000,41.1,33.0,0.08,0.000,0.00,-0.01,513
40.175,-5.59570,0.9,0.008,-0.011,0.2098,-0.6922,-0.6922,-0.9313,0.000,41.1,33.0,0.09,0.000,0.00,-0.01,513
40.206,-5.59572,0.9,0.008,-0.002,0.2097,-0.6920,-0.6920,-0.9313,0.000,41.1,33.0,0.08,0.000,0.00,0.01,513
40.237,-5.59570,0.9,0.008,0.001,0.2098,-0.6922,-0.6922,-0.9313,0.000,41.1,33.0,0.08,0.000,0.00,-0.00,513
40.268,-5.59570,0.9,0.008,0.001,0.2098,-0.6922,-0.6922,-0.9313,0.000,41.1,33.0,0.08,0.000,0.00,-0.01,513
40.299,-5.59572,0.9,0.008,0.002,0.2097,-0.6919,-0.6919,-0.9313,0.000,41.1,33.0,0.09,0.000,0.00,-0.01,513
40.329,-5.59571,0.9,0.008,0.002,0.2097,-0.6921,-0.6921,-0.9313,0.000,41.1,33.0,0.08,0.000,0.00,-0.02,513
40.360,-5.59571,0.9,0.008,0.002,0.2097,-0.6921,-0.6921,-0.9313,0.000,41.1,33.0,0.08,0.000,0.00,-0.01,513
40.391,-5.59570,0.9,0.008,0.001,0.2098,-0.6922,-0.6922,-0.9313,0.000,41.1,33.0,0.09,0.000,0.00,-0.01,513
40.421,-5.59571,0.9,0.008,0.002,0.2097,-0.6921,-0.6921,-0.9313,0.000,41.1,33.0,0.08,0.000,0.00,0.05,513
40.452,-5.59570,0.9,0.008,0.002,0.2098,-0.6922,-0.6922,-0.9313,0.000,41.1,33.0,0.09,0.000,0.00,-0.01,513
40.482,-5.59572,0.9,0.008,-0.006,0.2097,-0.6920,-0.6920,-0.9313,0.000,41.1,33.0,0.08,0.000,0.00,-0.00,513
40.513,-5.59570,0.9,0.008,0.000,0.2098,-0.6922,-0.6922,-0.9313,0.000,41.1,33.0,0.08,0.000,0.00,0.00,513
40.544,-5.59571,0.9,0.008,0.002,0.2097,-0.6921,-0.6921,-0.9313,0.000,41.1,33.0,0.08,0.000,0.00,-0.00,513
40.574,-5.59571,0.9,0.008,0.001,0.2097,-0.6922,-0.6922,-0.9313,0.000,41.1,33.0,0.09,0.000,0.00,-0.01,513
40.605,-5.59572,0.9,0.008,0.001,0.2097,-0.6920,-0.6920,-0.9313,0.000,41.1,33.0,0.08,0.000,0.00,0.00,513
40.635,-5.59571,0.9,0.008,0.001,0.2097,-0.6921,-0.6921,-0.9313,0.000,41.1,33.0,0.08,0.000,0.00,-0.01,513
40.666,-5.59571,0.9,0.008,0.002,0.2097,-0.6921,-0.6921,-0.9313,0.000,41.1,33.0,0.08,0.000,0.00,-0.01,513
40.696,-5.59570,0.9,0.008,-0.000,0.2098,-0.6922,-0.6922,-0.9313,0.000,41.1,33.0,0.08,0.000,0.00,-0.01,513
40.730,-5.59571,0.9,0.008,0.001,0.2097,-0.6921,-0.6921,-0.9313,0.000,41.1,33.0,0.08,0.000,0.00,-0.00,513
40.761,-5.59571,0.9,0.008,0.002,0.2097,-0.6921,-0.6921,-0.9313,0.000,41.1,33.0,0.08,0.000,0.00,-0.01,513
40.794,-5.59570,0.9,0.008,0.004,0.2098,-0.6922,-0.6922,-0.9313,0.000,41.1,33.0,0.08,0.000,0.00,-0.00,513
40.825,-5.59570,0.9,0.008,-0.001,0.2098,-0.6922,-0.6922,-0.9313,0.000,41.1,33.0,0.08,0.000,0.00,-0.01,513
40.855,-5.59572,0.9,0.008,0.002,0.2097,-0.6920,-0.6920,-0.9313,0.000,41.1,33.0,0.08,0.000,0.00,-0.00,513
40.886,-5.59570,0.9,0.008,0.000,0.2098,-0.6922,-0.6922,-0.9313,0.000,41.1,33.0,0.08,0.000,0.00,-0.01,513
40.917,-5.59571,0.9,0.008,0.001,0.2097,-0.6921,-0.6921,-0.9313,0.000,41.1,33.0,0.09,0.000,0.00,0.00,513
40.947,-5.59570,0.9,0.008,-0.000,0.2098,-0.6922,-0.6922,-0.9313,0.000,41.1,33.0,0.08,0.000,0.00,-0.04,513
40.978,-5.59570,0.9,0.008,-0.000,0.2098,-0.6922,-0.6922,-0.9313,0.000,41.1,33.0,0.08,0.000,0.00,0.00,513
41.008,-5.59572,0.9,0.008,0.001,0.2097,-0.6920,-0.6920,-0.9313,0.000,41.1,33.0,0.09,0.000,0.00,-0.01,513
41.038,-5.59571,0.9,0.008,0.003,0.2097,-0.6922,-0.6922,-0.9313,0.000,41.1,33.0,0.08,0.000,0.00,-0.01,513
41.069,-5.59570,0.9,0.008,0.001,0.2098,-0.6922,-0.6922,-0.9313,0.000,41.1,33.0,0.08,0.000,0.00,0.03,513
41.099,-5.59570,0.9,0.008,0.001,0.2098,-0.6922,-0.6922,-0.9313,0.000,41.1,33.0,0.07,0.000,0.00,-0.01,513
41.129,-5.59570,0.9,0.008,-0.003,0.2098,-0.6922,-0.6922,-0.9313,0.000,41.1,33.0,0.08,0.000,0.00,-0.01,513
41.160,-5.59570,0.9,0.008,0.001,0.2098,-0.6922,-0.6922,-0.9313,0.000,41.1,33.0,0.08,0.000,0.00,0.00,513
41.191,-5.59569,0.9,0.008,0.001,0.2098,-0.6924,-0.6924,-0.9313,0.000,41.1,33.0,0.08,0.000,0.00,0.06,513
41.221,-5.59570,0.9,0.008,0.001,0.2098,-0.6922,-0.6922,-0.9313,0.000,41.1,33.0,0.08,0.000,0.00,0.00,513
41.252,-5.59570,0.9,0.008,-0.001,0.2098,-0.6923,-0.6923,-0.9313,0.000,41.1,33.0,0.08,0.000,0.00,-0.01,513
41.283,-5.59570,0.9,0.008,0.000,0.2098,-0.6922,-0.6922,-0.9313,0.000,41.1,33.0,0.09,0.000,0.00,-0.02,513
41.315,-5.59570,0.9,0.008,-0.003,0.2098,-0.6922,-0.6922,-0.9313,0.000,41.1,33.0,0.08,0.000,0.00,0.04,513
41.346,-5.59570,0.9,0.008,-0.006,0.2098,-0.6922,-0.6922,-0.9313,0.000,41.1,33.0,0.09,0.000,0.00,-0.00,513
41.376,-5.59570,0.9,0.008,0.000,0.2098,-0.6922,-0.6922,-0.9313,0.000,41.1,33.0,0.08,0.000,0.00,0.01,513
41.407,-5.59570,0.9,0.008,0.006,0.2098,-0.6922,-0.6922,-0.9313,0.000,41.1,33.0,0.08,0.000,0.00,0.01,513
41.438,-5.59570,0.9,0.008,-0.000,0.2098,-0.6922,-0.6922,-0.9313,0.000,41.0,33.0,0.09,0.000,0.00,0.00,513
41.469,-5.59570,0.9,0.008,0.001,0.2098,-0.6922,-0.6922,-0.9313,0.000,41.0,33.0,0.07,0.000,0.00,-0.01,513
41.500,-5.59570,0.9,0.008,-0.006,0.2098,-0.6922,-0.6922,-0.9313,0.000,41.0,33.0,0.08,0.000,0.00,0.01,513
41.530,-5.59571,0.9,0.008,0.004,0.2097,-0.6921,-0.6921,-0.9313,0.000,41.0,33.0,0.08,0.000,0.00,-0.01,513
41.560,-5.59570,0.9,0.008,0.000,0.2098,-0.6922,-0.6922,-0.9313,0.000,41.0,33.0,0.08,0.000,0.00,-0.00,513
41.591,-5.59574,0.9,0.008,0.007,0.2096,-0.6917,-0.6917,-0.9313,0.000,41.0,33.0,0.08,0.000,0.00,-0.00,513
41.622,-5.59570,0.9,0.008,0.002,0.2098,-0.6922,-0.6922,-0.9313,0.000,41.0,33.0,0.08,0.000,0.00,-0.02,513
41.652,-5.59570,0.9,0.008,0.001,0.2098,-0.6922,-0.6922,-0.9313,0.000,41.0,33.0,0.09,0.000,0.00,0.01,513
41.683,-5.59572,0.9,0.008,0.001,0.2097,-0.6920,-0.6920,-0.9313,0.000,41.0,33.0,0.08,0.000,0.00,-0.01,513
41.713,-5.59570,0.9,0.008,-0.001,0.2098,-0.6922,-0.6922,-0.9313,0.000,41.0,33.0,0.09,0.000,0.00,-0.02,513
41.744,-5.59571,0.9,0.008,0.001,0.2097,-0.6921,-0.6921,-0.9313,0.000,41.0,33.0,0.08,0.000,0.00,-0.01,513
41.775,-5.59570,0.9,0.008,-0.002,0.2098,-0.6922,-0.6922,-0.9313,0.000,41.0,33.0,0.07,0.000,0.00,-0.00,513
41.805,-5.59570,0.9,0.008,0.001,0.2098,-0.6922,-0.6922,-0.9313,0.000,41.0,33.0,0.07,0.000,0.00,-0.01,513
41.835,-5.59571,0.9,0.008,0.001,0.2097,-0.6921,-0.6921,-0.9313,0.000,41.0,33.0,0.08,0.000,0.00,-0.01,513
41.866,-5.59570,0.9,0.008,0.002,0.2098,-0.6922,-0.6922,-0.9313,0.000,41.0,33.0,0.07,0.000,0.00,0.02,513
41.896,-5.59570,0.9,0.008,0.002,0.2098,-0.6922,-0.6922,-0.9313,0.000,41.0,33.0,0.08,0.000,0.00,-0.01,513
41.926,-5.59570,0.9,0.008,-0.005,0.2098,-0.6922,-0.6922,-0.9313,0.000,41.0,33.0,0.07,0.000,0.00,0.00,513
41.958,-5.59570,0.9,0.008,-0.002,0.2098,-0.6922,-0.6922,-0.9313,0.000,41.0,33.0,0.08,0.000,0.00,-0.00,513
41.990,-5.59571,0.9,0.008,0.001,0.2097,-0.6921,-0.6921,-0.9313,0.000,41.0,33.0,0.08,0.000,0.00,-0.01,513
42.022,-5.59571,0.9,0.008,-0.007,0.2097,-0.6921,-0.6921,-0.9313,0.000,41.0,33.0,0.08,0.000,0.00,0.00,513
42.053,-5.59570,0.9,0.008,-0.002,0.2098,-0.6922,-0.6922,-0.9313,0.000,41.0,33.0,0.08,0.000,0.00,-0.01,513
42.083,-5.59570,0.9,0.008,-0.004,0.2098,-0.6922,-0.6922,-0.9313,0.000,41.0,33.0,0.08,0.000,0.00,0.01,513
42.114,-5.59569,0.9,0.008,0.000,0.2098,-0.6924,-0.6924,-0.9313,0.000,41.0,33.0,0.08,0.000,0.00,-0.03,513
42.144,-5.59571,0.9,0.008,0.003,0.2097,-0.6921,-0.6921,-0.9313,0.000,41.0,33.0,0.07,0.000,0.00,-0.01,513
42.174,-5.59570,0.9,0.008,0.000,0.2098,-0.6922,-0.6922,-0.9313,0.000,41.0,33.0,0.08,0.000,0.00,-0.01,513
42.205,-5.59572,0.9,0.008,0.002,0.2097,-0.6919,-0.6919,-0.9313,0.000,41.0,33.0,0.07,0.000,0.00,-0.01,513
42.235,-5.59572,0.9,0.008,-0.001,0.2097,-0.6920,-0.6920,-0.9313,0.000,41.0,33.0,0.08,0.000,0.00,-0.01,513
42.266,-5.59569,0.9,0.008,-0.001,0.2098,-0.6923,-0.6923,-0.9313,0.000,41.0,33.0,0.09,0.000,0.00,-0.00,513
42.297,-5.59569,1.0,0.008,0.001,0.2098,-0.6924,-0.6924,-0.9313,0.000,41.0,33.0,0.08,0.000,0.00,0.00,513
42.327,-5.59570,0.9,0.008,-0.000,0.2098,-0.6922,-0.6922,-0.9313,0.000,41.0,33.0,0.07,0.000,0.00,-0.00,513
42.358,-5.59570,0.9,0.008,0.000,0.2098,-0.6922,-0.6922,-0.9313,0.000,41.0,33.0,0.08,0.000,0.00,0.02,513
42.388,-5.59570,0.9,0.008,0.000,0.2098,-0.6922,-0.6922,-0.9313,0.000,41.0,33.0,0.08,0.000,0.00,0.00,513
42.419,-5.59570,0.9,0.008,0.000,0.2098,-0.6922,-0.6922,-0.9313,0.000,41.0,33.0,0.07,0.000,0.00,-0.02,513
42.450,-5.59570,0.9,0.008,-0.007,0.2098,-0.6922,-0.6922,-0.9313,0.000,41.0,33.0,0.07,0.000,0.00,-0.02,513
42.481,-5.59570,0.9,0.008,0.002,0.2098,-0.6922,-0.6922,-0.9313,0.000,41.0,33.0,0.08,0.000,0.00,-0.01,513
42.512,-5.59571,0.9,0.008,0.003,0.2097,-0.6922,-0.6922,-0.9313,0.000,41.0,33.0,0.08,0.000,0.00,-0.03,513
42.543,-5.59573,0.9,0.008,0.003,0.2097,-0.6919,-0.6919,-0.9313,0.000,41.0,33.0,0.08,0.000,0.00,-0.01,513
42.574,-5.59571,0.9,0.008,0.006,0.2097,-0.6921,-0.6921,-0.9313,0.000,41.0,32.9,0.07,0.000,0.00,0.02,513
42.604,-5.59571,0.9,0.008,0.009,0.2097,-0.6921,-0.6921,-0.9313,0.000,41.0,32.9,0.08,0.000,0.00,-0.04,513
42.635,-5.59573,0.9,0.008,0.005,0.2096,-0.6918,-0.6918,-0.9313,0.000,41.0,32.9,0.08,0.000,0.00,0.02,513
42.666,-5.59575,0.9,0.008,0.004,0.2095,-0.6915,-0.6915,-0.9313,0.000,41.0,32.9,0.07,0.000,0.00,0.03,513
42.697,-5.59575,0.9,0.008,-0.000,0.2096,-0.6916,-0.6916,-0.9313,0.000,41.0,32.9,0.08,0.000,0.00,0.01,513
42.727,-5.59573,0.9,0.008,0.006,0.2097,-0.6918,-0.6918,-0.9313,0.000,41.0,32.9,0.08,0.000,0.00,-0.00,513
42.758,-5.59575,0.9,0.008,0.005,0.2096,-0.6916,-0.6916,-0.9313,0.000,41.0,32.9,0.07,0.000,0.00,-0.00,513
42.788,-5.59575,0.9,0.008,-0.006,0.2096,-0.6916,-0.6916,-0.9313,0.000,41.0,32.9,0.08,0.000,0.00,-0.04,513
42.818,-5.59573,0.9,0.008,0.001,0.2096,-0.6918,-0.6918,-0.9313,0.000,41.0,32.9,0.07,0.000,0.00,-0.02,513
42.849,-5.59572,0.9,0.008,-0.000,0.2097,-0.6920,-0.6920,-0.9313,0.000,41.0,32.9,0.08,0.000,0.00,0.06,513
42.880,-5.59574,0.9,0.008,0.002,0.2096,-0.6918,-0.6918,-0.9313,0.000,41.0,32.9,0.08,0.000,0.00,0.01,513
42.910,-5.59573,0.9,0.008,0.002,0.2097,-0.6919,-0.6919,-0.9313,0.000,41.0,32.9,0.07,0.000,0.00,-0.04,513
42.940,-5.59575,0.9,0.008,-0.002,0.2096,-0.6915,-0.6915,-0.9313,0.000,41.0,32.9,0.08,0.000,0.00,0.03,513
42.972,-5.59573,0.9,0.008,0.003,0.2097,-0.6919,-0.6919,-0.9313,0.000,41.0,32.9,0.07,0.000,0.00,-0.01,513
43.005,-5.59575,0.9,0.008,0.001,0.2096,-0.6916,-0.6916,-0.9313,0.000,41.0,32.9,0.07,0.000,0.00,0.00,513
43.037,-5.59572,0.9,0.008,-0.004,0.2097,-0.6920,-0.6920,-0.9313,0.000,41.0,32.9,0.08,0.000,0.00,-0.05,513
43.068,-5.59575,0.9,0.008,0.012,0.2096,-0.6916,-0.6916,-0.9313,0.000,41.0,32.9,0.07,0.000,0.00,0.05,513
43.098,-5.59575,0.9,0.008,-0.003,0.2096,-0.6916,-0.6916,-0.9313,0.000,41.0,32.9,0.08,0.000,0.00,-0.02,513
43.129,-5.59573,0.9,0.008,-0.006,0.2096,-0.6918,-0.6918,-0.9313,0.000,41.0,32.9,0.07,0.000,0.00,0.01,513
43.159,-5.59573,0.9,0.008,0.005,0.2096,-0.6918,-0.6918,-0.9313,0.000,41.0,32.9,0.08,0.000,0.00,-0.02,513
43.190,-5.59575,0.9,0.008,-0.001,0.2096,-0.6916,-0.6916,-0.9313,0.000,41.0,32.9,0.08,0.000,0.00,-0.01,513
43.220,-5.59571,0.9,0.008,0.006,0.2097,-0.6921,-0.6921,-0.9313,0.000,41.0,32.9,0.08,0.000,0.00,-0.00,513
43.253,-5.59572,0.9,0.008,-0.008,0.2097,-0.6920,-0.6920,-0.9313,0.000,41.0,32.9,0.07,0.000,0.00,-0.07,513
43.283,-5.59573,0.9,0.008,0.009,0.2096,-0.6918,-0.6918,-0.9313,0.000,41.0,32.9,0.07,0.000,0.00,-0.03,513
43.314,-5.59575,0.9,0.008,-0.001,0.2096,-0.6916,-0.6916,-0.9313,0.000,41.0,32.9,0.07,0.000,0.00,0.04,513
43.344,-5.59574,0.9,0.008,-0.007,0.2096,-0.6918,-0.6918,-0.9313,0.000,41.0,32.9,0.08,0.000,0.00,0.02,513
43.375,-5.59574,0.9,0.008,0.000,0.2096,-0.6916,-0.6916,-0.9313,0.000,41.0,32.9,0.07,0.000,0.00,0.00,513
43.406,-5.59572,0.9,0.008,-0.008,0.2097,-0.6920,-0.6920,-0.9313,0.000,41.0,32.9,0.08,0.000,0.00,-0.01,513
43.436,-5.59573,0.9,0.008,-0.003,0.2096,-0.6918,-0.6918,-0.9313,0.000,41.0,32.9,0.08,0.000,0.00,0.02,513
43.467,-5.59572,0.9,0.008,-0.011,0.2097,-0.6920,-0.6920,-0.9313,0.000,41.0,32.9,0.07,0.000,0.00,0.02,513
43.499,-5.59572,0.9,0.008,-0.003,0.2097,-0.6919,-0.6919,-0.9313,0.000,41.0,32.9,0.07,0.000,0.00,-0.05,513
43.529,-5.59575,0.9,0.008,-0.001,0.2096,-0.6916,-0.6916,-0.9313,0.000,41.0,32.9,0.07,0.000,0.00,0.01,513
43.562,-5.59573,0.9,0.008,0.002,0.2096,-0.6918,-0.6918,-0.9313,0.000,41.0,32.9,0.08,0.000,0.00,0.01,513
43.594,-5.59571,0.9,0.008,0.006,0.2097,-0.6921,-0.6921,-0.9313,0.000,41.0,32.9,0.08,0.000,0.00,0.04,513
43.625,-5.59573,0.9,0.008,-0.002,0.2096,-0.6918,-0.6918,-0.9313,0.000,40.9,32.9,0.08,0.000,0.00,-0.01,513
43.657,-5.59571,0.9,0.008,0.000,0.2097,-0.6921,-0.6921,-0.9313,0.000,40.9,32.9,0.08,0.000,0.00,0.02,513
43.689,-5.59573,0.9,0.008,-0.008,0.2097,-0.6918,-0.6918,-0.9313,0.000,40.9,32.9,0.07,0.000,0.00,0.01,513
43.719,-5.59573,0.9,0.008,0.000,0.2097,-0.6919,-0.6919,-0.9313,0.000,40.9,32.9,0.08,0.000,0.00,-0.02,513
43.750,-5.59574,0.9,0.008,0.003,0.2096,-0.6917,-0.6917,-0.9313,0.000,40.9,32.9,0.07,0.000,0.00,-0.05,513
43.780,-5.59574,0.9,0.008,-0.008,0.2096,-0.6917,-0.6917,-0.9313,0.000,40.9,32.9,0.07,0.000,0.00,-0.01,513
43.811,-5.59575,0.9,0.008,-0.005,0.2096,-0.6915,-0.6915,-0.9313,0.000,40.9,32.9,0.08,0.000,0.00,-0.02,513
43.841,-5.59576,0.9,0.008,0.007,0.2095,-0.6914,-0.6914,-0.9313,0.000,40.9,32.9,0.07,0.000,0.00,-0.02,513
43.872,-5.59572,0.9,0.008,-0.002,0.2097,-0.6920,-0.6920,-0.9313,0.000,40.9,32.9,0.07,0.000,0.00,0.00,513
43.902,-5.59574,0.9,0.008,0.005,0.2096,-0.6917,-0.6917,-0.9313,0.000,40.9,32.9,0.07,0.000,0.00,-0.00,513
43.933,-5.59575,0.9,0.008,-0.010,0.2096,-0.6916,-0.6916,-0.9313,0.000,40.9,32.9,0.07,0.000,0.00,0.01,513
43.963,-5.59574,0.9,0.008,-0.006,0.2096,-0.6917,-0.6917,-0.9313,0.000,40.9,32.9,0.07,0.000,0.00,-0.02,513
43.994,-5.59574,0.9,0.008,-0.007,0.2096,-0.6917,-0.6917,-0.9313,0.000,40.9,32.9,0.07,0.000,0.00,0.07,513
44.024,-5.59574,0.9,0.008,0.007,0.2096,-0.6918,-0.6918,-0.9313,0.000,40.9,32.9,0.08,0.000,0.00,-0.02,513
44.055,-5.59573,0.9,0.008,-0.003,0.2096,-0.6918,-0.6918,-0.9313,0.000,40.9,32.9,0.08,0.000,0.00,-0.03,513
44.086,-5.59573,0.9,0.008,0.004,0.2096,-0.6918,-0.6918,-0.9313,0.000,40.9,32.9,0.08,0.000,0.00,-0.00,513
44.116,-5.59574,0.9,0.008,-0.002,0.2096,-0.6917,-0.6917,-0.9313,0.000,40.9,32.9,0.07,0.000,0.00,0.01,513
44.146,-5.59575,0.9,0.008,0.004,0.2096,-0.6915,-0.6915,-0.9313,0.000,40.9,32.9,0.07,0.000,0.00,0.02,513
44.177,-5.59573,0.9,0.008,-0.002,0.2097,-0.6919,-0.6919,-0.9313,0.000,40.9,32.9,0.07,0.000,0.00,0.05,513
44.209,-5.59575,0.9,0.008,0.006,0.2095,-0.6915,-0.6915,-0.9313,0.000,40.9,32.9,0.07,0.000,0.00,-0.04,513
44.241,-5.59575,0.9,0.008,0.005,0.2096,-0.6916,-0.6916,-0.9313,0.000,40.9,32.9,0.07,0.000,0.00,0.00,513
44.272,-5.59574,0.9,0.008,0.005,0.2096,-0.6917,-0.6917,-0.9313,0.000,40.9,32.9,0.08,0.000,0.00,-0.04,513
44.303,-5.59574,0.9,0.008,-0.007,0.2096,-0.6916,-0.6916,-0.9313,0.000,40.9,32.9,0.08,0.000,0.00,0.05,513
44.334,-5.59575,0.9,0.008,0.008,0.2096,-0.6916,-0.6916,-0.9313,0.000,40.9,32.9,0.06,0.000,0.00,-0.07,513
44.364,-5.59574,0.9,0.008,-0.007,0.2096,-0.6917,-0.6917,-0.9313,0.000,40.9,32.9,0.07,0.000,0.00,-0.03,513
44.395,-5.59574,0.9,0.008,-0.004,0.2096,-0.6918,-0.6918,-0.9313,0.000,40.9,32.9,0.08,0.000,0.00,-0.05,513
44.426,-5.59576,0.9,0.008,0.002,0.2095,-0.6915,-0.6915,-0.9313,0.000,40.9,32.9,0.07,0.000,0.00,0.01,513
44.456,-5.59575,0.9,0.008,-0.007,0.2096,-0.6915,-0.6915,-0.9313,0.000,40.9,32.9,0.08,0.000,0.00,-0.01,513
44.487,-5.59575,0.9,0.008,0.004,0.2096,-0.6916,-0.6916,-0.9313,0.000,40.9,32.9,0.07,0.000,0.00,-0.00,513
44.518,-5.59576,0.9,0.008,-0.008,0.2095,-0.6915,-0.6915,-0.9313,0.000,40.9,32.9,0.08,0.000,0.00,-0.05,513
44.549,-5.59573,0.9,0.008,0.004,0.2097,-0.6919,-0.6919,-0.9313,0.000,40.9,32.9,0.07,0.000,0.00,0.05,513
44.581,-5.59575,0.9,0.008,0.008,0.2096,-0.6916,-0.6916,-0.9313,0.000,40.9,32.9,0.07,0.000,0.00,0.02,513
44.612,-5.59574,0.9,0.008,0.007,0.2096,-0.6918,-0.6918,-0.9313,0.000,40.9,32.9,0.06,0.000,0.00,-0.01,513
44.642,-5.59574,0.9,0.008,0.002,0.2096,-0.6917,-0.6917,-0.9313,0.000,40.9,32.9,0.07,0.000,0.00,-0.03,513
44.673,-5.59572,0.9,0.008,-0.006,0.2097,-0.6920,-0.6920,-0.9313,0.000,40.9,32.9,0.08,0.000,0.00,0.06,513
44.703,-5.59574,0.9,0.008,0.002,0.2096,-0.6917,-0.6917,-0.9313,0.000,40.9,32.9,0.07,0.000,0.00,-0.03,513
44.734,-5.59574,0.9,0.008,-0.005,0.2096,-0.6917,-0.6917,-0.9313,0.000,40.9,32.9,0.07,0.000,0.00,0.01,513
44.764,-5.59575,0.9,0.008,-0.008,0.2096,-0.6916,-0.6916,-0.9313,0.000,40.9,32.9,0.07,0.000,0.00,0.02,513
44.795,-5.59576,0.9,0.008,0.012,0.2095,-0.6915,-0.6915,-0.9313,0.000,40.9,32.9,0.07,0.000,0.00,0.05,513
44.825,-5.59573,0.9,0.008,-0.006,0.2096,-0.6918,-0.6918,-0.9313,0.000,40.9,32.9,0.07,0.000,0.00,-0.00,513
44.856,-5.59576,0.9,0.008,0.005,0.2095,-0.6915,-0.6915,-0.9313,0.000,40.9,32.9,0.07,0.000,0.00,-0.02,513
44.886,-5.59574,0.9,0.008,-0.004,0.2096,-0.6917,-0.6917,-0.9313,0.000,40.9,32.9,0.07,0.000,0.00,-0.03,513
44.918,-5.59574,0.9,0.008,0.007,0.2096,-0.6916,-0.6916,-0.9313,0.000,40.9,32.9,0.08,0.000,0.00,0.03,513
44.949,-5.59574,0.9,0.008,0.001,0.2096,-0.6917,-0.6917,-0.9313,0.000,40.9,32.9,0.08,0.000,0.00,-0.02,513
44.981,-5.59575,0.9,0.008,0.010,0.2096,-0.6915,-0.6915,-0.9313,0.000,40.9,32.9,0.07,0.000,0.00,-0.04,513
45.013,-5.59576,0.9,0.008,0.005,0.2095,-0.6915,-0.6915,-0.9313,0.000,40.9,32.9,0.07,0.000,0.00,0.02,513
45.043,-5.59573,0.9,0.008,0.002,0.2096,-0.6918,-0.6918,-0.9313,0.000,40.9,32.9,0.07,0.000,0.00,-0.00,513
45.074,-5.59575,0.9,0.008,0.009,0.2096,-0.6916,-0.6916,-0.9313,0.000,40.9,32.9,0.07,0.000,0.00,0.03,513
45.104,-5.59573,0.9,0.008,-0.002,0.2096,-0.6918,-0.6918,-0.9313,0.000,40.9,32.9,0.07,0.000,0.00,0.06,513
45.136,-5.59575,0.9,0.008,-0.003,0.2096,-0.6916,-0.6916,-0.9313,0.000,40.9,32.9,0.07,0.000,0.00,0.01,513
45.166,-5.59575,0.9,0.008,-0.004,0.2095,-0.6915,-0.6915,-0.9313,0.000,40.9,32.9,0.07,0.000,0.00,0.02,513
45.197,-5.59575,0.9,0.008,0.006,0.2096,-0.6915,-0.6915,-0.9313,0.000,40.9,32.9,0.07,0.000,0.00,0.02,513
45.227,-5.59575,0.9,0.008,0.004,0.2096,-0.6916,-0.6916,-0.9313,0.000,40.9,32.9,0.07,0.000,0.00,0.02,513
45.257,-5.59574,0.9,0.008,0.001,0.2096,-0.6917,-0.6917,-0.9313,0.000,40.9,32.9,0.07,0.000,0.00,-0.00,513
45.288,-5.59572,0.9,0.008,0.009,0.2097,-0.6920,-0.6920,-0.9313,0.000,40.9,32.9,0.07,0.000,0.00,-0.02,513
45.318,-5.59575,0.9,0.008,-0.003,0.2096,-0.6916,-0.6916,-0.9313,0.000,40.9,32.9,0.07,0.000,0.00,0.02,513
45.349,-5.59574,0.9,0.008,0.002,0.2096,-0.6917,-0.6917,-0.9313,0.000,40.9,32.9,0.07,0.000,0.00,0.02,513
45.379,-5.59572,0.9,0.008,-0.007,0.2097,-0.6919,-0.6919,-0.9313,0.000,40.9,32.9,0.07,0.000,0.00,-0.07,513
45.410,-5.59576,0.9,0.008,0.007,0.2095,-0.6914,-0.6914,-0.9313,0.000,40.9,32.9,0.07,0.000,0.00,0.02,513
45.441,-5.59575,0.9,0.008,-0.003,0.2096,-0.6916,-0.6916,-0.9313,0.000,40.9,32.9,0.06,0.000,0.00,0.02,513
45.471,-5.59573,0.9,0.008,0.000,0.2096,-0.6918,-0.6918,-0.9313,0.000,40.9,32.9,0.07,0.000,0.00,-0.01,513
45.502,-5.59576,0.9,0.008,0.008,0.2095,-0.6915,-0.6915,-0.9313,0.000,40.9,32.8,0.07,0.000,0.00,0.01,513
45.532,-5.59575,0.9,0.008,-0.007,0.2096,-0.6916,-0.6916,-0.9313,0.000,40.9,32.8,0.07,0.000,0.00,0.03,513
45.563,-5.59572,0.9,0.008,0.002,0.2097,-0.6920,-0.6920,-0.9313,0.000,40.9,32.8,0.07,0.000,0.00,0.03,513
45.593,-5.59575,0.9,0.008,-0.009,0.2096,-0.6916,-0.6916,-0.9313,0.000,40.9,32.8,0.07,0.000,0.00,-0.00,513
45.624,-5.59575,0.9,0.008,0.005,0.2096,-0.6916,-0.6916,-0.9313,0.000,40.9,32.8,0.07,0.000,0.00,0.02,513
45.656,-5.59576,0.9,0.008,0.002,0.2095,-0.6915,-0.6915,-0.9313,0.000,40.9,32.8,0.07,0.000,0.00,-0.02,513
45.688,-5.59572,0.9,0.008,0.001,0.2097,-0.6919,-0.6919,-0.9313,0.000,40.9,32.8,0.07,0.000,0.00,0.01,513
45.720,-5.59571,0.9,0.008,-0.007,0.2097,-0.6921,-0.6921,-0.9313,0.000,40.9,32.8,0.07,0.000,0.00,-0.02,513
45.750,-5.59572,0.9,0.008,-0.008,0.2097,-0.6920,-0.6920,-0.9313,0.000,40.9,32.8,0.07,0.000,0.00,-0.05,513
45.781,-5.59570,0.9,0.008,-0.001,0.2098,-0.6922,-0.6922,-0.9313,0.000,40.9,32.8,0.07,0.000,0.00,-0.00,513
45.812,-5.59570,0.9,0.008,0.000,0.2098,-0.6922,-0.6922,-0.9313,0.000,40.9,32.8,0.07,0.000,0.00,0.00,513
45.842,-5.59570,0.9,0.008,0.010,0.2098,-0.6922,-0.6922,-0.9313,0.000,40.9,32.8,0.07,0.000,0.00,0.02,513
45.873,-5.59569,1.0,0.008,-0.005,0.2098,-0.6924,-0.6924,-0.9313,0.000,40.9,32.8,0.07,0.000,0.00,0.05,513
45.903,-5.59570,0.9,0.008,-0.000,0.2098,-0.6922,-0.6922,-0.9313,0.000,40.9,32.8,0.08,0.000,0.00,-0.06,513
45.933,-5.59569,1.0,0.008,0.006,0.2098,-0.6924,-0.6924,-0.9313,0.000,40.9,32.8,0.07,0.000,0.00,0.04,513
45.964,-5.59570,0.9,0.008,0.002,0.2098,-0.6923,-0.6923,-0.9313,0.000,40.9,32.8,0.08,0.000,0.00,-0.03,513
45.994,-5.59568,1.0,0.008,0.003,0.2099,-0.6925,-0.6925,-0.9313,0.000,40.9,32.8,0.06,0.000,0.00,0.05,513
46.024,-5.59568,1.0,0.008,-0.003,0.2098,-0.6925,-0.6925,-0.9313,0.000,40.8,32.8,0.07,0.000,0.00,-0.01,513
46.055,-5.59566,1.0,0.008,0.004,0.2099,-0.6928,-0.6928,-0.9313,0.000,40.8,32.8,0.07,0.000,0.00,-0.02,513
46.085,-5.59568,1.0,0.008,0.003,0.2098,-0.6925,-0.6925,-0.9313,0.000,40.8,32.8,0.07,0.000,0.00,0.01,513
46.115,-5.59567,1.0,0.008,0.007,0.2099,-0.6927,-0.6927,-0.9313,0.000,40.8,32.8,0.07,0.000,0.00,0.04,513
46.146,-5.59568,1.0,0.008,-0.001,0.2098,-0.6925,-0.6925,-0.9313,0.000,40.8,32.8,0.07,0.000,0.00,0.02,513
46.177,-5.59567,1.0,0.008,-0.000,0.2099,-0.6927,-0.6927,-0.9313,0.000,40.8,32.8,0.07,0.000,0.00,0.02,513
46.208,-5.59568,1.0,0.008,-0.000,0.2098,-0.6925,-0.6925,-0.9313,0.000,40.8,32.8,0.07,0.000,0.00,0.01,513
46.239,-5.59568,1.0,0.008,-0.007,0.2099,-0.6925,-0.6925,-0.9313,0.000,40.8,32.8,0.07,0.000,0.00,0.06,513
46.270,-5.59565,1.0,0.008,-0.013,0.2100,-0.6929,-0.6929,-0.9313,0.000,40.8,32.8,0.07,0.000,0.00,0.04,513
46.300,-5.59568,1.0,0.008,0.006,0.2098,-0.6925,-0.6925,-0.9313,0.000,40.8,32.8,0.07,0.000,0.00,0.01,513
46.331,-5.59568,1.0,0.008,0.001,0.2098,-0.6925,-0.6925,-0.9313,0.000,40.8,32.8,0.06,0.000,0.00,0.02,513
46.362,-5.59567,1.0,0.008,-0.007,0.2099,-0.6927,-0.6927,-0.9313,0.000,40.8,32.8,0.07,0.000,0.00,0.01,513
46.394,-5.59567,1.0,0.008,0.003,0.2099,-0.6926,-0.6926,-0.9313,0.000,40.8,32.8,0.07,0.000,0.00,0.03,513
46.426,-5.59567,1.0,0.008,0.003,0.2099,-0.6926,-0.6926,-0.9313,0.000,40.8,32.8,0.07,0.000,0.00,0.02,513
46.458,-5.59565,1.0,0.008,-0.010,0.2100,-0.6929,-0.6929,-0.9313,0.000,40.8,32.8,0.07,0.000,0.00,-0.04,513
46.489,-5.59565,1.0,0.008,-0.002,0.2100,-0.6929,-0.6929,-0.9313,0.000,40.8,32.8,0.07,0.000,0.00,-0.02,513
46.519,-5.59568,1.0,0.008,0.004,0.2098,-0.6925,-0.6925,-0.9313,0.000,40.8,32.8,0.07,0.000,0.00,0.05,513
46.551,-5.59569,1.0,0.008,-0.003,0.2098,-0.6924,-0.6924,-0.9313,0.000,40.8,32.8,0.07,0.000,0.00,0.00,513
46.581,-5.59569,1.0,0.008,-0.010,0.2098,-0.6924,-0.6924,-0.9313,0.000,40.8,32.8,0.07,0.000,0.00,0.01,513
46.612,-5.59567,1.0,0.008,-0.002,0.2099,-0.6927,-0.6927,-0.9313,0.000,40.8,32.8,0.07,0.000,0.00,-0.04,513
46.642,-5.59566,1.0,0.008,-0.005,0.2099,-0.6927,-0.6927,-0.9313,0.000,40.8,32.8,0.07,0.000,0.00,0.06,513
46.674,-5.59567,1.0,0.008,-0.005,0.2099,-0.6926,-0.6926,-0.9313,0.000,40.8,32.8,0.07,0.000,0.00,-0.04,513
46.707,-5.59566,1.0,0.008,-0.001,0.2099,-0.6928,-0.6928,-0.9313,0.000,40.8,32.8,0.07,0.000,0.00,-0.03,513
46.739,-5.59567,1.0,0.008,-0.002,0.2099,-0.6926,-0.6926,-0.9313,0.000,40.8,32.8,0.07,0.000,0.00,0.02,513
46.770,-5.59566,1.0,0.008,-0.001,0.2099,-0.6928,-0.6928,-0.9313,0.000,40.8,32.8,0.07,0.000,0.00,0.00,513
46.800,-5.59569,1.0,0.008,0.004,0.2098,-0.6924,-0.6924,-0.9313,0.000,40.8,32.8,0.07,0.000,0.00,-0.04,513
46.831,-5.59568,1.0,0.008,0.006,0.2098,-0.6925,-0.6925,-0.9313,0.000,40.8,32.8,0.07,0.000,0.00,0.08,513
46.861,-5.59565,1.0,0.008,0.005,0.2100,-0.6929,-0.6929,-0.9313,0.000,40.8,32.8,0.07,0.000,0.00,-0.02,513
46.892,-5.59566,1.0,0.008,-0.005,0.2099,-0.6928,-0.6928,-0.9313,0.000,40.8,32.8,0.07,0.000,0.00,0.03,513
46.922,-5.59566,1.0,0.008,-0.003,0.2099,-0.6927,-0.6927,-0.9313,0.000,40.8,32.8,0.08,0.000,0.00,-0.02,513
46.953,-5.59567,1.0,0.008,0.003,0.2099,-0.6926,-0.6926,-0.9313,0.000,40.8,32.8,0.06,0.000,0.00,-0.03,513
46.983,-5.59566,1.0,0.008,0.000,0.2099,-0.6928,-0.6928,-0.9313,0.000,40.8,32.8,0.07,0.000,0.00,-0.03,513
47.014,-5.59565,1.0,0.008,-0.008,0.2100,-0.6929,-0.6929,-0.9313,0.000,40.8,32.8,0.07,0.000,0.00,-0.02,513
47.045,-5.59566,1.0,0.008,-0.002,0.2099,-0.6927,-0.6927,-0.9313,0.000,40.8,32.8,0.07,0.000,0.00,0.00,513
47.075,-5.59570,0.9,0.008,0.006,0.2098,-0.6923,-0.6923,-0.9313,0.000,40.8,32.8,0.07,0.000,0.00,0.07,513
47.105,-5.59565,1.0,0.008,0.000,0.2100,-0.6930,-0.6930,-0.9313,0.000,40.8,32.8,0.07,0.000,0.00,-0.04,513
47.136,-5.59567,1.0,0.008,-0.010,0.2099,-0.6926,-0.6926,-0.9313,0.000,40.8,32.8,0.07,0.000,0.00,-0.02,513
47.166,-5.59566,1.0,0.008,-0.001,0.2099,-0.6928,-0.6928,-0.9313,0.000,40.8,32.8,0.07,0.000,0.00,0.06,513
47.197,-5.59566,1.0,0.008,-0.006,0.2099,-0.6928,-0.6928,-0.9313,0.000,40.8,32.8,0.07,0.000,0.00,0.03,513
47.229,-5.59566,1.0,0.008,0.002,0.2099,-0.6927,-0.6927,-0.9313,0.000,40.8,32.8,0.07,0.000,0.00,0.01,513
47.259,-5.59566,1.0,0.008,-0.001,0.2099,-0.6927,-0.6927,-0.9313,0.000,40.8,32.8,0.07,0.000,0.00,0.02,513
47.289,-5.59566,1.0,0.008,0.004,0.2099,-0.6927,-0.6927,-0.9313,0.000,40.8,32.8,0.07,0.000,0.00,-0.01,513
47.320,-5.59566,1.0,0.008,-0.011,0.2099,-0.6928,-0.6928,-0.9313,0.000,40.8,32.8,0.07,0.000,0.00,-0.05,513
47.350,-5.59565,1.0,0.008,-0.005,0.2100,-0.6929,-0.6929,-0.9313,0.000,40.8,32.8,0.07,0.000,0.00,0.05,513
47.381,-5.59566,1.0,0.008,-0.002,0.2100,-0.6928,-0.6928,-0.9313,0.000,40.8,32.8,0.07,0.000,0.00,-0.03,513
47.412,-5.59567,1.0,0.008,-0.008,0.2099,-0.6926,-0.6926,-0.9313,0.000,40.8,32.8,0.07,0.000,0.00,0.01,513
47.443,-5.59566,1.0,0.008,-0.005,0.2099,-0.6928,-0.6928,-0.9313,0.000,40.8,32.8,0.07,0.000,0.00,-0.04,513
47.474,-5.59566,1.0,0.008,-0.006,0.2099,-0.6928,-0.6928,-0.9313,0.000,40.8,32.8,0.06,0.000,0.00,0.00,513
47.505,-5.59567,1.0,0.008,0.001,0.2099,-0.6927,-0.6927,-0.9313,0.000,40.8,32.8,0.07,0.000,0.00,-0.03,513
47.536,-5.59565,1.0,0.008,0.004,0.2100,-0.6929,-0.6929,-0.9313,0.000,40.8,32.8,0.07,0.000,0.00,0.01,513
47.566,-5.59565,1.0,0.008,-0.003,0.2100,-0.6930,-0.6930,-0.9313,0.000,40.8,32.8,0.07,0.000,0.00,-0.03,513
47.597,-5.59568,1.0,0.008,-0.006,0.2099,-0.6926,-0.6926,-0.9313,0.000,40.8,32.8,0.07,0.000,0.00,-0.05,513
47.627,-5.59567,1.0,0.008,-0.002,0.2099,-0.6926,-0.6926,-0.9313,0.000,40.8,32.8,0.07,0.000,0.00,0.02,513
47.658,-5.59565,1.0,0.008,-0.007,0.2100,-0.6929,-0.6929,-0.9313,0.000,40.8,32.8,0.07,0.000,0.00,-0.02,513
47.690,-5.59569,1.0,0.008,-0.002,0.2098,-0.6924,-0.6924,-0.9313,0.000,40.8,32.8,0.07,0.000,0.00,0.07,513
47.722,-5.59567,1.0,0.008,0.000,0.2099,-0.6927,-0.6927,-0.9313,0.000,40.8,32.8,0.07,0.000,0.00,0.06,513
47.755,-5.59566,1.0,0.008,-0.001,0.2100,-0.6928,-0.6928,-0.9313,0.000,40.8,32.8,0.07,0.000,0.00,0.04,513
47.786,-5.59568,1.0,0.008,-0.003,0.2098,-0.6925,-0.6925,-0.9313,0.000,40.8,32.8,0.07,0.000,0.00,-0.03,513
47.816,-5.59565,1.0,0.008,0.002,0.2100,-0.6930,-0.6930,-0.9313,0.000,40.8,32.8,0.07,0.000,0.00,-0.02,513
47.847,-5.59566,1.0,0.008,-0.000,0.2099,-0.6928,-0.6928,-0.9313,0.000,40.8,32.8,0.07,0.000,0.00,-0.04,513
47.878,-5.59569,1.0,0.008,-0.006,0.2098,-0.6924,-0.6924,-0.9313,0.000,40.8,32.8,0.07,0.000,0.00,-0.01,513
47.908,-5.59565,1.0,0.008,-0.005,0.2100,-0.6929,-0.6929,-0.9313,0.000,40.8,32.8,0.07,0.000,0.00,-0.06,513
47.938,-5.59565,1.0,0.008,0.007,0.2100,-0.6929,-0.6929,-0.9313,0.000,40.8,32.8,0.07,0.000,0.00,0.00,513
47.969,-5.59566,1.0,0.008,-0.008,0.2099,-0.6928,-0.6928,-0.9313,0.000,40.8,32.8,0.07,0.000,0.00,0.01,513
48.001,-5.59565,1.0,0.008,0.003,0.2100,-0.6929,-0.6929,-0.9313,0.000,40.8,32.8,0.06,0.000,0.00,0.03,513
48.032,-5.59567,1.0,0.008,0.000,0.2099,-0.6927,-0.6927,-0.9313,0.000,40.8,32.8,0.07,0.000,0.00,-0.04,513
48.064,-5.59566,1.0,0.008,-0.006,0.2099,-0.6927,-0.6927,-0.9313,0.000,40.8,32.8,0.07,0.000,0.00,-0.03,513
48.096,-5.59564,1.0,0.008,0.005,0.2100,-0.6931,-0.6931,-0.9313,0.000,40.8,32.8,0.07,0.000,0.00,-0.04,513
48.127,-5.59567,1.0,0.008,-0.000,0.2099,-0.6926,-0.6926,-0.9313,0.000,40.8,32.8,0.06,0.000,0.00,-0.04,513
48.157,-5.59566,1.0,0.008,0.002,0.2099,-0.6928,-0.6928,-0.9313,0.000,40.8,32.8,0.07,0.000,0.00,0.03,513
48.188,-5.59568,1.0,0.008,-0.004,0.2099,-0.6926,-0.6926,-0.9313,0.000,40.8,32.8,0.07,0.000,0.00,0.06,513
48.220,-5.59565,1.0,0.008,0.002,0.2100,-0.6930,-0.6930,-0.9313,0.000,40.8,32.8,0.07,0.000,0.00,-0.02,513
48.253,-5.59568,1.0,0.008,0.007,0.2099,-0.6926,-0.6926,-0.9313,0.000,40.8,32.8,0.07,0.000,0.00,-0.00,513
48.285,-5.59566,1.0,0.008,-0.009,0.2100,-0.6928,-0.6928,-0.9313,0.000,40.8,32.8,0.07,0.000,0.00,-0.04,513
48.316,-5.59566,1.0,0.008,0.004,0.2100,-0.6928,-0.6928,-0.9313,0.000,40.8,32.8,0.06,0.000,0.00,-0.04,513
48.347,-5.59566,1.0,0.008,-0.009,0.2099,-0.6928,-0.6928,-0.9313,0.000,40.8,32.8,0.07,0.000,0.00,-0.01,513
48.377,-5.59564,1.0,0.008,-0.005,0.2100,-0.6931,-0.6931,-0.9313,0.000,40.8,32.8,0.07,0.000,0.00,-0.01,513
48.409,-5.59565,1.0,0.008,-0.005,0.2100,-0.6930,-0.6930,-0.9313,0.000,40.8,32.8,0.07,0.000,0.00,0.07,513
48.440,-5.59566,1.0,0.008,0.003,0.2099,-0.6927,-0.6927,-0.9313,0.000,40.8,32.8,0.07,0.000,0.00,-0.03,513
48.470,-5.59567,1.0,0.008,-0.002,0.2099,-0.6926,-0.6926,-0.9313,0.000,40.8,32.8,0.07,0.000,0.00,0.03,513
48.501,-5.59566,1.0,0.008,0.006,0.2099,-0.6928,-0.6928,-0.9313,0.000,40.8,32.8,0.07,0.000,0.00,0.00,513
48.532,-5.59566,1.0,0.008,0.009,0.2099,-0.6928,-0.6928,-0.9313,0.000,40.8,32.8,0.07,0.000,0.00,-0.00,513
48.563,-5.59566,1.0,0.008,0.008,0.2099,-0.6928,-0.6928,-0.9313,0.000,40.8,32.8,0.06,0.000,0.00,-0.00,513
48.593,-5.59565,1.0,0.008,-0.008,0.2100,-0.6930,-0.6930,-0.9313,0.000,40.8,32.8,0.07,0.000,0.00,0.01,513
48.624,-5.59566,1.0,0.008,0.005,0.2099,-0.6928,-0.6928,-0.9313,0.000,40.7,32.8,0.06,0.000,0.00,-0.03,513
48.655,-5.59567,1.0,0.008,-0.001,0.2099,-0.6927,-0.6927,-0.9313,0.000,40.7,32.7,0.07,0.000,0.00,-0.01,513
48.686,-5.59566,1.0,0.008,0.001,0.2099,-0.6928,-0.6928,-0.9313,0.000,40.7,32.7,0.06,0.000,0.00,-0.03,513
48.717,-5.59568,1.0,0.008,-0.008,0.2099,-0.6925,-0.6925,-0.9313,0.000,40.7,32.7,0.07,0.000,0.00,0.02,513
48.747,-5.59567,1.0,0.008,0.005,0.2099,-0.6927,-0.6927,-0.9313,0.000,40.7,32.7,0.07,0.000,0.00,0.01,513
48.778,-5.59568,1.0,0.008,0.005,0.2099,-0.6925,-0.6925,-0.9313,0.000,40.7,32.7,0.07,0.000,0.00,-0.00,513
48.809,-5.59566,1.0,0.008,-0.003,0.2099,-0.6928,-0.6928,-0.9313,0.000,40.7,32.7,0.07,0.000,0.00,0.04,513
48.840,-5.59568,1.0,0.008,0.007,0.2098,-0.6925,-0.6925,-0.9313,0.000,40.7,32.7,0.07,0.000,0.00,0.07,513
48.871,-5.59565,1.0,0.008,-0.002,0.2100,-0.6929,-0.6929,-0.9313,0.000,40.7,32.7,0.07,0.000,0.00,-0.04,513
48.901,-5.59567,1.0,0.008,-0.001,0.2099,-0.6927,-0.6927,-0.9313,0.000,40.7,32.7,0.07,0.000,0.00,0.00,513
48.933,-5.59566,1.0,0.008,-0.000,0.2100,-0.6928,-0.6928,-0.9313,0.000,40.7,32.7,0.07,0.000,0.00,0.02,513
48.965,-5.59566,1.0,0.008,-0.002,0.2099,-0.6928,-0.6928,-0.9313,0.000,40.7,32.7,0.06,0.000,0.00,-0.00,513
48.997,-5.59566,1.0,0.008,0.002,0.2099,-0.6927,-0.6927,-0.9313,0.000,40.7,32.7,0.07,0.000,0.00,0.03,513
49.029,-5.59565,1.0,0.008,-0.003,0.2100,-0.6929,-0.6929,-0.9313,0.000,40.7,32.7,0.07,0.000,0.00,-0.01,513
49.061,-5.59564,1.0,0.008,-0.003,0.2100,-0.6931,-0.6931,-0.9313,0.000,40.7,32.7,0.07,0.000,0.00,0.00,513
49.093,-5.59566,1.0,0.008,0.000,0.2099,-0.6928,-0.6928,-0.9313,0.000,40.7,32.7,0.07,0.000,0.00,-0.04,513
49.124,-5.59565,1.0,0.008,-0.005,0.2100,-0.6929,-0.6929,-0.9313,0.000,40.7,32.7,0.06,0.000,0.00,-0.01,513
49.155,-5.59567,1.0,0.008,0.006,0.2099,-0.6926,-0.6926,-0.9313,0.000,40.7,32.7,0.06,0.000,0.00,-0.00,513
49.185,-5.59566,1.0,0.008,-0.005,0.2099,-0.6928,-0.6928,-0.9313,0.000,40.7,32.7,0.07,0.000,0.00,-0.00,513
49.216,-5.59565,1.0,0.008,-0.005,0.2100,-0.6929,-0.6929,-0.9313,0.000,40.7,32.7,0.07,0.000,0.00,-0.03,513
49.247,-5.59564,1.0,0.008,0.001,0.2100,-0.6930,-0.6930,-0.9313,0.000,40.7,32.7,0.07,0.000,0.00,-0.01,513
49.278,-5.59567,1.0,0.008,0.006,0.2099,-0.6927,-0.6927,-0.9313,0.000,40.7,32.7,0.06,0.000,0.00,-0.02,513
49.309,-5.59568,1.0,0.008,0.010,0.2099,-0.6925,-0.6925,-0.9313,0.000,40.7,32.7,0.07,0.000,0.00,-0.05,513
49.340,-5.59565,1.0,0.008,-0.002,0.2100,-0.6929,-0.6929,-0.9313,0.000,40.7,32.7,0.07,0.000,0.00,0.03,513
49.372,-5.59568,1.0,0.008,-0.003,0.2099,-0.6926,-0.6926,-0.9313,0.000,40.7,32.7,0.07,0.000,0.00,-0.01,513
49.404,-5.59566,1.0,0.008,-0.002,0.2099,-0.6927,-0.6927,-0.9313,0.000,40.7,32.7,0.05,0.000,0.00,-0.01,513
49.436,-5.59566,1.0,0.008,-0.005,0.2100,-0.6928,-0.6928,-0.9313,0.000,40.7,32.7,0.06,0.000,0.00,0.02,513
49.468,-5.59566,1.0,0.008,0.004,0.2099,-0.6927,-0.6927,-0.9313,0.000,40.7,32.7,0.07,0.000,0.00,0.04,513
49.500,-5.59566,1.0,0.008,-0.004,0.2099,-0.6927,-0.6927,-0.9313,0.000,40.7,32.7,0.07,0.000,0.00,-0.02,513
49.532,-5.59566,1.0,0.008,0.005,0.2099,-0.6927,-0.6927,-0.9313,0.000,40.7,32.7,0.07,0.000,0.00,-0.03,513
49.562,-5.59566,1.0,0.008,0.011,0.2099,-0.6927,-0.6927,-0.9313,0.000,40.7,32.7,0.07,0.000,0.00,-0.02,513
49.594,-5.59566,1.0,0.008,0.007,0.2099,-0.6928,-0.6928,-0.9313,0.000,40.7,32.7,0.07,0.000,0.00,-0.04,513
49.625,-5.59567,1.0,0.008,-0.007,0.2099,-0.6926,-0.6926,-0.9313,0.000,40.7,32.7,0.07,0.000,0.00,-0.00,513
49.656,-5.59565,1.0,0.008,-0.012,0.2100,-0.6929,-0.6929,-0.9313,0.000,40.7,32.7,0.07,0.000,0.00,-0.01,513
49.686,-5.59568,1.0,0.008,0.006,0.2099,-0.6926,-0.6926,-0.9313,0.000,40.7,32.7,0.07,0.000,0.00,0.06,513
49.715,-5.59564,1.0,0.008,-0.009,0.2100,-0.6930,-0.6930,-0.9313,0.000,40.7,32.7,0.07,0.000,0.00,-0.01,513
49.747,-5.59569,1.0,0.008,-0.001,0.2098,-0.6924,-0.6924,-0.9313,0.000,40.7,32.7,0.05,0.000,0.00,0.00,513
49.779,-5.59565,1.0,0.008,-0.005,0.2100,-0.6929,-0.6929,-0.9313,0.000,40.7,32.7,0.07,0.000,0.00,0.01,513
49.811,-5.59564,1.0,0.008,-0.006,0.2100,-0.6930,-0.6930,-0.9313,0.000,40.7,32.7,0.06,0.000,0.00,-0.01,513
49.844,-5.59566,1.0,0.008,0.003,0.2099,-0.6928,-0.6928,-0.9313,0.000,40.7,32.7,0.07,0.000,0.00,0.08,513
49.874,-5.59566,1.0,0.008,-0.003,0.2100,-0.6928,-0.6928,-0.9313,0.000,40.7,32.7,0.06,0.000,0.00,-0.02,513
49.905,-5.59567,1.0,0.008,0.002,0.2099,-0.6927,-0.6927,-0.9313,0.000,40.7,32.7,0.07,0.000,0.00,-0.01,513
49.936,-5.59565,1.0,0.008,-0.005,0.2100,-0.6929,-0.6929,-0.9313,0.000,40.7,32.7,0.06,0.000,0.00,-0.01,513
49.968,-5.59567,1.0,0.008,-0.000,0.2099,-0.6926,-0.6926,-0.9313,0.000,40.7,32.7,0.07,0.000,0.00,-0.00,513
49.999,-5.59565,1.0,0.008,0.006,0.2100,-0.6929,-0.6929,-0.9313,0.000,40.7,32.7,0.07,0.000,0.00,0.00,513
50.030,-5.59566,1.0,0.008,-0.006,0.2099,-0.6928,-0.6928,-0.9313,0.000,40.7,32.7,0.06,0.000,0.00,0.03,513
50.061,-5.59566,1.0,0.008,0.007,0.2099,-0.6927,-0.6927,-0.9313,0.000,40.7,32.7,0.07,0.000,0.00,-0.03,513
50.091,-5.59565,1.0,0.008,0.004,0.2100,-0.6930,-0.6930,-0.9313,0.000,40.7,32.7,0.07,0.000,0.00,-0.03,513
50.122,-5.59565,1.0,0.008,0.001,0.2100,-0.6929,-0.6929,-0.9313,0.000,40.7,32.7,0.06,0.000,0.00,0.03,513
50.152,-5.59564,1.0,0.008,-0.008,0.2100,-0.6930,-0.6930,-0.9313,0.000,40.7,32.7,0.07,0.000,0.00,0.01,513
50.182,-5.59566,1.0,0.008,-0.002,0.2099,-0.6928,-0.6928,-0.9313,0.000,40.7,32.7,0.07,0.000,0.00,0.04,513
50.213,-5.59564,1.0,0.008,-0.000,0.2100,-0.6930,-0.6930,-0.9313,0.000,40.7,32.7,0.07,0.000,0.00,-0.01,513
50.247,-5.59567,1.0,0.008,0.004,0.2099,-0.6927,-0.6927,-0.9313,0.000,40.7,32.7,0.07,0.000,0.00,-0.02,513
50.277,-5.59568,1.0,0.008,0.008,0.2099,-0.6925,-0.6925,-0.9313,0.000,40.7,32.7,0.06,0.000,0.00,0.02,513
50.307,-5.59567,1.0,0.008,0.007,0.2099,-0.6926,-0.6926,-0.9313,0.000,40.7,32.7,0.07,0.000,0.00,0.00,513
50.338,-5.59568,1.0,0.008,-0.007,0.2098,-0.6925,-0.6925,-0.9313,0.000,40.7,32.7,0.06,0.000,0.00,-0.02,513
50.369,-5.59565,1.0,0.008,-0.002,0.2100,-0.6929,-0.6929,-0.9313,0.000,40.7,32.7,0.07,0.000,0.00,0.03,513
50.399,-5.59567,1.0,0.008,0.005,0.2099,-0.6927,-0.6927,-0.9313,0.000,40.7,32.7,0.06,0.000,0.00,0.03,513
50.429,-5.59565,1.0,0.008,0.003,0.2100,-0.6929,-0.6929,-0.9313,0.000,40.7,32.7,0.07,0.000,0.00,0.01,513
50.471,-5.59566,1.0,0.008,-0.002,0.2100,-0.6928,-0.6928,-0.9313,0.000,40.7,32.7,0.07,0.000,0.00,0.03,513
50.502,-5.59566,1.0,0.008,-0.004,0.2099,-0.6928,-0.6928,-0.9313,0.000,40.7,32.7,0.06,0.000,0.00,-0.04,513
50.533,-5.59566,1.0,0.008,-0.001,0.2099,-0.6928,-0.6928,-0.9313,0.000,40.7,32.7,0.07,0.000,0.00,0.08,513
50.563,-5.59566,1.0,0.008,0.006,0.2100,-0.6928,-0.6928,-0.9313,0.000,40.7,32.7,0.07,0.000,0.00,0.01,513
50.594,-5.59568,1.0,0.008,0.002,0.2099,-0.6925,-0.6925,-0.9313,0.000,40.7,32.7,0.07,0.000,0.00,0.00,513
50.624,-5.59565,1.0,0.008,-0.001,0.2100,-0.6930,-0.6930,-0.9313,0.000,40.7,32.7,0.07,0.000,0.00,-0.03,513
50.655,-5.59568,1.0,0.008,0.005,0.2099,-0.6925,-0.6925,-0.9313,0.000,40.7,32.7,0.07,0.000,0.00,-0.02,513
50.686,-5.59566,1.0,0.008,-0.004,0.2099,-0.6928,-0.6928,-0.9313,0.000,40.7,32.7,0.07,0.000,0.00,0.02,513
50.716,-5.59568,1.0,0.008,-0.007,0.2099,-0.6926,-0.6926,-0.9313,0.000,40.7,32.7,0.07,0.000,0.00,0.04,513
50.752,-5.59564,1.0,0.008,-0.008,0.2100,-0.6930,-0.6930,-0.9313,0.000,40.7,32.7,0.07,0.000,0.00,0.00,513
50.782,-5.59568,1.0,0.008,-0.000,0.2099,-0.6926,-0.6926,-0.9313,0.000,40.7,32.7,0.07,0.000,0.00,-0.02,513
50.813,-5.59565,1.0,0.008,-0.001,0.2100,-0.6929,-0.6929,-0.9313,0.000,40.7,32.7,0.07,0.000,0.00,-0.05,513
50.843,-5.59565,1.0,0.008,-0.011,0.2100,-0.6930,-0.6930,-0.9313,0.000,40.7,32.7,0.06,0.000,0.00,0.04,513
50.874,-5.59566,1.0,0.008,-0.002,0.2099,-0.6928,-0.6928,-0.9313,0.000,40.7,32.7,0.07,0.000,0.00,-0.02,513
50.905,-5.59565,1.0,0.008,-0.002,0.2100,-0.6929,-0.6929,-0.9313,0.000,40.7,32.7,0.07,0.000,0.00,0.02,513
50.935,-5.59568,1.0,0.008,-0.004,0.2098,-0.6925,-0.6925,-0.9313,0.000,40.7,32.7,0.07,0.000,0.00,-0.03,513
50.966,-5.59567,1.0,0.008,-0.013,0.2099,-0.6926,-0.6926,-0.9313,0.000,40.7,32.7,0.07,0.000,0.00,0.03,513
50.996,-5.59565,1.0,0.008,0.001,0.2100,-0.6929,-0.6929,-0.9313,0.000,40.7,32.7,0.05,0.000,0.00,-0.01,513
51.027,-5.59564,1.0,0.008,-0.008,0.2100,-0.6930,-0.6930,-0.9313,0.000,40.7,32.7,0.06,0.000,0.00,0.01,513
51.057,-5.59567,1.0,0.008,-0.000,0.2099,-0.6927,-0.6927,-0.9313,0.000,40.7,32.7,0.06,0.000,0.00,-0.00,513
51.088,-5.59567,1.0,0.008,-0.005,0.2099,-0.6927,-0.6927,-0.9313,0.000,40.7,32.7,0.07,0.000,0.00,-0.03,513
51.118,-5.59567,1.0,0.008,0.002,0.2099,-0.6927,-0.6927,-0.9313,0.000,40.7,32.7,0.07,0.000,0.00,-0.03,513
51.148,-5.59564,1.0,0.008,0.002,0.2100,-0.6930,-0.6930,-0.9313,0.000,40.7,32.7,0.06,0.000,0.00,-0.02,513
51.180,-5.59566,1.0,0.008,-0.003,0.2099,-0.6928,-0.6928,-0.9313,0.000,40.7,32.7,0.07,0.000,0.00,-0.04,513
51.212,-5.59568,1.0,0.008,0.007,0.2098,-0.6925,-0.6925,-0.9313,0.000,40.7,32.7,0.08,0.000,0.00,-0.02,513
51.245,-5.59568,1.0,0.008,-0.002,0.2098,-0.6925,-0.6925,-0.9313,0.000,40.7,32.7,0.07,0.000,0.00,0.02,513
51.275,-5.59568,1.0,0.008,-0.002,0.2099,-0.6926,-0.6926,-0.9313,0.000,40.7,32.7,0.07,0.000,0.00,-0.04,513
51.306,-5.59566,1.0,0.008,-0.006,0.2099,-0.6928,-0.6928,-0.9313,0.000,40.7,32.7,0.06,0.000,0.00,0.04,513
51.336,-5.59565,1.0,0.008,-0.005,0.2100,-0.6929,-0.6929,-0.9313,0.000,40.7,32.7,0.07,0.000,0.00,-0.03,513
51.367,-5.59567,1.0,0.008,0.002,0.2099,-0.6927,-0.6927,-0.9313,0.000,40.7,32.7,0.07,0.000,0.00,-0.05,513
51.397,-5.59565,1.0,0.008,-0.009,0.2100,-0.6929,-0.6929,-0.9313,0.000,40.7,32.7,0.07,0.000,0.00,0.01,513
51.428,-5.59565,1.0,0.008,0.008,0.2100,-0.6929,-0.6929,-0.9313,0.000,40.6,32.7,0.06,0.000,0.00,-0.05,513
51.459,-5.59567,1.0,0.008,0.001,0.2099,-0.6927,-0.6927,-0.9313,0.000,40.6,32.7,0.06,0.000,0.00,-0.01,513
51.489,-5.59565,1.0,0.008,-0.011,0.2100,-0.6930,-0.6930,-0.9313,0.000,40.6,32.7,0.07,0.000,0.00,0.00,513
51.520,-5.59566,1.0,0.008,-0.008,0.2099,-0.6928,-0.6928,-0.9313,0.000,40.6,32.7,0.07,0.000,0.00,0.03,513
51.550,-5.59565,1.0,0.008,-0.004,0.2100,-0.6929,-0.6929,-0.9313,0.000,40.6,32.7,0.07,0.000,0.00,-0.02,513
51.582,-5.59569,0.9,0.008,0.002,0.2098,-0.6924,-0.6924,-0.9313,0.000,40.6,32.7,0.07,0.000,0.00,0.05,513
51.614,-5.59567,1.0,0.008,0.003,0.2099,-0.6927,-0.6927,-0.9313,0.000,40.6,32.7,0.06,0.000,0.00,-0.01,513
51.646,-5.59565,1.0,0.008,-0.005,0.2100,-0.6929,-0.6929,-0.9313,0.000,40.6,32.7,0.06,0.000,0.00,0.03,513
51.678,-5.59565,1.0,0.008,-0.002,0.2100,-0.6929,-0.6929,-0.9313,0.000,40.6,32.7,0.06,0.000,0.00,-0.00,513
51.708,-5.59566,1.0,0.008,0.002,0.2099,-0.6928,-0.6928,-0.9313,0.000,40.6,32.7,0.05,0.000,0.00,-0.04,513
51.739,-5.59565,1.0,0.008,-0.009,0.2100,-0.6929,-0.6929,-0.9313,0.000,40.6,32.7,0.07,0.000,0.00,0.03,513
51.770,-5.59564,1.0,0.008,-0.009,0.2100,-0.6930,-0.6930,-0.9313,0.000,40.6,32.7,0.07,0.000,0.00,-0.03,513
51.800,-5.59567,1.0,0.008,-0.006,0.2099,-0.6927,-0.6927,-0.9313,0.000,40.6,32.7,0.07,0.000,0.00,-0.04,513
51.831,-5.59566,1.0,0.008,0.005,0.2099,-0.6928,-0.6928,-0.9313,0.000,40.6,32.7,0.07,0.000,0.00,-0.00,513
51.862,-5.59566,1.0,0.008,0.000,0.2099,-0.6928,-0.6928,-0.9313,0.000,40.6,32.7,0.06,0.000,0.00,-0.06,513
51.894,-5.59565,1.0,0.008,-0.001,0.2100,-0.6930,-0.6930,-0.9313,0.000,40.6,32.7,0.06,0.000,0.00,-0.02,513
51.926,-5.59566,1.0,0.008,0.006,0.2099,-0.6927,-0.6927,-0.9313,0.000,40.6,32.7,0.06,0.000,0.00,-0.01,513
51.958,-5.59565,1.0,0.008,-0.000,0.2100,-0.6929,-0.6929,-0.9313,0.000,40.6,32.7,0.06,0.000,0.00,0.02,513
51.989,-5.59567,1.0,0.008,-0.004,0.2099,-0.6927,-0.6927,-0.9313,0.000,40.6,32.7,0.07,0.000,0.00,0.00,513
52.020,-5.59564,1.0,0.008,-0.003,0.2100,-0.6930,-0.6930,-0.9313,0.000,40.6,32.7,0.06,0.000,0.00,-0.02,513
52.050,-5.59567,1.0,0.008,-0.004,0.2099,-0.6927,-0.6927,-0.9313,0.000,40.6,32.7,0.07,0.000,0.00,0.03,513
52.081,-5.59565,1.0,0.008,-0.003,0.2100,-0.6930,-0.6930,-0.9313,0.000,40.6,32.7,0.07,0.000,0.00,-0.02,513
52.111,-5.59567,1.0,0.008,0.002,0.2099,-0.6927,-0.6927,-0.9313,0.000,40.6,32.6,0.07,0.000,0.00,0.01,513
52.142,-5.59566,1.0,0.008,0.006,0.2099,-0.6928,-0.6928,-0.9313,0.000,40.6,32.6,0.06,0.000,0.00,0.03,513
52.173,-5.59566,1.0,0.008,0.000,0.2099,-0.6928,-0.6928,-0.9313,0.000,40.6,32.6,0.06,0.000,0.00,0.04,513
52.204,-5.59569,0.9,0.008,0.005,0.2098,-0.6924,-0.6924,-0.9313,0.000,40.6,32.6,0.06,0.000,0.00,-0.02,513
52.236,-5.59566,1.0,0.008,0.005,0.2099,-0.6928,-0.6928,-0.9313,0.000,40.6,32.6,0.07,0.000,0.00,-0.02,513
52.268,-5.59567,1.0,0.008,-0.006,0.2099,-0.6926,-0.6926,-0.9313,0.000,40.6,32.6,0.06,0.000,0.00,0.04,513
52.300,-5.59567,1.0,0.008,0.005,0.2099,-0.6926,-0.6926,-0.9313,0.000,40.6,32.6,0.06,0.000,0.00,0.05,513
52.330,-5.59566,1.0,0.008,-0.009,0.2099,-0.6928,-0.6928,-0.9313,0.000,40.6,32.6,0.07,0.000,0.00,0.04,513
52.362,-5.59565,1.0,0.008,0.006,0.2100,-0.6929,-0.6929,-0.9313,0.000,40.6,32.6,0.07,0.000,0.00,-0.01,513
52.393,-5.59565,1.0,0.008,-0.005,0.2100,-0.6929,-0.6929,-0.9313,0.000,40.6,32.6,0.06,0.000,0.00,-0.00,513
52.424,-5.59564,1.0,0.008,-0.009,0.2100,-0.6930,-0.6930,-0.9313,0.000,40.6,32.6,0.07,0.000,0.00,-0.03,513
52.455,-5.59566,1.0,0.008,-0.006,0.2099,-0.6927,-0.6927,-0.9313,0.000,40.6,32.6,0.06,0.000,0.00,0.01,513
52.485,-5.59565,1.0,0.008,0.002,0.2100,-0.6929,-0.6929,-0.9313,0.000,40.6,32.6,0.06,0.000,0.00,0.00,513
52.517,-5.59564,1.0,0.008,0.006,0.2100,-0.6930,-0.6930,-0.9313,0.000,40.6,32.6,0.06,0.000,0.00,0.01,513
52.549,-5.59567,1.0,0.008,-0.003,0.2099,-0.6927,-0.6927,-0.9313,0.000,40.6,32.6,0.06,0.000,0.00,-0.03,513
52.581,-5.59566,1.0,0.008,0.002,0.2099,-0.6928,-0.6928,-0.9313,0.000,40.6,32.6,0.07,0.000,0.00,-0.02,513
52.612,-5.59564,1.0,0.008,0.002,0.2100,-0.6930,-0.6930,-0.9313,0.000,40.6,32.6,0.07,0.000,0.00,-0.04,513
52.642,-5.59568,1.0,0.008,0.006,0.2099,-0.6926,-0.6926,-0.9313,0.000,40.6,32.6,0.06,0.000,0.00,-0.03,513
52.673,-5.59565,1.0,0.008,-0.010,0.2100,-0.6929,-0.6929,-0.9313,0.000,40.6,32.6,0.06,0.000,0.00,0.03,513
52.704,-5.59566,1.0,0.008,-0.001,0.2099,-0.6927,-0.6927,-0.9313,0.000,40.6,32.6,0.07,0.000,0.00,0.05,513
52.734,-5.59566,1.0,0.008,-0.002,0.2099,-0.6928,-0.6928,-0.9313,0.000,40.6,32.6,0.07,0.000,0.00,-0.02,513
52.765,-5.59566,1.0,0.008,-0.005,0.2099,-0.6928,-0.6928,-0.9313,0.000,40.6,32.6,0.06,0.000,0.00,0.01,513
52.795,-5.59564,1.0,0.008,0.004,0.2100,-0.6930,-0.6930,-0.9313,0.000,40.6,32.6,0.07,0.000,0.00,-0.03,513
52.826,-5.59567,1.0,0.008,-0.005,0.2099,-0.6927,-0.6927,-0.9313,0.000,40.6,32.6,0.07,0.000,0.00,-0.03,513
52.856,-5.59565,1.0,0.008,0.003,0.2100,-0.6929,-0.6929,-0.9313,0.000,40.6,32.6,0.07,0.000,0.00,0.03,513
52.886,-5.59566,1.0,0.008,0.004,0.2099,-0.6927,-0.6927,-0.9313,0.000,40.6,32.6,0.06,0.000,0.00,0.02,513
52.918,-5.59568,1.0,0.008,0.001,0.2099,-0.6926,-0.6926,-0.9313,0.000,40.6,32.6,0.06,0.000,0.00,0.00,513
52.950,-5.59565,1.0,0.008,-0.004,0.2100,-0.6929,-0.6929,-0.9313,0.000,40.6,32.6,0.07,0.000,0.00,-0.00,513
52.982,-5.59566,1.0,0.008,0.004,0.2099,-0.6927,-0.6927,-0.9313,0.000,40.6,32.6,0.07,0.000,0.00,-0.02,513
53.014,-5.59567,1.0,0.008,0.005,0.2099,-0.6927,-0.6927,-0.9313,0.000,40.6,32.6,0.07,0.000,0.00,-0.03,513
53.046,-5.59565,1.0,0.008,-0.005,0.2100,-0.6929,-0.6929,-0.9313,0.000,40.6,32.6,0.07,0.000,0.00,-0.01,513
53.077,-5.59566,1.0,0.008,-0.007,0.2099,-0.6927,-0.6927,-0.9313,0.000,40.6,32.6,0.07,0.000,0.00,0.03,513
53.109,-5.59568,1.0,0.008,-0.002,0.2099,-0.6926,-0.6926,-0.9313,0.000,40.6,32.6,0.07,0.000,0.00,0.02,513
53.139,-5.59564,1.0,0.008,-0.002,0.2100,-0.6930,-0.6930,-0.9313,0.000,40.6,32.6,0.06,0.000,0.00,0.05,513
53.170,-5.59567,1.0,0.008,-0.001,0.2099,-0.6926,-0.6926,-0.9313,0.000,40.6,32.6,0.06,0.000,0.00,-0.04,513
53.200,-5.59566,1.0,0.008,-0.004,0.2099,-0.6928,-0.6928,-0.9313,0.000,40.6,32.6,0.05,0.000,0.00,-0.01,513
53.231,-5.59565,1.0,0.008,0.002,0.2100,-0.6929,-0.6929,-0.9313,0.000,40.6,32.6,0.07,0.000,0.00,0.03,513
53.261,-5.59565,1.0,0.008,0.006,0.2100,-0.6929,-0.6929,-0.9313,0.000,40.6,32.6,0.07,0.000,0.00,0.01,513
53.292,-5.59565,1.0,0.008,0.005,0.2100,-0.6930,-0.6930,-0.9313,0.000,40.6,32.6,0.07,0.000,0.00,0.04,513
53.324,-5.59567,1.0,0.008,0.003,0.2099,-0.6926,-0.6926,-0.9313,0.000,40.6,32.6,0.07,0.000,0.00,-0.01,513
53.356,-5.59570,0.9,0.008,-0.000,0.2098,-0.6923,-0.6923,-0.9313,0.000,40.6,32.6,0.07,0.000,0.00,0.02,513
53.387,-5.59566,1.0,0.008,0.007,0.2099,-0.6927,-0.6927,-0.9313,0.000,40.6,32.6,0.06,0.000,0.00,-0.03,513
53.418,-5.59566,1.0,0.008,-0.003,0.2099,-0.6928,-0.6928,-0.9313,0.000,40.6,32.6,0.06,0.000,0.00,-0.03,513
53.449,-5.59567,1.0,0.008,-0.003,0.2099,-0.6927,-0.6927,-0.9313,0.000,40.6,32.6,0.07,0.000,0.00,-0.04,513
53.479,-5.59566,1.0,0.008,0.001,0.2099,-0.6927,-0.6927,-0.9313,0.000,40.6,32.6,0.06,0.000,0.00,-0.00,513
53.510,-5.59566,1.0,0.008,-0.002,0.2099,-0.6928,-0.6928,-0.9313,0.000,40.6,32.6,0.07,0.000,0.00,-0.02,513
53.540,-5.59567,1.0,0.008,0.005,0.2099,-0.6926,-0.6926,-0.9313,0.000,40.6,32.6,0.06,0.000,0.00,0.01,513
53.571,-5.59565,1.0,0.008,-0.007,0.2100,-0.6930,-0.6930,-0.9313,0.000,40.6,32.6,0.07,0.000,0.00,0.04,513
53.601,-5.59564,1.0,0.008,-0.003,0.2100,-0.6930,-0.6930,-0.9313,0.000,40.6,32.6,0.07,0.000,0.00,-0.05,513
53.632,-5.59567,1.0,0.008,-0.004,0.2099,-0.6926,-0.6926,-0.9313,0.000,40.6,32.6,0.07,0.000,0.00,0.06,513
53.663,-5.59567,1.0,0.008,0.006,0.2099,-0.6927,-0.6927,-0.9313,0.000,40.6,32.6,0.06,0.000,0.00,-0.00,513
53.693,-5.59565,1.0,0.008,-0.004,0.2100,-0.6929,-0.6929,-0.9313,0.000,40.6,32.6,0.06,0.000,0.00,-0.01,513
53.725,-5.59568,1.0,0.008,-0.002,0.2099,-0.6925,-0.6925,-0.9313,0.000,40.6,32.6,0.07,0.000,0.00,-0.02,513
53.757,-5.59566,1.0,0.008,0.000,0.2100,-0.6928,-0.6928,-0.9313,0.000,40.6,32.6,0.05,0.000,0.00,0.03,513
53.788,-5.59564,1.0,0.008,-0.011,0.2100,-0.6930,-0.6930,-0.9313,0.000,40.6,32.6,0.06,0.000,0.00,-0.04,513
53.820,-5.59564,1.0,0.008,0.005,0.2100,-0.6930,-0.6930,-0.9313,0.000,40.6,32.6,0.06,0.000,0.00,0.07,513
53.850,-5.59566,1.0,0.008,0.005,0.2100,-0.6928,-0.6928,-0.9313,0.000,40.6,32.6,0.07,0.000,0.00,-0.04,513
53.881,-5.59564,1.0,0.008,-0.005,0.2100,-0.6930,-0.6930,-0.9313,0.000,40.6,32.6,0.07,0.000,0.00,0.06,513
53.912,-5.59566,1.0,0.008,0.005,0.2099,-0.6928,-0.6928,-0.9313,0.000,40.6,32.6,0.06,0.000,0.00,-0.02,513
53.942,-5.59567,1.0,0.008,0.002,0.2099,-0.6927,-0.6927,-0.9313,0.000,40.6,32.6,0.06,0.000,0.00,-0.04,513
53.973,-5.59565,1.0,0.008,-0.004,0.2100,-0.6929,-0.6929,-0.9313,0.000,40.6,32.6,0.07,0.000,0.00,-0.03,513
54.003,-5.59567,1.0,0.008,0.007,0.2099,-0.6927,-0.6927,-0.9313,0.000,40.6,32.6,0.07,0.000,0.00,-0.02,513
54.035,-5.59566,1.0,0.008,0.005,0.2099,-0.6927,-0.6927,-0.9313,0.000,40.6,32.6,0.06,0.000,0.00,-0.02,513
54.067,-5.59565,1.0,0.008,-0.005,0.2100,-0.6929,-0.6929,-0.9313,0.000,40.6,32.6,0.06,0.000,0.00,0.01,513
54.099,-5.59564,1.0,0.008,0.001,0.2100,-0.6930,-0.6930,-0.9313,0.000,40.6,32.6,0.07,0.000,0.00,-0.03,513
54.130,-5.59565,1.0,0.008,0.000,0.2100,-0.6930,-0.6930,-0.9313,0.000,40.6,32.6,0.06,0.000,0.00,0.04,513
54.161,-5.59567,1.0,0.008,0.001,0.2099,-0.6926,-0.6926,-0.9313,0.000,40.6,32.6,0.06,0.000,0.00,-0.01,513
54.192,-5.59567,1.0,0.008,-0.000,0.2099,-0.6926,-0.6926,-0.9313,0.000,40.6,32.6,0.06,0.000,0.00,0.04,513
54.222,-5.59566,1.0,0.008,0.005,0.2099,-0.6928,-0.6928,-0.9313,0.000,40.6,32.6,0.06,0.000,0.00,0.01,513
54.253,-5.59566,1.0,0.008,0.002,0.2099,-0.6928,-0.6928,-0.9313,0.000,40.6,32.6,0.07,0.000,0.00,-0.01,513
54.284,-5.59566,1.0,0.008,-0.008,0.2100,-0.6928,-0.6928,-0.9313,0.000,40.6,32.6,0.06,0.000,0.00,0.02,513
54.314,-5.59564,1.0,0.008,-0.011,0.2100,-0.6930,-0.6930,-0.9313,0.000,40.6,32.6,0.06,0.000,0.00,-0.03,513
54.346,-5.59566,1.0,0.008,0.005,0.2099,-0.6928,-0.6928,-0.9313,0.000,40.6,32.6,0.07,0.000,0.00,0.01,513
54.378,-5.59566,1.0,0.008,-0.014,0.2099,-0.6928,-0.6928,-0.9313,0.000,40.6,32.6,0.06,0.000,0.00,0.02,513
54.411,-5.59566,1.0,0.008,0.006,0.2099,-0.6928,-0.6928,-0.9313,0.000,40.6,32.6,0.07,0.000,0.00,0.00,513
54.442,-5.59564,1.0,0.008,0.005,0.2100,-0.6930,-0.6930,-0.9313,0.000,40.6,32.6,0.06,0.000,0.00,0.01,513
54.472,-5.59564,1.0,0.008,0.004,0.2100,-0.6930,-0.6930,-0.9313,0.000,40.6,32.6,0.06,0.000,0.00,0.00,513
54.503,-5.59566,1.0,0.008,-0.002,0.2099,-0.6928,-0.6928,-0.9313,0.000,40.6,32.6,0.07,0.000,0.00,0.03,513
54.534,-5.59564,1.0,0.008,0.002,0.2100,-0.6930,-0.6930,-0.9313,0.000,40.6,32.6,0.06,0.000,0.00,0.01,513
54.566,-5.59565,1.0,0.008,0.001,0.2100,-0.6930,-0.6930,-0.9313,0.000,40.5,32.6,0.05,0.000,0.00,-0.01,513
54.597,-5.59566,1.0,0.008,-0.006,0.2099,-0.6928,-0.6928,-0.9313,0.000,40.5,32.6,0.06,0.000,0.00,0.02,513
54.628,-5.59565,1.0,0.008,0.004,0.2100,-0.6929,-0.6929,-0.9313,0.000,40.5,32.6,0.07,0.000,0.00,0.05,513
54.658,-5.59566,1.0,0.008,-0.004,0.2099,-0.6928,-0.6928,-0.9313,0.000,40.5,32.6,0.06,0.000,0.00,-0.02,513
54.689,-5.59565,1.0,0.008,0.007,0.2100,-0.6929,-0.6929,-0.9313,0.000,40.5,32.6,0.06,0.000,0.00,0.00,513
54.720,-5.59566,1.0,0.008,-0.010,0.2099,-0.6928,-0.6928,-0.9313,0.000,40.5,32.6,0.06,0.000,0.00,-0.04,513
54.752,-5.59566,1.0,0.008,-0.006,0.2099,-0.6927,-0.6927,-0.9313,0.000,40.5,32.6,0.07,0.000,0.00,-0.02,513
54.784,-5.59565,1.0,0.008,-0.003,0.2100,-0.6929,-0.6929,-0.9313,0.000,40.5,32.6,0.06,0.000,0.00,0.06,513
54.817,-5.59565,1.0,0.008,0.002,0.2100,-0.6929,-0.6929,-0.9313,0.000,40.5,32.6,0.07,0.000,0.00,-0.03,513
54.849,-5.59565,1.0,0.008,0.007,0.2100,-0.6930,-0.6930,-0.9313,0.000,40.5,32.6,0.06,0.000,0.00,-0.03,513
54.879,-5.59566,1.0,0.008,-0.002,0.2099,-0.6928,-0.6928,-0.9313,0.000,40.5,32.6,0.07,0.000,0.00,-0.02,513
54.910,-5.59565,1.0,0.008,-0.002,0.2100,-0.6929,-0.6929,-0.9313,0.000,40.5,32.6,0.05,0.000,0.00,-0.05,513
54.940,-5.59567,1.0,0.008,0.006,0.2099,-0.6927,-0.6927,-0.9313,0.000,40.5,32.6,0.07,0.000,0.00,0.05,513
54.971,-5.59566,1.0,0.008,-0.001,0.2099,-0.6927,-0.6927,-0.9313,0.000,40.5,32.6,0.06,0.000,0.00,-0.04,513
55.001,-5.59565,1.0,0.008,-0.004,0.2100,-0.6929,-0.6929,-0.9313,0.000,40.5,32.6,0.06,0.000,0.00,-0.02,513
55.031,-5.59566,1.0,0.008,0.007,0.2099,-0.6928,-0.6928,-0.9313,0.000,40.5,32.6,0.07,0.000,0.00,0.04,513
55.063,-5.59566,1.0,0.008,-0.002,0.2099,-0.6928,-0.6928,-0.9313,0.000,40.5,32.6,0.06,0.000,0.00,-0.03,513
55.095,-5.59565,1.0,0.008,0.003,0.2100,-0.6929,-0.6929,-0.9313,0.000,40.5,32.6,0.07,0.000,0.00,-0.03,513
55.127,-5.59564,1.0,0.008,-0.005,0.2100,-0.6930,-0.6930,-0.9313,0.000,40.5,32.6,0.06,0.000,0.00,0.03,513
55.158,-5.59566,1.0,0.008,0.005,0.2100,-0.6928,-0.6928,-0.9313,0.000,40.5,32.6,0.06,0.000,0.00,-0.03,513
55.188,-5.59564,1.0,0.008,-0.000,0.2100,-0.6930,-0.6930,-0.9313,0.000,40.5,32.6,0.06,0.000,0.00,0.00,513
55.219,-5.59565,1.0,0.008,-0.002,0.2100,-0.6930,-0.6930,-0.9313,0.000,40.5,32.6,0.06,0.000,0.00,-0.01,513
55.251,-5.59564,1.0,0.008,-0.004,0.2100,-0.6930,-0.6930,-0.9313,0.000,40.5,32.6,0.06,0.000,0.00,-0.01,513
55.281,-5.59565,1.0,0.008,-0.011,0.2100,-0.6929,-0.6929,-0.9313,0.000,40.5,32.6,0.06,0.000,0.00,-0.03,513
55.311,-5.59568,1.0,0.008,0.007,0.2099,-0.6926,-0.6926,-0.9313,0.000,40.5,32.6,0.07,0.000,0.00,-0.02,513
55.341,-5.59566,1.0,0.008,-0.003,0.2099,-0.6927,-0.6927,-0.9313,0.000,40.5,32.6,0.07,0.000,0.00,0.03,513
55.372,-5.59568,1.0,0.008,-0.003,0.2098,-0.6925,-0.6925,-0.9313,0.000,40.5,32.6,0.06,0.000,0.00,-0.01,513
55.402,-5.59566,1.0,0.008,-0.003,0.2099,-0.6927,-0.6927,-0.9313,0.000,40.5,32.6,0.06,0.000,0.00,0.03,513
55.433,-5.59566,1.0,0.008,0.005,0.2099,-0.6928,-0.6928,-0.9313,0.000,40.5,32.6,0.06,0.000,0.00,-0.03,513
55.464,-5.59565,1.0,0.008,0.002,0.2100,-0.6929,-0.6929,-0.9313,0.000,40.5,32.6,0.07,0.000,0.00,-0.02,513
55.496,-5.59567,1.0,0.008,0.003,0.2099,-0.6927,-0.6927,-0.9313,0.000,40.5,32.6,0.07,0.000,0.00,0.04,513
55.528,-5.59565,1.0,0.008,0.005,0.2100,-0.6929,-0.6929,-0.9313,0.000,40.5,32.6,0.06,0.000,0.00,-0.01,513
55.560,-5.59565,1.0,0.008,0.008,0.2100,-0.6929,-0.6929,-0.9313,0.000,40.5,32.6,0.06,0.000,0.00,-0.02,513
55.591,-5.59565,1.0,0.008,0.006,0.2100,-0.6930,-0.6930,-0.9313,0.000,40.5,32.6,0.06,0.000,0.00,-0.01,513
55.622,-5.59566,1.0,0.008,0.006,0.2099,-0.6928,-0.6928,-0.9313,0.000,40.5,32.6,0.06,0.000,0.00,0.01,513
55.653,-5.59566,1.0,0.008,0.000,0.2099,-0.6927,-0.6927,-0.9313,0.000,40.5,32.6,0.06,0.000,0.00,-0.01,513
55.683,-5.59564,1.0,0.008,-0.005,0.2100,-0.6930,-0.6930,-0.9313,0.000,40.5,32.6,0.07,0.000,0.00,-0.03,513
55.713,-5.59566,1.0,0.008,-0.005,0.2099,-0.6927,-0.6927,-0.9313,0.000,40.5,32.6,0.06,0.000,0.00,-0.02,513
55.744,-5.59566,1.0,0.008,0.007,0.2100,-0.6928,-0.6928,-0.9313,0.000,40.5,32.6,0.06,0.000,0.00,0.04,513
55.776,-5.59565,1.0,0.008,0.004,0.2100,-0.6929,-0.6929,-0.9313,0.000,40.5,32.6,0.07,0.000,0.00,-0.05,513
55.808,-5.59566,1.0,0.008,0.006,0.2099,-0.6927,-0.6927,-0.9313,0.000,40.5,32.6,0.06,0.000,0.00,-0.02,513
55.840,-5.59566,1.0,0.008,0.002,0.2099,-0.6927,-0.6927,-0.9313,0.000,40.5,32.6,0.06,0.000,0.00,-0.04,513
55.870,-5.59565,1.0,0.008,-0.009,0.2100,-0.6930,-0.6930,-0.9313,0.000,40.5,32.6,0.06,0.000,0.00,0.04,513
55.900,-5.59565,1.0,0.008,0.007,0.2100,-0.6929,-0.6929,-0.9313,0.000,40.5,32.6,0.05,0.000,0.00,-0.02,513
55.931,-5.59567,1.0,0.008,-0.001,0.2099,-0.6927,-0.6927,-0.9313,0.000,40.5,32.6,0.06,0.000,0.00,-0.06,513
55.962,-5.59567,1.0,0.008,-0.011,0.2099,-0.6926,-0.6926,-0.9313,0.000,40.5,32.6,0.06,0.000,0.00,-0.03,513
55.992,-5.59564,1.0,0.008,-0.001,0.2100,-0.6930,-0.6930,-0.9313,0.000,40.5,32.5,0.06,0.000,0.00,0.05,513
56.023,-5.59568,1.0,0.008,0.002,0.2099,-0.6926,-0.6926,-0.9313,0.000,40.5,32.5,0.06,0.000,0.00,0.04,513
56.053,-5.59567,1.0,0.008,0.006,0.2099,-0.6927,-0.6927,-0.9313,0.000,40.5,32.5,0.06,0.000,0.00,-0.00,513
56.084,-5.59567,1.0,0.008,-0.003,0.2099,-0.6927,-0.6927,-0.9313,0.000,40.5,32.5,0.06,0.000,0.00,-0.01,513
56.115,-5.59566,1.0,0.008,-0.008,0.2099,-0.6928,-0.6928,-0.9313,0.000,40.5,32.5,0.06,0.000,0.00,-0.04,513
56.146,-5.59565,1.0,0.008,-0.009,0.2100,-0.6929,-0.6929,-0.9313,0.000,40.5,32.5,0.06,0.000,0.00,-0.04,513
56.177,-5.59564,1.0,0.008,-0.001,0.2100,-0.6931,-0.6931,-0.9313,0.000,40.5,32.5,0.07,0.000,0.00,-0.00,513
56.207,-5.59565,1.0,0.008,-0.004,0.2100,-0.6929,-0.6929,-0.9313,0.000,40.5,32.5,0.06,0.000,0.00,0.04,513
56.238,-5.59564,1.0,0.008,0.005,0.2100,-0.6930,-0.6930,-0.9313,0.000,40.5,32.5,0.06,0.000,0.00,-0.04,513
56.268,-5.59566,1.0,0.008,0.004,0.2099,-0.6928,-0.6928,-0.9313,0.000,40.5,32.5,0.06,0.000,0.00,0.01,513
56.299,-5.59565,1.0,0.008,-0.001,0.2100,-0.6929,-0.6929,-0.9313,0.000,40.5,32.5,0.06,0.000,0.00,-0.01,513
56.329,-5.59565,1.0,0.008,-0.012,0.2100,-0.6929,-0.6929,-0.9313,0.000,40.5,32.5,0.06,0.000,0.00,-0.04,513
56.359,-5.59567,1.0,0.008,0.004,0.2099,-0.6926,-0.6926,-0.9313,0.000,40.5,32.5,0.06,0.000,0.00,-0.03,513
56.390,-5.59565,1.0,0.008,-0.000,0.2100,-0.6929,-0.6929,-0.9313,0.000,40.5,32.5,0.07,0.000,0.00,-0.02,513
56.421,-5.59567,1.0,0.008,0.007,0.2099,-0.6927,-0.6927,-0.9313,0.000,40.5,32.5,0.06,0.000,0.00,-0.00,513
56.451,-5.59565,1.0,0.008,0.004,0.2100,-0.6929,-0.6929,-0.9313,0.000,40.5,32.5,0.06,0.000,0.00,-0.01,513
56.483,-5.59565,1.0,0.008,-0.006,0.2100,-0.6929,-0.6929,-0.9313,0.000,40.5,32.5,0.06,0.000,0.00,0.01,513
56.514,-5.59567,1.0,0.008,-0.005,0.2099,-0.6927,-0.6927,-0.9313,0.000,40.5,32.5,0.06,0.000,0.00,-0.03,513
56.546,-5.59565,1.0,0.008,-0.003,0.2100,-0.6930,-0.6930,-0.9313,0.000,40.5,32.5,0.07,0.000,0.00,-0.01,513
56.578,-5.59567,1.0,0.008,0.003,0.2099,-0.6927,-0.6927,-0.9313,0.000,40.5,32.5,0.06,0.000,0.00,0.01,513
56.608,-5.59565,1.0,0.008,0.001,0.2100,-0.6930,-0.6930,-0.9313,0.000,40.5,32.5,0.06,0.000,0.00,-0.03,513
56.639,-5.59565,1.0,0.008,0.005,0.2100,-0.6929,-0.6929,-0.9313,0.000,40.5,32.5,0.06,0.000,0.00,-0.02,513
56.669,-5.59565,1.0,0.008,-0.004,0.2100,-0.6929,-0.6929,-0.9313,0.000,40.5,32.5,0.07,0.000,0.00,-0.03,513
56.700,-5.59567,1.0,0.008,-0.003,0.2099,-0.6926,-0.6926,-0.9313,0.000,40.5,32.5,0.06,0.000,0.00,-0.05,513
56.731,-5.59565,1.0,0.008,-0.005,0.2100,-0.6929,-0.6929,-0.9313,0.000,40.5,32.5,0.07,0.000,0.00,0.02,513
56.763,-5.59566,1.0,0.008,-0.002,0.2099,-0.6928,-0.6928,-0.9313,0.000,40.5,32.5,0.06,0.000,0.00,0.02,513
56.795,-5.59564,1.0,0.008,0.001,0.2100,-0.6930,-0.6930,-0.9313,0.000,40.5,32.5,0.06,0.000,0.00,0.08,513
56.827,-5.59566,1.0,0.008,0.005,0.2099,-0.6928,-0.6928,-0.9313,0.000,40.5,32.5,0.07,0.000,0.00,0.02,513
56.859,-5.59566,1.0,0.008,0.006,0.2100,-0.6928,-0.6928,-0.9313,0.000,40.5,32.5,0.06,0.000,0.00,-0.06,513
56.889,-5.59566,1.0,0.008,0.002,0.2100,-0.6928,-0.6928,-0.9313,0.000,40.5,32.5,0.07,0.000,0.00,0.03,513
56.920,-5.59566,1.0,0.008,0.007,0.2099,-0.6928,-0.6928,-0.9313,0.000,40.5,32.5,0.06,0.000,0.00,-0.03,513
56.950,-5.59566,1.0,0.008,-0.003,0.2099,-0.6928,-0.6928,-0.9313,0.000,40.5,32.5,0.07,0.000,0.00,0.03,513
56.981,-5.59566,1.0,0.008,-0.004,0.2099,-0.6928,-0.6928,-0.9313,0.000,40.5,32.5,0.06,0.000,0.00,0.02,513
57.012,-5.59567,1.0,0.008,-0.004,0.2099,-0.6927,-0.6927,-0.9313,0.000,40.5,32.5,0.06,0.000,0.00,0.01,513
57.043,-5.59568,1.0,0.008,0.003,0.2098,-0.6925,-0.6925,-0.9313,0.000,40.5,32.5,0.06,0.000,0.00,-0.04,513
57.073,-5.59567,1.0,0.008,-0.008,0.2099,-0.6927,-0.6927,-0.9313,0.000,40.5,32.5,0.06,0.000,0.00,0.01,513
57.105,-5.59566,1.0,0.008,0.011,0.2099,-0.6927,-0.6927,-0.9313,0.000,40.5,32.5,0.06,0.000,0.00,-0.01,513
57.137,-5.59566,1.0,0.008,-0.004,0.2099,-0.6928,-0.6928,-0.9313,0.000,40.5,32.5,0.05,0.000,0.00,0.08,513
57.169,-5.59566,1.0,0.008,-0.000,0.2099,-0.6928,-0.6928,-0.9313,0.000,40.5,32.5,0.07,0.000,0.00,0.01,513
57.201,-5.59565,1.0,0.008,-0.006,0.2100,-0.6930,-0.6930,-0.9313,0.000,40.5,32.5,0.07,0.000,0.00,-0.03,513
57.231,-5.59567,1.0,0.008,-0.001,0.2099,-0.6926,-0.6926,-0.9313,0.000,40.5,32.5,0.05,0.000,0.00,0.00,513
57.262,-5.59565,1.0,0.008,-0.001,0.2100,-0.6930,-0.6930,-0.9313,0.000,40.5,32.5,0.06,0.000,0.00,0.02,513
57.293,-5.59568,1.0,0.008,0.003,0.2099,-0.6926,-0.6926,-0.9313,0.000,40.5,32.5,0.07,0.000,0.00,-0.04,513
57.325,-5.59566,1.0,0.008,-0.007,0.2099,-0.6927,-0.6927,-0.9313,0.000,40.5,32.5,0.07,0.000,0.00,-0.04,513
57.357,-5.59568,1.0,0.008,0.008,0.2099,-0.6926,-0.6926,-0.9313,0.000,40.5,32.5,0.06,0.000,0.00,-0.02,513
57.388,-5.59566,1.0,0.008,-0.005,0.2099,-0.6928,-0.6928,-0.9313,0.000,40.5,32.5,0.06,0.000,0.00,0.00,513
57.421,-5.59565,1.0,0.008,0.006,0.2100,-0.6929,-0.6929,-0.9313,0.000,40.5,32.5,0.06,0.000,0.00,-0.02,513
57.451,-5.59564,1.0,0.008,0.000,0.2100,-0.6930,-0.6930,-0.9313,0.000,40.5,32.5,0.06,0.000,0.00,0.01,513
57.482,-5.59564,1.0,0.008,-0.010,0.2100,-0.6930,-0.6930,-0.9313,0.000,40.5,32.5,0.06,0.000,0.00,-0.03,513
57.512,-5.59566,1.0,0.008,-0.002,0.2099,-0.6927,-0.6927,-0.9313,0.000,40.5,32.5,0.06,0.000,0.00,0.04,513
57.542,-5.59565,1.0,0.008,-0.002,0.2100,-0.6929,-0.6929,-0.9313,0.000,40.5,32.5,0.06,0.000,0.00,-0.01,513
57.573,-5.59565,1.0,0.008,0.003,0.2100,-0.6930,-0.6930,-0.9313,0.000,40.5,32.5,0.07,0.000,0.00,-0.03,513
57.605,-5.59566,1.0,0.008,0.005,0.2099,-0.6928,-0.6928,-0.9313,0.000,40.5,32.5,0.06,0.000,0.00,0.04,513
57.636,-5.59566,1.0,0.008,-0.003,0.2100,-0.6928,-0.6928,-0.9313,0.000,40.5,32.5,0.06,0.000,0.00,-0.00,513
57.668,-5.59567,1.0,0.008,0.005,0.2099,-0.6927,-0.6927,-0.9313,0.000,40.5,32.5,0.07,0.000,0.00,0.03,513
57.701,-5.59567,1.0,0.008,0.001,0.2099,-0.6926,-0.6926,-0.9313,0.000,40.5,32.5,0.07,0.000,0.00,-0.02,513
57.731,-5.59565,1.0,0.008,0.004,0.2100,-0.6929,-0.6929,-0.9313,0.000,40.5,32.5,0.06,0.000,0.00,0.02,513
57.762,-5.59566,1.0,0.008,-0.004,0.2099,-0.6928,-0.6928,-0.9313,0.000,40.5,32.5,0.06,0.000,0.00,0.01,513
57.792,-5.59568,1.0,0.008,0.006,0.2098,-0.6925,-0.6925,-0.9313,0.000,40.5,32.5,0.06,0.000,0.00,-0.00,513
57.823,-5.59550,1.0,0.008,0.018,0.2106,-0.6950,-0.6950,-0.9313,0.000,40.4,32.5,0.06,0.000,0.00,-0.06,513
57.854,-5.59534,1.1,0.009,-0.000,0.2113,-0.6972,-0.6972,-0.9313,0.000,40.4,32.5,0.06,0.000,0.00,0.00,513
57.884,-5.59534,1.1,0.009,-0.004,0.2113,-0.6972,-0.6972,-0.9313,0.000,40.4,32.5,0.07,0.000,0.00,0.02,513
57.916,-5.59569,0.9,0.008,-0.027,0.2098,-0.6924,-0.6924,-0.9313,0.000,40.4,32.5,0.06,0.000,0.00,0.00,513
57.948,-5.59571,0.9,0.008,0.023,0.2097,-0.6921,-0.6921,-0.9313,0.000,40.4,32.5,0.06,0.000,0.00,-0.07,513
57.980,-5.59571,0.9,0.008,-0.037,0.2097,-0.6920,-0.6920,-0.9313,0.000,40.4,32.5,0.06,0.000,0.00,0.23,513
58.012,-5.59571,0.9,0.008,0.036,0.2097,-0.6921,-0.6921,-0.9313,0.000,40.4,32.5,0.06,0.000,0.00,-0.10,513
58.044,-5.59549,1.0,0.009,-0.047,0.2106,-0.6951,-0.6951,-0.9313,0.000,40.4,32.5,0.06,0.000,0.00,0.53,513
58.076,-5.59749,0.3,0.003,0.015,0.2029,-0.6695,-0.6695,-0.9313,0.000,40.4,32.5,0.06,0.000,0.00,0.31,513
58.107,-5.59874,-0.1,0.001,-0.035,0.2014,-0.6645,-0.6645,-0.9313,0.000,40.4,32.5,0.06,0.000,0.00,0.17,513
58.138,-5.59962,-0.5,0.004,-0.037,0.2045,-0.6749,-0.6749,-0.9313,0.000,40.4,32.5,0.06,0.000,0.00,0.28,513
58.169,-5.60102,-1.0,0.008,-0.050,0.2100,-0.6932,-0.6932,-0.9313,0.000,40.4,32.5,0.05,0.000,0.00,0.35,513
58.200,-5.60334,-1.8,0.015,-0.110,0.2204,-0.7274,-0.7274,-0.9313,0.000,40.4,32.5,0.06,0.000,0.00,0.79,513
58.231,-5.60793,-3.5,0.029,-0.175,0.2451,-0.8089,-0.8089,-0.9313,0.000,40.4,32.5,0.06,0.000,0.00,1.14,513
58.262,-5.61474,-5.9,0.049,-0.247,0.2902,-0.9089,-0.9577,-0.9313,0.000,40.4,32.5,0.06,0.000,0.00,1.61,513
58.293,-5.62405,-9.3,0.077,-0.340,0.3623,-1.0089,-1.1957,-0.9313,0.000,40.4,32.5,0.06,0.000,0.00,2.11,513
58.325,-5.63647,-13.7,0.114,-0.430,0.4729,-1.1089,-1.5607,-0.9313,0.000,40.4,32.5,0.06,0.000,0.00,2.54,513
58.357,-5.65064,-18.8,0.157,-0.478,0.6224,-1.2089,-2.0539,-0.9313,0.000,40.4,32.5,0.06,0.000,0.00,2.60,513
58.388,-5.66360,-23.5,0.196,-0.358,0.7373,-1.3089,-2.4331,-0.9313,0.000,40.4,32.5,0.06,0.000,0.00,1.99,513
58.420,-5.67395,-27.2,0.227,-0.311,0.8116,-1.4089,-2.6783,-0.9313,0.000,40.4,32.5,0.07,0.000,0.00,1.72,513
58.450,-5.68242,-30.3,0.252,-0.242,0.8637,-1.5089,-2.8503,-0.9313,0.000,40.4,32.5,0.06,0.000,0.00,1.31,513
58.481,-5.68837,-32.4,0.270,-0.153,0.8957,-1.6089,-2.9557,-0.9313,0.000,40.4,32.5,0.06,0.000,0.00,0.74,513
58.511,-5.69178,-33.6,0.280,-0.077,0.9122,-1.7089,-3.0104,-0.9313,0.000,40.4,32.5,0.06,0.000,0.00,0.33,513
58.542,-5.69292,-34.1,0.284,0.010,0.9175,-1.8089,-3.0277,-0.9313,0.000,40.4,32.5,0.06,0.000,0.00,-0.15,513
58.572,-5.69125,-33.5,0.279,0.098,0.9097,-1.9089,-3.0022,-0.9313,0.000,40.4,32.5,0.06,0.000,0.00,-0.73,513
58.602,-5.68684,-31.9,0.266,0.175,0.8878,-2.0089,-2.9298,-0.9313,0.000,40.4,32.5,0.06,0.000,0.00,-1.12,513
58.633,-5.68062,-29.6,0.247,0.226,0.8533,-2.1089,-2.8159,-0.9313,0.000,40.4,32.5,0.07,0.000,0.00,-1.50,513
58.663,-5.67262,-26.7,0.223,0.295,0.8027,-2.2089,-2.6489,-0.9313,0.000,40.4,32.5,0.06,0.000,0.00,-1.76,513
58.694,-5.66319,-23.3,0.195,0.355,0.7341,-2.3089,-2.4225,-0.9313,0.000,40.4,32.5,0.07,0.000,0.00,-2.12,513
58.727,-5.65204,-19.3,0.161,0.322,0.6365,-2.2089,-2.1005,-0.9313,0.000,40.4,32.5,0.06,0.000,0.00,-1.82,513
58.758,-5.64293,-16.1,0.134,0.239,0.5408,-2.1089,-1.7847,-0.9313,0.000,40.4,32.5,0.07,0.000,0.00,-1.24,513
58.790,-5.63707,-13.9,0.116,0.139,0.4791,-2.0089,-1.5809,-0.9313,0.000,40.4,32.5,0.07,0.000,0.00,-0.72,513
58.822,-5.63421,-12.9,0.108,0.047,0.4504,-1.9089,-1.4865,-0.9313,0.000,40.4,32.5,0.06,0.000,0.00,-0.16,513
58.853,-5.63391,-12.8,0.107,-0.013,0.4476,-1.8089,-1.4771,-0.9313,0.000,40.4,32.5,0.07,0.000,0.00,0.15,513
58.886,-5.63453,-13.0,0.109,-0.005,0.4536,-1.7089,-1.4968,-0.9313,0.000,40.4,32.5,0.06,0.000,0.00,0.00,513
58.917,-5.63425,-12.9,0.108,0.030,0.4508,-1.6089,-1.4877,-0.9313,0.000,40.4,32.5,0.06,0.000,0.00,-0.29,513
58.947,-5.63253,-12.3,0.103,0.077,0.4344,-1.5089,-1.4335,-0.9313,0.000,40.4,32.5,0.06,0.000,0.00,-0.49,513
58.978,-5.62951,-11.2,0.094,0.119,0.4074,-1.4089,-1.3443,-0.9313,0.000,40.4,32.5,0.06,0.000,0.00,-0.77,513
59.008,-5.62510,-9.6,0.080,0.161,0.3710,-1.3089,-1.2242,-0.9313,0.000,40.4,32.5,0.06,0.000,0.00,-0.98,513
59.039,-5.61963,-7.7,0.064,0.194,0.3271,-1.2089,-1.0793,-0.9313,0.000,40.4,32.5,0.06,0.000,0.00,-1.10,513
59.070,-5.61361,-5.5,0.046,0.206,0.2822,-1.1089,-0.9312,-0.9313,0.000,40.4,32.5,0.07,0.000,0.00,-1.24,513
59.100,-5.60717,-3.2,0.027,0.205,0.2407,-1.0089,-0.7943,-0.9313,0.000,40.4,32.5,0.07,0.000,0.00,-1.02,513
59.132,-5.60172,-1.2,0.010,0.108,0.2130,-0.9089,-0.7029,-0.9313,0.000,40.4,32.5,0.07,0.000,0.00,-0.34,513
