time_s,pos_turns,pos_deg,normalized,velocity_turns_s,curve_multiplier,commanded_torque_Nm,desired_torque_Nm,torque_estimate_Nm,input_iq_A,motor_temp_C,fet_temp_C,vbus_V,ibus_A,power_elec_W,power_mech_W,active_errors
0.000,-5.61004,-0.0,0.000,0.014,0.2000,-0.1000,-0.3000,-0.1028,0.000,37.1,34.2,19.27,0.053,1.10,-0.01,0
0.036,-5.60944,0.2,0.002,0.012,0.2021,-0.2000,-0.3031,-0.2045,0.000,37.1,34.2,19.26,0.148,3.01,-0.07,0
0.069,-5.60785,0.8,0.007,0.024,0.2080,-0.3000,-0.3120,-0.3055,0.000,37.1,34.2,19.25,0.281,5.17,-0.10,0
0.105,-5.60469,1.9,0.016,0.081,0.2221,-0.3331,-0.3331,-0.3309,0.000,37.1,34.2,19.24,0.328,6.34,-0.18,0
0.136,-5.60204,2.9,0.024,0.079,0.2360,-0.3539,-0.3539,-0.3516,0.000,37.1,34.2,19.23,0.365,7.08,-0.14,0
0.168,-5.60049,3.4,0.029,0.017,0.2449,-0.3673,-0.3673,-0.3625,0.000,37.1,34.2,19.22,0.389,7.27,-0.01,0
0.198,-5.60057,3.4,0.028,-0.016,0.2444,-0.3666,-0.3666,-0.3663,0.000,37.1,34.2,19.23,0.376,7.21,0.05,0
0.229,-5.60126,3.2,0.026,-0.026,0.2404,-0.3605,-0.3605,-0.3573,0.000,37.1,34.2,19.23,0.373,7.05,0.05,0
0.261,-5.60172,3.0,0.025,-0.012,0.2377,-0.3566,-0.3566,-0.3614,0.000,37.1,34.2,19.23,0.363,6.96,0.02,0
0.293,-5.60193,2.9,0.024,-0.001,0.2366,-0.3549,-0.3549,-0.3521,0.000,37.1,34.2,19.23,0.360,6.96,0.04,0
0.324,-5.60243,2.7,0.023,-0.030,0.2338,-0.3507,-0.3507,-0.3548,0.000,37.1,34.2,19.24,0.350,6.75,0.09,0
0.355,-5.60389,2.2,0.018,-0.072,0.2261,-0.3391,-0.3391,-0.3404,0.000,37.1,34.2,19.23,0.329,6.46,0.17,0
0.386,-5.60686,1.1,0.010,-0.123,0.2121,-0.3182,-0.3182,-0.3230,0.000,37.1,34.2,19.25,0.293,5.50,0.28,0
0.416,-5.61158,-0.6,0.005,-0.192,0.2055,-0.3082,-0.3082,-0.3066,0.000,37.1,34.2,19.24,0.260,4.94,0.43,0
0.446,-5.61949,-3.4,0.028,-0.308,0.2443,-0.3664,-0.3664,-0.3635,0.000,37.1,34.2,19.24,0.333,6.28,0.74,0
0.477,-5.62961,-7.0,0.059,-0.377,0.3136,-0.4664,-0.4705,-0.4745,0.000,37.1,34.2,19.21,0.515,9.67,1.14,0
0.511,-5.64644,-13.1,0.109,-0.438,0.4556,-0.5664,-0.6833,-0.5674,0.000,37.1,34.2,19.18,0.764,14.06,1.54,0
0.588,-5.67623,-23.8,0.199,-0.432,0.7443,-0.6664,-1.1165,-0.6672,0.000,37.1,34.2,19.16,0.875,16.26,1.61,0
0.639,-5.69712,-31.3,0.261,-0.387,0.8802,-0.7664,-1.3204,-0.7559,0.000,37.1,34.2,19.12,1.135,22.16,1.40,0
0.703,-5.71358,-37.3,0.311,-0.134,0.9538,-0.8664,-1.4307,-0.8725,0.000,37.1,34.2,19.05,1.584,29.37,0.59,0
0.742,-5.71708,-38.5,0.321,-0.043,0.9657,-0.9664,-1.4485,-0.9834,0.000,37.1,34.2,18.98,2.030,37.07,-0.01,0
0.769,-5.71741,-38.7,0.322,-0.008,0.9667,-1.0664,-1.4501,-1.0769,0.000,37.1,34.2,18.91,2.405,43.68,-0.04,0
0.796,-5.71702,-38.5,0.321,0.014,0.9655,-1.1664,-1.4482,-1.1883,0.000,37.1,34.2,18.83,2.803,51.13,-0.50,0
0.823,-5.71551,-38.0,0.316,0.059,0.9605,-1.2664,-1.4408,-1.2894,0.000,37.1,34.2,18.75,3.203,58.32,-0.86,0
0.849,-5.71241,-36.9,0.307,0.149,0.9496,-1.3664,-1.4243,-1.3892,0.000,37.1,34.2,18.69,3.579,64.87,-1.74,0
0.876,-5.70731,-35.0,0.292,0.202,0.9293,-1.3939,-1.3939,-1.4020,0.000,37.1,34.2,18.68,3.526,65.30,-1.88,0
0.902,-5.70176,-33.0,0.275,0.226,0.9039,-1.3559,-1.3559,-1.3504,0.000,37.1,34.2,18.74,3.178,59.84,-1.77,0
0.928,-5.69658,-31.2,0.260,0.157,0.8773,-1.3159,-1.3159,-1.3079,0.000,37.1,34.2,18.77,2.915,55.62,-1.02,0
0.955,-5.69392,-30.2,0.252,0.040,0.8625,-1.2937,-1.2937,-1.2908,0.000,37.1,34.2,18.79,2.804,52.96,-0.17,0
0.982,-5.69479,-30.5,0.254,-0.087,0.8675,-1.3012,-1.3012,-1.3063,0.000,37.1,34.2,18.79,2.843,53.25,0.85,0
1.010,-5.69880,-32.0,0.266,-0.202,0.8891,-1.3336,-1.3336,-1.3467,0.000,37.1,34.2,18.76,3.039,56.58,1.74,0
1.037,-5.70516,-34.2,0.285,-0.252,0.9199,-1.3798,-1.3798,-1.3836,0.000,37.1,34.2,18.70,3.359,61.98,2.35,0
1.064,-5.71274,-37.0,0.308,-0.291,0.9508,-1.4262,-1.4262,-1.4286,0.000,37.1,34.2,18.63,3.740,69.07,2.35,0
1.091,-5.71860,-39.1,0.326,-0.151,0.9704,-1.4556,-1.4556,-1.4562,0.000,37.1,34.2,18.57,4.093,75.57,1.21,0
1.118,-5.72076,-39.9,0.332,-0.032,0.9767,-1.4650,-1.4650,-1.4638,0.000,37.1,34.2,18.54,4.177,77.66,0.20,0
1.145,-5.72025,-39.7,0.331,0.042,0.9752,-1.4629,-1.4629,-1.4529,0.000,37.1,34.2,18.54,4.163,77.28,-0.45,0
1.172,-5.71868,-39.1,0.326,0.053,0.9706,-1.4560,-1.4560,-1.4523,0.000,37.1,34.2,18.55,4.061,75.53,-0.40,0
1.199,-5.71808,-38.9,0.324,0.005,0.9688,-1.4532,-1.4532,-1.4425,0.000,37.1,34.3,18.55,4.035,74.86,0.08,0
1.226,-5.71884,-39.2,0.326,-0.056,0.9711,-1.4567,-1.4567,-1.4594,0.000,37.1,34.3,18.54,4.075,75.32,0.58,0
1.253,-5.71846,-39.0,0.325,0.067,0.9700,-1.4550,-1.4550,-1.4539,0.000,37.1,34.3,18.54,4.063,75.16,-0.42,0
1.280,-5.71853,-39.1,0.325,-0.048,0.9702,-1.4553,-1.4553,-1.4582,0.000,37.1,34.3,18.55,4.040,75.05,0.55,0
1.307,-5.72060,-39.8,0.332,-0.075,0.9762,-1.4644,-1.4644,-1.4674,0.000,37.1,34.3,18.53,4.171,77.28,1.00,0
1.366,-5.72651,-41.9,0.349,-0.079,0.9910,-1.4864,-1.4864,-1.4956,0.000,37.1,34.3,18.49,4.299,79.62,0.74,0
1.427,-5.73053,-43.4,0.361,-0.061,0.9988,-1.4982,-1.4982,-1.4989,0.000,37.1,34.3,18.48,4.322,79.03,0.49,0
1.489,-5.73352,-44.5,0.370,-0.028,1.0000,-1.5000,-1.5000,-1.4973,0.000,37.1,34.3,18.46,4.282,78.83,0.23,0
1.516,-5.73395,-44.6,0.372,-0.003,1.0000,-1.5000,-1.5000,-1.4969,0.000,37.1,34.3,18.46,4.270,78.86,-0.00,0
1.543,-5.73390,-44.6,0.372,0.008,1.0000,-1.5000,-1.5000,-1.5052,0.000,37.1,34.3,18.46,4.276,78.52,-0.06,0
1.570,-5.73395,-44.6,0.372,-0.003,1.0000,-1.5000,-1.5000,-1.4992,0.000,37.1,34.4,18.45,4.290,79.05,0.16,0
1.597,-5.73438,-44.8,0.373,-0.021,1.0000,-1.5000,-1.5000,-1.4997,0.000,37.1,34.4,18.46,4.261,78.71,0.29,0
1.624,-5.73536,-45.1,0.376,-0.049,1.0000,-1.5000,-1.5000,-1.4982,0.000,37.1,34.4,18.47,4.214,77.63,0.51,0
1.651,-5.73713,-45.7,0.381,-0.083,1.0000,-1.5000,-1.5000,-1.4936,0.000,37.1,34.4,18.47,4.199,77.33,0.85,0
1.678,-5.73955,-46.6,0.389,-0.084,1.0000,-1.5000,-1.5000,-1.4959,0.000,37.1,34.4,18.48,4.149,76.80,0.82,0
1.705,-5.74171,-47.4,0.395,-0.069,1.0000,-1.5000,-1.5000,-1.5001,0.000,37.1,34.4,18.49,4.131,76.56,0.55,0
1.732,-5.74256,-47.7,0.398,-0.016,1.0000,-1.5000,-1.5000,-1.5039,0.000,37.1,34.4,18.49,4.116,76.01,0.04,0
1.759,-5.74280,-47.8,0.398,-0.012,1.0000,-1.5000,-1.5000,-1.4998,0.000,37.1,34.4,18.50,4.109,75.94,0.20,0
1.785,-5.74311,-47.9,0.399,-0.014,1.0000,-1.5000,-1.5000,-1.5025,0.000,37.1,34.5,18.49,4.110,75.76,0.26,0
1.812,-5.74403,-48.2,0.402,-0.035,1.0000,-1.5000,-1.5000,-1.5083,0.000,37.1,34.5,18.50,4.089,75.27,0.46,0
1.839,-5.74523,-48.7,0.406,-0.049,1.0000,-1.5000,-1.5000,-1.4961,0.000,37.1,34.5,18.51,4.046,74.75,0.41,0
1.866,-5.74651,-49.1,0.409,-0.054,1.0000,-1.5000,-1.5000,-1.4980,0.000,37.1,34.5,18.52,3.999,74.14,0.49,0
1.893,-5.74775,-49.6,0.413,-0.050,1.0000,-1.5000,-1.5000,-1.4979,0.000,37.1,34.5,18.52,3.963,73.60,0.43,0
1.922,-5.74886,-50.0,0.416,-0.025,1.0000,-1.5000,-1.5000,-1.4954,0.000,37.1,34.5,18.54,3.934,72.98,0.27,0
1.949,-5.74938,-50.2,0.418,-0.004,1.0000,-1.5000,-1.5000,-1.5003,0.000,37.1,34.6,18.53,3.934,72.72,-0.05,0
1.976,-5.74882,-50.0,0.416,0.049,1.0000,-1.5000,-1.5000,-1.5000,0.000,37.1,34.6,18.52,3.964,73.60,-0.57,0
2.003,-5.74695,-49.3,0.411,0.075,1.0000,-1.5000,-1.5000,-1.4995,0.000,37.1,34.6,18.51,4.010,74.41,-0.65,0
2.030,-5.74542,-48.7,0.406,0.042,1.0000,-1.5000,-1.5000,-1.4879,0.000,37.1,34.6,18.51,4.054,75.30,-0.43,0
2.057,-5.74408,-48.3,0.402,0.043,1.0000,-1.5000,-1.5000,-1.4926,0.000,37.1,34.6,18.50,4.095,75.84,-0.41,0
2.083,-5.74316,-47.9,0.399,0.024,1.0000,-1.5000,-1.5000,-1.4935,0.000,37.1,34.6,18.49,4.130,76.10,-0.29,0
2.110,-5.74249,-47.7,0.397,0.022,1.0000,-1.5000,-1.5000,-1.4965,0.000,37.1,34.7,18.48,4.137,76.45,-0.22,0
2.136,-5.74187,-47.5,0.395,0.030,1.0000,-1.5000,-1.5000,-1.5011,0.000,37.1,34.7,18.47,4.163,76.80,-0.31,0
2.163,-5.74028,-46.9,0.391,0.085,1.0000,-1.5000,-1.5000,-1.5073,0.000,37.1,34.7,18.47,4.205,77.54,-0.82,0
2.189,-5.73709,-45.7,0.381,0.150,1.0000,-1.5000,-1.5000,-1.5008,0.000,37.1,34.7,18.45,4.272,79.04,-1.50,0
2.216,-5.73266,-44.1,0.368,0.158,1.0000,-1.5000,-1.5000,-1.4927,0.000,37.1,34.7,18.42,4.375,80.90,-1.43,0
2.242,-5.72821,-42.5,0.355,0.187,0.9945,-1.4917,-1.4917,-1.4832,0.000,37.1,34.8,18.43,4.419,81.62,-1.80,0
2.270,-5.72265,-40.5,0.338,0.176,0.9818,-1.4727,-1.4727,-1.4672,0.000,37.1,34.8,18.47,4.262,78.63,-1.32,0
2.296,-5.71854,-39.1,0.325,0.155,0.9702,-1.4553,-1.4553,-1.4529,0.000,37.1,34.8,18.50,4.079,75.58,-1.35,0
2.323,-5.71576,-38.1,0.317,0.047,0.9614,-1.4420,-1.4420,-1.4369,0.000,37.1,34.8,18.52,3.883,72.41,-0.23,0
2.350,-5.71555,-38.0,0.317,-0.030,0.9607,-1.4410,-1.4410,-1.4373,0.000,37.1,34.9,18.54,3.885,72.31,0.47,0
2.376,-5.71775,-38.8,0.323,-0.109,0.9678,-1.4517,-1.4517,-1.4439,0.000,37.1,34.9,18.51,4.026,74.11,1.06,0
2.404,-5.72072,-39.8,0.332,-0.085,0.9766,-1.4648,-1.4648,-1.4659,0.000,37.1,34.9,18.48,4.195,77.42,0.64,0
2.431,-5.72229,-40.4,0.337,-0.038,0.9808,-1.4712,-1.4712,-1.4719,0.000,37.1,34.9,18.49,4.237,78.10,0.20,0
2.458,-5.72304,-40.7,0.339,-0.031,0.9828,-1.4742,-1.4742,-1.4797,0.000,37.1,34.9,18.48,4.259,78.84,0.26,0
2.486,-5.72355,-40.9,0.341,-0.013,0.9840,-1.4761,-1.4761,-1.4758,0.000,37.1,35.0,18.47,4.278,78.89,0.07,0
2.512,-5.72370,-40.9,0.341,-0.010,0.9844,-1.4766,-1.4766,-1.4817,0.000,37.1,35.0,18.46,4.274,79.20,0.24,0
2.539,-5.72425,-41.1,0.343,-0.019,0.9858,-1.4787,-1.4787,-1.4760,0.000,37.1,35.0,18.46,4.295,79.30,0.09,0
2.565,-5.72468,-41.3,0.344,-0.014,0.9868,-1.4802,-1.4802,-1.4695,0.000,37.1,35.0,18.46,4.326,79.56,0.10,0
2.592,-5.72498,-41.4,0.345,-0.013,0.9875,-1.4812,-1.4812,-1.4833,0.000,37.1,35.0,18.44,4.325,79.69,0.13,0
2.618,-5.72559,-41.6,0.347,-0.030,0.9889,-1.4834,-1.4834,-1.4823,0.000,37.1,35.1,18.45,4.324,79.80,0.28,0
2.645,-5.72626,-41.8,0.349,-0.021,0.9904,-1.4856,-1.4856,-1.4907,0.000,37.1,35.1,18.44,4.334,80.05,0.32,0
2.672,-5.72749,-42.3,0.352,-0.057,0.9930,-1.4895,-1.4895,-1.4994,0.000,37.1,35.1,18.44,4.344,80.39,0.57,0
2.698,-5.72923,-42.9,0.358,-0.071,0.9964,-1.4946,-1.4946,-1.5010,0.000,37.1,35.1,18.43,4.381,80.17,0.63,0
2.725,-5.73097,-43.5,0.363,-0.062,0.9995,-1.4993,-1.4993,-1.5024,0.000,37.1,35.1,18.43,4.376,80.37,0.55,0
2.751,-5.73257,-44.1,0.368,-0.065,1.0000,-1.5000,-1.5000,-1.5013,0.000,37.1,35.2,18.43,4.315,79.71,0.58,0
2.778,-5.73422,-44.7,0.373,-0.066,1.0000,-1.5000,-1.5000,-1.4941,0.000,37.1,35.2,18.43,4.254,78.64,0.55,0
2.804,-5.73591,-45.3,0.378,-0.067,1.0000,-1.5000,-1.5000,-1.4904,0.000,37.1,35.2,18.44,4.235,78.14,0.57,0
2.831,-5.73774,-46.0,0.383,-0.072,1.0000,-1.5000,-1.5000,-1.4953,0.000,37.1,35.2,18.44,4.208,77.62,0.70,0
2.857,-5.73950,-46.6,0.388,-0.061,1.0000,-1.5000,-1.5000,-1.5076,0.000,37.1,35.2,18.45,4.189,77.47,0.51,0
2.883,-5.74097,-47.1,0.393,-0.046,1.0000,-1.5000,-1.5000,-1.5031,0.000,37.1,35.3,18.45,4.175,76.92,0.50,0
2.910,-5.74235,-47.6,0.397,-0.056,1.0000,-1.5000,-1.5000,-1.5039,0.000,37.1,35.3,18.47,4.126,76.19,0.45,0
2.936,-5.74359,-48.1,0.401,-0.044,1.0000,-1.5000,-1.5000,-1.5033,0.000,37.1,35.3,18.47,4.090,75.42,0.37,0
2.963,-5.74457,-48.4,0.404,-0.041,1.0000,-1.5000,-1.5000,-1.5015,0.000,37.1,35.3,18.48,4.084,75.38,0.50,0
2.989,-5.74572,-48.8,0.407,-0.045,1.0000,-1.5000,-1.5000,-1.4960,0.000,37.1,35.3,18.48,4.044,74.61,0.45,0
3.016,-5.74690,-49.3,0.411,-0.027,1.0000,-1.5000,-1.5000,-1.4963,0.000,37.2,35.4,18.48,4.015,74.63,0.35,0
3.042,-5.74744,-49.5,0.412,-0.005,1.0000,-1.5000,-1.5000,-1.5007,0.000,37.2,35.4,18.49,3.997,74.07,0.06,0
3.069,-5.74736,-49.4,0.412,0.007,1.0000,-1.5000,-1.5000,-1.5072,0.000,37.2,35.4,18.49,4.008,74.10,-0.07,0
3.096,-5.74700,-49.3,0.411,0.011,1.0000,-1.5000,-1.5000,-1.5006,0.000,37.2,35.4,18.49,4.029,74.26,-0.11,0
3.122,-5.74678,-49.2,0.410,0.001,1.0000,-1.5000,-1.5000,-1.5012,0.000,37.2,35.4,18.48,4.027,74.63,0.13,0
3.149,-5.74710,-49.3,0.411,-0.014,1.0000,-1.5000,-1.5000,-1.5083,0.000,37.2,35.5,18.50,4.012,74.40,0.21,0
3.176,-5.74768,-49.5,0.413,-0.022,1.0000,-1.5000,-1.5000,-1.5052,0.000,37.2,35.5,18.49,4.000,73.68,0.25,0
3.202,-5.74825,-49.8,0.415,-0.019,1.0000,-1.5000,-1.5000,-1.5003,0.000,37.2,35.5,18.49,3.968,73.52,0.18,0
3.229,-5.74883,-50.0,0.416,-0.028,1.0000,-1.5000,-1.5000,-1.5038,0.000,37.2,35.5,18.49,3.952,73.01,0.23,0
3.255,-5.74960,-50.2,0.419,-0.030,1.0000,-1.5000,-1.5000,-1.5019,0.000,37.2,35.5,18.51,3.919,72.90,0.39,0
3.282,-5.75073,-50.6,0.422,-0.040,1.0000,-1.5000,-1.5000,-1.5026,0.000,37.2,35.6,18.51,3.891,71.94,0.41,0
3.309,-5.75190,-51.1,0.426,-0.038,1.0000,-1.5000,-1.5000,-1.5121,0.000,37.2,35.6,18.53,3.836,71.22,0.36,0
3.335,-5.75277,-51.4,0.428,-0.030,1.0000,-1.5000,-1.5000,-1.4941,0.000,37.2,35.6,18.53,3.832,70.58,0.17,0
3.362,-5.75326,-51.6,0.430,-0.013,1.0000,-1.5000,-1.5000,-1.4997,0.000,37.2,35.6,18.53,3.819,70.35,0.18,0
3.388,-5.75352,-51.7,0.430,-0.007,1.0000,-1.5000,-1.5000,-1.5073,0.000,37.2,35.6,18.52,3.796,70.69,0.01,0
3.415,-5.75379,-51.7,0.431,-0.016,1.0000,-1.5000,-1.5000,-1.4963,0.000,37.2,35.7,18.52,3.794,70.35,0.10,0
3.441,-5.75434,-51.9,0.433,-0.019,1.0000,-1.5000,-1.5000,-1.4938,0.000,37.2,35.7,18.53,3.764,69.79,0.24,0
3.468,-5.75520,-52.3,0.435,-0.035,1.0000,-1.5000,-1.5000,-1.5004,0.000,37.2,35.7,18.53,3.736,68.90,0.38,0
3.494,-5.75606,-52.6,0.438,-0.025,1.0000,-1.5000,-1.5000,-1.4952,0.000,37.3,35.7,18.54,3.704,68.63,0.29,0
3.520,-5.75678,-52.8,0.440,-0.016,1.0000,-1.5000,-1.5000,-1.4958,0.000,37.3,35.8,18.55,3.677,68.20,0.22,0
3.547,-5.75729,-53.0,0.442,-0.007,1.0000,-1.5000,-1.5000,-1.4919,0.000,37.3,35.8,18.55,3.652,68.27,0.11,0
3.574,-5.75745,-53.1,0.442,-0.002,1.0000,-1.5000,-1.5000,-1.4980,0.000,37.3,35.8,18.54,3.656,68.01,-0.05,0
3.600,-5.75747,-53.1,0.442,0.004,1.0000,-1.5000,-1.5000,-1.5038,0.000,37.3,35.8,18.55,3.653,68.03,0.09,0
3.627,-5.75763,-53.1,0.443,-0.005,1.0000,-1.5000,-1.5000,-1.5018,0.000,37.3,35.9,18.55,3.664,67.76,0.08,0
3.653,-5.75813,-53.3,0.444,-0.019,1.0000,-1.5000,-1.5000,-1.5013,0.000,37.3,35.9,18.55,3.645,67.50,0.20,0
3.680,-5.75825,-53.4,0.445,0.006,1.0000,-1.5000,-1.5000,-1.4978,0.000,37.3,35.9,18.55,3.636,67.64,-0.17,0
3.707,-5.75787,-53.2,0.443,0.016,1.0000,-1.5000,-1.5000,-1.4938,0.000,37.3,35.9,18.55,3.673,67.96,-0.12,0
3.734,-5.75746,-53.1,0.442,0.017,1.0000,-1.5000,-1.5000,-1.5003,0.000,37.3,36.0,18.54,3.667,68.29,-0.19,0
3.760,-5.75683,-52.8,0.440,0.018,1.0000,-1.5000,-1.5000,-1.5004,0.000,37.3,36.0,18.54,3.699,68.33,-0.25,0
3.787,-5.75625,-52.6,0.439,0.022,1.0000,-1.5000,-1.5000,-1.5020,0.000,37.3,36.0,18.53,3.727,69.01,-0.16,0
3.813,-5.75562,-52.4,0.437,0.028,1.0000,-1.5000,-1.5000,-1.5001,0.000,37.3,36.0,18.53,3.727,69.44,-0.28,0
3.839,-5.75463,-52.0,0.434,0.039,1.0000,-1.5000,-1.5000,-1.5004,0.000,37.4,36.0,18.53,3.772,70.23,-0.49,0
3.866,-5.75329,-51.6,0.430,0.059,1.0000,-1.5000,-1.5000,-1.4970,0.000,37.4,36.1,18.51,3.856,70.81,-0.47,0
3.892,-5.75191,-51.1,0.426,0.050,1.0000,-1.5000,-1.5000,-1.5021,0.000,37.4,36.1,18.51,3.879,72.27,-0.41,0
3.918,-5.75062,-50.6,0.422,0.051,1.0000,-1.5000,-1.5000,-1.5012,0.000,37.4,36.1,18.49,3.924,73.08,-0.50,0
3.945,-5.74868,-49.9,0.416,0.102,1.0000,-1.5000,-1.5000,-1.4998,0.000,37.4,36.1,18.48,4.011,74.09,-1.15,0
3.971,-5.74477,-48.5,0.404,0.177,1.0000,-1.5000,-1.5000,-1.4950,0.000,37.4,36.2,18.47,4.163,76.97,-1.61,0
3.997,-5.74015,-46.8,0.390,0.164,1.0000,-1.5000,-1.5000,-1.5000,0.000,37.4,36.2,18.43,4.239,78.42,-1.38,0
4.024,-5.73667,-45.6,0.380,0.131,1.0000,-1.5000,-1.5000,-1.5035,0.000,37.4,36.2,18.42,4.265,79.02,-1.32,0
4.050,-5.73269,-44.2,0.368,0.162,1.0000,-1.5000,-1.5000,-1.4980,0.000,37.4,36.2,18.41,4.368,80.62,-1.36,0
4.076,-5.72909,-42.9,0.357,0.121,0.9962,-1.4942,-1.4942,-1.5037,0.000,37.4,36.3,18.41,4.372,81.05,-1.18,0
4.103,-5.72594,-41.7,0.348,0.110,0.9897,-1.4845,-1.4845,-1.4780,0.000,37.5,36.3,18.42,4.342,80.38,-0.90,0
4.129,-5.72393,-41.0,0.342,0.064,0.9850,-1.4775,-1.4775,-1.4819,0.000,37.5,36.3,18.44,4.273,78.82,-0.57,0
4.156,-5.72229,-40.4,0.337,0.073,0.9808,-1.4712,-1.4712,-1.4655,0.000,37.5,36.3,18.44,4.222,78.13,-0.67,0
4.183,-5.71993,-39.6,0.330,0.104,0.9743,-1.4615,-1.4615,-1.4606,0.000,37.5,36.3,18.46,4.127,76.40,-0.98,0
4.210,-5.71709,-38.5,0.321,0.112,0.9657,-1.4485,-1.4485,-1.4401,0.000,37.5,36.4,18.49,3.975,73.37,-1.00,0
4.236,-5.71433,-37.5,0.313,0.106,0.9565,-1.4347,-1.4347,-1.4292,0.000,37.5,36.4,18.52,3.793,70.33,-0.87,0
4.263,-5.71131,-36.5,0.304,0.132,0.9454,-1.4181,-1.4181,-1.4152,0.000,37.5,36.4,18.54,3.626,67.38,-1.26,0
4.289,-5.70690,-34.9,0.291,0.185,0.9275,-1.3913,-1.3913,-1.3828,0.000,37.5,36.4,18.60,3.414,63.96,-1.62,0
4.316,-5.70146,-32.9,0.274,0.213,0.9025,-1.3538,-1.3538,-1.3463,0.000,37.6,36.4,18.65,3.147,59.84,-1.75,0
4.342,-5.69545,-30.7,0.256,0.235,0.8711,-1.3067,-1.3067,-1.3016,0.000,37.6,36.5,18.70,2.887,54.67,-1.85,0
4.369,-5.68914,-28.5,0.237,0.239,0.8339,-1.2509,-1.2509,-1.2436,0.000,37.6,36.5,18.73,2.589,49.76,-1.70,0
4.396,-5.68273,-26.2,0.218,0.232,0.7917,-1.1876,-1.1876,-1.1811,0.000,37.6,36.5,18.76,2.466,47.52,-1.57,0
4.422,-5.67737,-24.2,0.202,0.171,0.7530,-1.1294,-1.1294,-1.1326,0.000,37.6,36.5,18.79,2.386,45.38,-1.18,0
4.451,-5.67353,-22.9,0.190,0.101,0.7233,-1.0850,-1.0850,-1.0757,0.000,37.6,36.5,18.80,2.236,42.88,-0.63,0
4.478,-5.67148,-22.1,0.184,0.056,0.7068,-1.0603,-1.0603,-1.0582,0.000,37.6,36.5,18.82,2.190,41.54,-0.29,0
4.504,-5.67084,-21.9,0.182,0.001,0.7015,-1.0523,-1.0523,-1.0579,0.000,37.7,36.6,18.83,2.167,40.85,-0.01,0
4.531,-5.67121,-22.0,0.183,-0.021,0.7046,-1.0569,-1.0569,-1.0596,0.000,37.7,36.6,18.82,2.179,41.18,0.15,0
4.558,-5.67157,-22.1,0.185,-0.002,0.7075,-1.0613,-1.0613,-1.0632,0.000,37.7,36.6,18.83,2.218,41.39,-0.04,0
4.584,-5.67101,-21.9,0.183,0.052,0.7029,-1.0544,-1.0544,-1.0540,0.000,37.7,36.6,18.82,2.187,41.16,-0.40,0
4.611,-5.66883,-21.2,0.176,0.116,0.6845,-1.0267,-1.0267,-1.0279,0.000,37.7,36.6,18.84,2.089,39.60,-0.78,0
4.637,-5.66512,-19.8,0.165,0.164,0.6500,-0.9749,-0.9749,-0.9703,0.000,37.7,36.6,18.88,1.892,36.40,-0.93,0
4.664,-5.66017,-18.0,0.150,0.210,0.5997,-0.8996,-0.8996,-0.8877,0.000,37.8,36.7,18.91,1.673,32.57,-1.08,0
4.691,-5.65430,-15.9,0.133,0.227,0.5372,-0.8057,-0.8057,-0.7960,0.000,37.8,36.7,18.97,1.399,27.52,-1.09,0
4.720,-5.64766,-13.5,0.113,0.234,0.4677,-0.7057,-0.7016,-0.6940,0.000,37.8,36.7,19.02,1.063,21.12,-0.84,0
4.746,-5.64214,-11.6,0.096,0.195,0.4153,-0.6230,-0.6230,-0.6131,0.000,37.8,36.7,19.06,0.805,16.18,-0.60,0
4.773,-5.63765,-9.9,0.083,0.163,0.3778,-0.5667,-0.5667,-0.5624,0.000,37.8,36.7,19.09,0.697,13.64,-0.42,0
4.799,-5.63421,-8.7,0.073,0.105,0.3498,-0.5247,-0.5247,-0.5206,0.000,37.8,36.7,19.11,0.614,12.00,-0.25,0
4.825,-5.63229,-8.0,0.067,0.056,0.3345,-0.5017,-0.5017,-0.4951,0.000,37.8,36.7,19.11,0.574,11.16,-0.09,0
4.852,-5.63158,-7.8,0.065,0.021,0.3289,-0.4933,-0.4933,-0.4900,0.000,37.9,36.7,19.12,0.563,10.91,-0.02,0
4.878,-5.63145,-7.7,0.064,0.007,0.3279,-0.4918,-0.4918,-0.4944,0.000,37.9,36.7,19.12,0.563,10.77,0.01,0
4.904,-5.63152,-7.7,0.064,0.004,0.3284,-0.4926,-0.4926,-0.4941,0.000,37.9,36.8,19.13,0.571,10.91,-0.01,0
4.931,-5.63134,-7.7,0.064,0.023,0.3270,-0.4905,-0.4905,-0.4831,0.000,37.9,36.8,19.13,0.562,10.94,-0.05,0
4.957,-5.63070,-7.4,0.062,0.035,0.3220,-0.4831,-0.4831,-0.4801,0.000,37.9,36.8,19.13,0.549,10.60,-0.08,0
4.984,-5.62955,-7.0,0.059,0.057,0.3132,-0.4698,-0.4698,-0.4689,0.000,37.9,36.8,19.14,0.522,10.08,-0.15,0
5.010,-5.62773,-6.4,0.053,0.090,0.2995,-0.4493,-0.4493,-0.4489,0.000,38.0,36.8,19.15,0.485,9.38,-0.21,0
5.037,-5.62507,-5.4,0.045,0.117,0.2804,-0.4205,-0.4205,-0.4170,0.000,38.0,36.8,19.16,0.426,8.39,-0.28,0
5.063,-5.62171,-4.2,0.035,0.142,0.2579,-0.3868,-0.3868,-0.3829,0.000,38.0,36.8,19.16,0.367,7.13,-0.29,0
5.089,-5.61794,-2.8,0.024,0.153,0.2353,-0.3530,-0.3530,-0.3496,0.000,38.0,36.8,19.17,0.310,6.13,-0.26,0
5.116,-5.61416,-1.5,0.012,0.149,0.2162,-0.3243,-0.3243,-0.3251,0.000,38.0,36.8,19.18,0.278,5.53,-0.25,0
5.142,-5.61034,-0.1,0.001,0.148,0.2010,-0.3015,-0.3015,-0.2957,0.000,38.0,36.8,19.18,0.262,5.34,-0.25,0
5.169,-5.60658,1.2,0.010,0.138,0.2133,-0.3200,-0.3200,-0.3188,0.000,38.0,36.8,19.18,0.317,6.08,-0.31,0
5.196,-5.60303,2.5,0.021,0.117,0.2306,-0.3459,-0.3459,-0.3377,0.000,38.1,36.9,19.18,0.364,6.82,-0.30,0
5.222,-5.60094,3.3,0.027,0.036,0.2422,-0.3633,-0.3633,-0.3665,0.000,38.1,36.9,19.18,0.383,7.20,-0.09,0
5.249,-5.60071,3.4,0.028,-0.001,0.2436,-0.3654,-0.3654,-0.3629,0.000,38.1,36.9,19.16,0.373,7.29,0.03,0
5.275,-5.60124,3.2,0.026,-0.032,0.2405,-0.3607,-0.3607,-0.3587,0.000,38.1,36.9,19.17,0.371,7.05,0.06,0
5.302,-5.60175,3.0,0.025,-0.012,0.2376,-0.3564,-0.3564,-0.3502,0.000,38.1,36.9,19.16,0.360,6.95,0.03,0
5.328,-5.60199,2.9,0.024,-0.005,0.2362,-0.3544,-0.3544,-0.3555,0.000,38.1,36.9,19.18,0.361,7.01,0.00,0
5.355,-5.60198,2.9,0.024,0.003,0.2363,-0.3545,-0.3545,-0.3515,0.000,38.1,36.9,19.17,0.360,6.91,0.01,0
5.381,-5.60180,3.0,0.025,0.017,0.2373,-0.3559,-0.3559,-0.3570,0.000,38.2,36.9,19.18,0.372,7.04,-0.04,0
5.408,-5.60093,3.3,0.027,0.052,0.2423,-0.3634,-0.3634,-0.3720,0.000,38.2,36.9,19.18,0.385,7.38,-0.18,0
5.434,-5.59901,4.0,0.033,0.064,0.2539,-0.3808,-0.3808,-0.3780,0.000,38.2,36.9,19.17,0.411,7.85,-0.17,0
5.461,-5.59773,4.4,0.037,0.036,0.2621,-0.3931,-0.3931,-0.3990,0.000,38.2,36.9,19.17,0.427,8.21,-0.09,0
5.487,-5.59723,4.6,0.038,0.008,0.2654,-0.3980,-0.3980,-0.3986,0.000,38.2,36.9,19.17,0.438,8.25,-0.01,0
5.514,-5.59711,4.7,0.039,0.002,0.2661,-0.3992,-0.3992,-0.3968,0.000,38.2,36.9,19.17,0.432,8.35,-0.04,0
5.540,-5.59651,4.9,0.041,0.040,0.2701,-0.4052,-0.4052,-0.4086,0.000,38.2,36.9,19.16,0.446,8.57,-0.13,0
5.567,-5.59561,5.2,0.043,0.023,0.2763,-0.4144,-0.4144,-0.4145,0.000,38.3,36.9,19.16,0.472,8.96,-0.10,0
5.593,-5.59427,5.7,0.047,0.051,0.2856,-0.4285,-0.4285,-0.4331,0.000,38.3,36.9,19.16,0.492,9.60,-0.17,0
5.620,-5.59277,6.2,0.052,0.009,0.2965,-0.4447,-0.4447,-0.4436,0.000,38.3,36.9,19.15,0.512,9.82,0.03,0
5.652,-5.59290,6.2,0.051,-0.009,0.2955,-0.4433,-0.4433,-0.4447,0.000,38.3,36.9,19.15,0.510,9.74,0.02,0
5.683,-5.59302,6.1,0.051,0.004,0.2947,-0.4420,-0.4420,-0.4419,0.000,38.3,36.9,19.16,0.500,9.82,-0.07,0
5.716,-5.59257,6.3,0.052,0.014,0.2979,-0.4469,-0.4469,-0.4433,0.000,38.3,36.9,19.15,0.516,9.95,-0.01,0
5.747,-5.59235,6.4,0.053,0.001,0.2996,-0.4494,-0.4494,-0.4531,0.000,38.3,36.9,19.15,0.526,9.99,-0.01,0
5.779,-5.59229,6.4,0.053,-0.003,0.3001,-0.4501,-0.4501,-0.4435,0.000,38.4,36.9,19.16,0.520,9.92,0.01,0
5.809,-5.59232,6.4,0.053,0.006,0.2998,-0.4497,-0.4497,-0.4488,0.000,38.4,36.9,19.14,0.527,10.06,0.01,0
5.840,-5.59235,6.4,0.053,-0.000,0.2996,-0.4494,-0.4494,-0.4474,0.000,38.4,36.9,19.15,0.518,10.06,0.03,0
5.872,-5.59238,6.4,0.053,0.003,0.2994,-0.4490,-0.4490,-0.4476,0.000,38.4,36.9,19.14,0.518,9.96,0.01,0
5.904,-5.59235,6.4,0.053,-0.004,0.2996,-0.4494,-0.4494,-0.4496,0.000,38.4,36.9,19.15,0.524,10.08,-0.01,0
5.935,-5.59237,6.4,0.053,0.001,0.2994,-0.4492,-0.4492,-0.4499,0.000,38.4,36.9,19.15,0.527,9.96,0.01,0
5.965,-5.59244,6.3,0.053,-0.005,0.2989,-0.4484,-0.4484,-0.4494,0.000,38.4,36.9,19.15,0.519,10.00,0.01,0
5.996,-5.59252,6.3,0.053,-0.003,0.2983,-0.4475,-0.4475,-0.4443,0.000,38.5,36.9,19.16,0.518,9.89,0.01,0
6.026,-5.59271,6.2,0.052,-0.004,0.2970,-0.4454,-0.4454,-0.4385,0.000,38.5,36.9,19.15,0.514,9.82,-0.01,0
6.056,-5.59286,6.2,0.052,-0.000,0.2958,-0.4438,-0.4438,-0.4450,0.000,38.5,36.9,19.16,0.511,9.70,-0.01,0
6.087,-5.59290,6.2,0.051,0.005,0.2956,-0.4433,-0.4433,-0.4480,0.000,38.5,36.9,19.17,0.505,9.73,-0.00,0
6.117,-5.59290,6.2,0.051,0.000,0.2956,-0.4433,-0.4433,-0.4445,0.000,38.5,36.9,19.16,0.511,9.84,-0.01,0
6.148,-5.59286,6.2,0.052,-0.002,0.2958,-0.4438,-0.4438,-0.4412,0.000,38.5,36.9,19.15,0.512,9.85,-0.01,0
6.180,-5.59277,6.2,0.052,0.004,0.2965,-0.4447,-0.4447,-0.4464,0.000,38.5,36.9,19.15,0.512,9.81,-0.01,0
6.212,-5.59253,6.3,0.053,0.007,0.2983,-0.4474,-0.4474,-0.4498,0.000,38.6,36.9,19.14,0.521,9.90,-0.02,0
6.244,-5.59222,6.4,0.053,0.002,0.3005,-0.4508,-0.4508,-0.4512,0.000,38.6,36.9,19.15,0.524,10.15,-0.05,0
6.274,-5.59192,6.5,0.054,0.003,0.3027,-0.4541,-0.4541,-0.4484,0.000,38.6,36.9,19.16,0.530,10.15,-0.02,0
6.305,-5.59180,6.6,0.055,-0.006,0.3037,-0.4555,-0.4555,-0.4573,0.000,38.6,36.9,19.15,0.539,10.20,0.02,0
6.335,-5.59193,6.5,0.054,-0.006,0.3027,-0.4540,-0.4540,-0.4593,0.000,38.6,36.9,19.15,0.531,10.19,0.00,0
6.365,-5.59220,6.4,0.054,-0.013,0.3007,-0.4510,-0.4510,-0.4490,0.000,38.6,36.9,19.15,0.529,10.05,0.01,0
6.396,-5.59231,6.4,0.053,0.000,0.2998,-0.4498,-0.4498,-0.4545,0.000,38.6,36.9,19.16,0.520,10.01,-0.00,0
6.426,-5.59234,6.4,0.053,0.003,0.2996,-0.4495,-0.4495,-0.4531,0.000,38.6,36.9,19.15,0.525,10.01,0.00,0
6.457,-5.59241,6.3,0.053,-0.007,0.2991,-0.4487,-0.4487,-0.4498,0.000,38.7,36.9,19.15,0.518,9.97,0.01,0
6.489,-5.59259,6.3,0.052,-0.005,0.2978,-0.4467,-0.4467,-0.4488,0.000,38.7,36.9,19.16,0.510,9.97,0.01,0
6.521,-5.59264,6.3,0.052,0.004,0.2975,-0.4462,-0.4462,-0.4416,0.000,38.7,36.9,19.16,0.523,9.85,-0.01,0
6.552,-5.59282,6.2,0.052,-0.007,0.2961,-0.4442,-0.4442,-0.4513,0.000,38.7,36.9,19.16,0.511,9.74,0.02,0
6.583,-5.59292,6.2,0.051,-0.001,0.2954,-0.4431,-0.4431,-0.4502,0.000,38.7,36.9,19.16,0.510,9.67,-0.01,0
6.613,-5.59283,6.2,0.052,0.004,0.2960,-0.4440,-0.4440,-0.4462,0.000,38.7,36.9,19.16,0.517,9.82,-0.04,0
6.644,-5.59264,6.3,0.052,0.002,0.2974,-0.4461,-0.4461,-0.4415,0.000,38.7,36.9,19.16,0.515,9.88,0.03,0
6.674,-5.59276,6.2,0.052,-0.019,0.2966,-0.4449,-0.4449,-0.4424,0.000,38.7,36.9,19.16,0.514,9.67,0.04,0
6.705,-5.59342,6.0,0.050,-0.029,0.2918,-0.4376,-0.4376,-0.4357,0.000,38.7,36.9,19.15,0.506,9.65,0.10,0
6.736,-5.59454,5.6,0.047,-0.042,0.2837,-0.4256,-0.4256,-0.4230,0.000,38.8,36.9,19.16,0.475,9.15,0.09,0
6.767,-5.59563,5.2,0.043,-0.004,0.2761,-0.4142,-0.4142,-0.4105,0.000,38.8,36.9,19.17,0.462,8.84,0.03,0
6.799,-5.59558,5.2,0.043,0.013,0.2765,-0.4147,-0.4147,-0.4196,0.000,38.8,36.9,19.16,0.468,8.82,-0.08,0
6.831,-5.59466,5.5,0.046,0.030,0.2829,-0.4244,-0.4244,-0.4228,0.000,38.8,36.9,19.17,0.483,9.23,-0.06,0
6.862,-5.59398,5.8,0.048,0.019,0.2877,-0.4316,-0.4316,-0.4346,0.000,38.8,36.9,19.17,0.496,9.45,-0.06,0
6.892,-5.59318,6.1,0.051,0.025,0.2935,-0.4402,-0.4402,-0.4345,0.000,38.8,36.9,19.16,0.515,9.71,-0.09,0
6.923,-5.59149,6.7,0.056,0.035,0.3060,-0.4590,-0.4590,-0.4599,0.000,38.8,36.9,19.15,0.549,10.44,-0.10,0
6.954,-5.59059,7.0,0.058,0.024,0.3128,-0.4691,-0.4691,-0.4684,0.000,38.8,36.9,19.14,0.576,10.91,-0.08,0
6.984,-5.59029,7.1,0.059,-0.014,0.3151,-0.4726,-0.4726,-0.4706,0.000,38.8,36.9,19.14,0.577,11.08,0.00,0
7.015,-5.59063,7.0,0.058,-0.017,0.3125,-0.4688,-0.4688,-0.4705,0.000,38.8,36.9,19.15,0.567,10.88,0.06,0
7.046,-5.59108,6.8,0.057,-0.011,0.3091,-0.4636,-0.4636,-0.4714,0.000,38.9,36.9,19.15,0.547,10.70,0.06,0
7.077,-5.59127,6.8,0.056,-0.016,0.3077,-0.4615,-0.4615,-0.4690,0.000,38.9,36.9,19.15,0.545,10.57,0.00,0
7.109,-5.59144,6.7,0.056,0.005,0.3064,-0.4595,-0.4595,-0.4580,0.000,38.9,36.9,19.16,0.541,10.39,0.02,0
7.141,-5.59171,6.6,0.055,-0.009,0.3043,-0.4565,-0.4565,-0.4507,0.000,38.9,36.9,19.16,0.532,10.19,0.04,0
7.172,-5.59191,6.5,0.054,-0.005,0.3028,-0.4542,-0.4542,-0.4623,0.000,38.9,36.9,19.16,0.527,10.39,-0.00,0
7.202,-5.59186,6.5,0.055,-0.004,0.3032,-0.4548,-0.4548,-0.4583,0.000,38.9,36.9,19.15,0.532,10.14,-0.00,0
7.233,-5.59192,6.5,0.054,-0.004,0.3028,-0.4542,-0.4542,-0.4519,0.000,38.9,36.9,19.15,0.530,10.21,0.00,0
7.263,-5.59186,6.5,0.055,0.005,0.3032,-0.4549,-0.4549,-0.4546,0.000,38.9,36.9,19.16,0.537,10.22,-0.02,0
7.294,-5.59221,6.4,0.054,-0.036,0.3006,-0.4510,-0.4510,-0.4521,0.000,38.9,36.9,19.16,0.524,9.92,0.13,0
7.324,-5.59313,6.1,0.051,0.001,0.2938,-0.4408,-0.4408,-0.4460,0.000,38.9,36.9,19.17,0.503,9.60,-0.00,0
7.355,-5.59258,6.3,0.052,0.034,0.2979,-0.4469,-0.4469,-0.4396,0.000,38.9,36.9,19.14,0.527,9.86,-0.06,0
7.386,-5.59229,6.4,0.053,0.007,0.3001,-0.4501,-0.4501,-0.4513,0.000,39.0,36.9,19.16,0.517,9.95,-0.05,0
7.418,-5.59160,6.6,0.055,0.025,0.3051,-0.4577,-0.4577,-0.4550,0.000,39.0,36.9,19.16,0.535,10.33,-0.12,0
7.450,-5.59091,6.9,0.057,0.022,0.3104,-0.4655,-0.4655,-0.4691,0.000,39.0,36.9,19.14,0.564,10.78,-0.06,0
7.481,-5.59061,7.0,0.058,0.011,0.3126,-0.4689,-0.4689,-0.4626,0.000,39.0,36.9,19.15,0.566,10.89,0.00,0
7.512,-5.59038,7.1,0.059,0.013,0.3144,-0.4716,-0.4716,-0.4709,0.000,39.0,36.9,19.14,0.579,10.93,0.03,0
7.542,-5.59037,7.1,0.059,0.004,0.3145,-0.4717,-0.4717,-0.4715,0.000,39.0,36.9,19.15,0.580,10.94,-0.01,0
7.572,-5.59025,7.1,0.059,0.007,0.3154,-0.4731,-0.4731,-0.4717,0.000,39.0,36.9,19.14,0.589,11.09,-0.01,0
7.603,-5.58990,7.3,0.060,0.021,0.3181,-0.4771,-0.4771,-0.4765,0.000,39.0,36.8,19.14,0.600,11.38,-0.06,0
7.633,-5.58955,7.4,0.061,0.022,0.3208,-0.4812,-0.4812,-0.4851,0.000,39.0,36.8,19.14,0.606,11.37,-0.04,0
7.664,-5.58944,7.4,0.062,-0.013,0.3217,-0.4825,-0.4825,-0.4774,0.000,39.0,36.8,19.15,0.604,11.49,-0.04,0
7.696,-5.58955,7.4,0.061,-0.029,0.3208,-0.4812,-0.4812,-0.4766,0.000,39.0,36.8,19.13,0.599,11.54,-0.07,0
7.728,-5.58910,7.5,0.063,0.038,0.3243,-0.4864,-0.4864,-0.4863,0.000,39.0,36.8,19.14,0.621,11.79,-0.20,0
7.760,-5.58741,8.1,0.068,0.052,0.3376,-0.5063,-0.5063,-0.5021,0.000,39.0,36.8,19.14,0.677,12.70,-0.05,0
7.790,-5.58714,8.2,0.069,-0.009,0.3397,-0.5095,-0.5095,-0.5131,0.000,39.0,36.8,19.14,0.677,12.86,0.03,0
7.821,-5.58759,8.1,0.067,-0.011,0.3361,-0.5042,-0.5042,-0.4990,0.000,39.1,36.8,19.13,0.653,12.43,0.03,0
7.851,-5.58771,8.0,0.067,-0.004,0.3352,-0.5028,-0.5028,-0.4998,0.000,39.1,36.8,19.14,0.656,12.48,0.05,0
7.882,-5.58820,7.9,0.066,-0.022,0.3313,-0.4969,-0.4969,-0.4902,0.000,39.1,36.8,19.13,0.640,12.20,0.10,0
7.912,-5.58914,7.5,0.063,-0.048,0.3240,-0.4860,-0.4860,-0.4877,0.000,39.1,36.8,19.13,0.606,11.75,0.17,0
7.942,-5.59136,6.7,0.056,-0.123,0.3070,-0.4604,-0.4604,-0.4597,0.000,39.1,36.8,19.16,0.540,10.34,0.44,0
7.973,-5.59535,5.3,0.044,-0.133,0.2781,-0.4171,-0.4171,-0.4211,0.000,39.1,36.8,19.16,0.449,8.74,0.56,0
8.003,-5.60130,3.1,0.026,-0.222,0.2401,-0.3602,-0.3602,-0.3621,0.000,39.1,36.8,19.18,0.352,6.96,0.46,0
8.033,-5.60924,0.3,0.002,-0.351,0.2028,-0.3041,-0.3041,-0.3124,0.000,39.1,36.8,19.19,0.246,4.90,0.64,0
8.064,-5.62028,-3.7,0.031,-0.380,0.2489,-0.3734,-0.3734,-0.3764,0.000,39.1,36.8,19.18,0.343,6.50,0.80,0
8.095,-5.63162,-7.8,0.065,-0.398,0.3292,-0.4734,-0.4938,-0.4706,0.000,39.1,36.8,19.16,0.531,9.79,1.30,0
8.127,-5.64536,-12.7,0.106,-0.452,0.4451,-0.5734,-0.6676,-0.5652,0.000,39.1,36.8,19.12,0.781,14.46,1.78,0
8.158,-5.65976,-17.9,0.149,-0.487,0.5954,-0.6734,-0.8931,-0.6837,0.000,39.1,36.8,19.08,1.013,18.76,1.85,0
8.189,-5.67331,-22.8,0.190,-0.410,0.7216,-0.7734,-1.0823,-0.7830,0.000,39.1,36.8,19.05,1.235,22.94,1.90,0
8.220,-5.68421,-26.7,0.222,-0.304,0.8018,-0.8734,-1.2028,-0.8725,0.000,39.1,36.8,19.02,1.400,25.90,1.40,0
8.250,-5.69073,-29.0,0.242,-0.172,0.8437,-0.9734,-1.2656,-0.9643,0.000,39.1,36.8,18.97,1.701,31.98,0.83,0
8.281,-5.69394,-30.2,0.252,-0.066,0.8626,-1.0734,-1.2939,-1.0671,0.000,39.1,36.8,18.90,2.057,38.43,0.33,0
8.311,-5.69509,-30.6,0.255,-0.038,0.8691,-1.1734,-1.3036,-1.1706,0.000,39.1,36.8,18.83,2.428,45.50,0.13,0
8.342,-5.69542,-30.7,0.256,0.007,0.8710,-1.2734,-1.3064,-1.2714,0.000,39.2,36.8,18.77,2.824,52.40,-0.33,0
8.372,-5.69416,-30.3,0.252,0.033,0.8639,-1.2958,-1.2958,-1.2904,0.000,39.2,36.8,18.75,2.865,53.83,-0.25,0
8.403,-5.69338,-30.0,0.250,0.025,0.8594,-1.2891,-1.2891,-1.2925,0.000,39.2,36.8,18.75,2.827,52.85,-0.13,0
8.433,-5.69308,-29.9,0.249,0.010,0.8576,-1.2865,-1.2865,-1.2903,0.000,39.2,36.8,18.75,2.805,52.72,0.00,0
8.463,-5.69305,-29.9,0.249,-0.001,0.8575,-1.2863,-1.2863,-1.2942,0.000,39.2,36.8,18.74,2.809,52.50,0.01,0
8.494,-5.69338,-30.0,0.250,-0.027,0.8594,-1.2891,-1.2891,-1.2849,0.000,39.2,36.8,18.74,2.819,52.83,0.16,0
8.524,-5.69467,-30.5,0.254,-0.077,0.8668,-1.3001,-1.3001,-1.2995,0.000,39.2,36.8,18.73,2.859,54.06,0.78,0
8.555,-5.69819,-31.7,0.264,-0.157,0.8859,-1.3289,-1.3289,-1.3205,0.000,39.2,36.8,18.71,3.028,56.55,1.31,0
8.585,-5.70281,-33.4,0.278,-0.154,0.9090,-1.3635,-1.3635,-1.3528,0.000,39.2,36.8,18.65,3.255,60.80,1.29,0
8.615,-5.70718,-35.0,0.291,-0.131,0.9287,-1.3931,-1.3931,-1.3938,0.000,39.2,36.8,18.62,3.483,65.00,1.06,0
8.646,-5.71077,-36.3,0.302,-0.109,0.9434,-1.4150,-1.4150,-1.4105,0.000,39.2,36.8,18.57,3.642,67.14,0.94,0
8.676,-5.71402,-37.4,0.312,-0.105,0.9554,-1.4331,-1.4331,-1.4353,0.000,39.2,36.8,18.54,3.851,71.57,1.11,0
8.708,-5.71778,-38.8,0.323,-0.129,0.9679,-1.4518,-1.4518,-1.4486,0.000,39.2,36.8,18.50,4.078,75.43,1.24,0
8.738,-5.72183,-40.2,0.335,-0.143,0.9796,-1.4694,-1.4694,-1.4687,0.000,39.2,36.8,18.47,4.248,78.54,1.34,0
8.769,-5.72610,-41.8,0.348,-0.145,0.9900,-1.4851,-1.4851,-1.4951,0.000,39.2,36.8,18.44,4.378,80.07,1.43,0
8.799,-5.73080,-43.5,0.362,-0.168,0.9992,-1.4989,-1.4989,-1.5015,0.000,39.2,36.8,18.43,4.361,79.67,1.69,0
8.831,-5.73673,-45.6,0.380,-0.206,1.0000,-1.5000,-1.5000,-1.5106,0.000,39.2,36.8,18.44,4.210,77.38,2.03,0
8.863,-5.74360,-48.1,0.401,-0.217,1.0000,-1.5000,-1.5000,-1.5047,0.000,39.2,36.8,18.47,4.060,74.93,1.92,0
8.895,-5.75000,-50.4,0.420,-0.200,1.0000,-1.5000,-1.5000,-1.5075,0.000,39.2,36.8,18.51,3.893,71.80,1.93,0
8.925,-5.75639,-52.7,0.439,-0.202,1.0000,-1.5000,-1.5000,-1.4978,0.000,39.3,36.9,18.54,3.651,67.33,1.95,0
8.957,-5.76254,-54.9,0.457,-0.187,0.9983,-1.4975,-1.4975,-1.4966,0.000,39.3,36.9,18.56,3.618,67.61,1.57,0
8.987,-5.76777,-56.8,0.473,-0.158,0.9876,-1.4815,-1.4815,-1.4765,0.000,39.3,36.9,18.56,3.642,67.87,1.59,0
9.017,-5.77289,-58.6,0.489,-0.157,0.9743,-1.4615,-1.4615,-1.4604,0.000,39.3,36.9,18.57,3.676,68.44,1.39,0
9.048,-5.77741,-60.3,0.502,-0.148,0.9601,-1.4402,-1.4402,-1.4403,0.000,39.3,36.9,18.56,3.677,68.39,1.37,0
9.078,-5.78169,-61.8,0.515,-0.136,0.9447,-1.4171,-1.4171,-1.4136,0.000,39.3,36.9,18.56,3.623,67.72,1.28,0
9.109,-5.78623,-63.4,0.529,-0.147,0.9261,-1.3892,-1.3892,-1.3826,0.000,39.3,36.9,18.55,3.654,68.16,1.37,0
9.140,-5.79099,-65.1,0.543,-0.155,0.9043,-1.3564,-1.3564,-1.3598,0.000,39.3,36.9,18.57,3.615,67.59,1.37,0
9.170,-5.79569,-66.8,0.557,-0.146,0.8803,-1.3204,-1.3204,-1.3190,0.000,39.3,36.9,18.59,3.479,65.60,1.16,0
9.200,-5.80044,-68.5,0.571,-0.161,0.8536,-1.2803,-1.2803,-1.2849,0.000,39.3,36.9,18.61,3.275,61.06,1.38,0
9.231,-5.80575,-70.5,0.587,-0.170,0.8207,-1.2311,-1.2311,-1.2309,0.000,39.3,36.9,18.67,2.931,55.12,1.34,0
9.261,-5.81105,-72.4,0.603,-0.184,0.7850,-1.1774,-1.1774,-1.1813,0.000,39.3,37.0,18.72,2.657,50.11,1.46,0
9.292,-5.81684,-74.4,0.620,-0.174,0.7424,-1.1135,-1.1135,-1.1243,0.000,39.3,37.0,18.78,2.321,44.09,1.33,0
9.322,-5.82256,-76.5,0.638,-0.184,0.6967,-1.0451,-1.0451,-1.0505,0.000,39.3,37.0,18.83,1.992,37.75,1.20,0
9.354,-5.82845,-78.6,0.655,-0.184,0.6426,-0.9639,-0.9639,-0.9626,0.000,39.3,37.0,18.91,1.627,30.94,1.23,0
9.385,-5.83421,-80.7,0.672,-0.181,0.5832,-0.8748,-0.8748,-0.8749,0.000,39.3,37.0,18.97,1.385,26.74,0.81,0
9.415,-5.84026,-82.9,0.691,-0.199,0.5185,-0.7777,-0.7777,-0.7760,0.000,39.3,37.0,19.01,1.168,22.73,0.99,0
9.446,-5.84650,-85.1,0.709,-0.181,0.4543,-0.6815,-0.6815,-0.6837,0.000,39.4,37.0,19.05,0.956,18.85,0.77,0
9.476,-5.85168,-87.0,0.725,-0.138,0.4066,-0.6099,-0.6099,-0.6046,0.000,39.4,37.0,19.08,0.816,16.03,0.52,0
9.507,-5.85520,-88.3,0.735,-0.099,0.3778,-0.5668,-0.5668,-0.5631,0.000,39.4,37.1,19.09,0.741,14.45,0.41,0
9.538,-5.85846,-89.4,0.745,-0.099,0.3525,-0.5288,-0.5288,-0.5202,0.000,39.4,37.1,19.10,0.694,13.45,0.36,0
9.570,-5.86248,-90.9,0.757,-0.137,0.3228,-0.4843,-0.4843,-0.4941,0.000,39.4,37.1,19.12,0.615,11.81,0.41,0
9.602,-5.86634,-92.3,0.769,-0.108,0.2960,-0.4440,-0.4440,-0.4422,0.000,39.4,37.1,19.13,0.546,10.44,0.26,0
9.633,-5.86913,-93.3,0.777,-0.061,0.2777,-0.4165,-0.4165,-0.4210,0.000,39.4,37.1,19.13,0.490,9.61,0.13,0
9.664,-5.87061,-93.8,0.782,-0.032,0.2682,-0.4023,-0.4023,-0.3999,0.000,39.4,37.1,19.15,0.465,8.82,0.07,0
9.695,-5.87141,-94.1,0.784,-0.019,0.2633,-0.3949,-0.3949,-0.3981,0.000,39.4,37.1,19.15,0.454,8.59,0.06,0
9.725,-5.87223,-94.4,0.787,-0.028,0.2582,-0.3873,-0.3873,-0.3845,0.000,39.4,37.1,19.16,0.432,8.20,0.08,0
9.756,-5.87329,-94.8,0.790,-0.039,0.2518,-0.3777,-0.3777,-0.3737,0.000,39.4,37.1,19.17,0.411,7.89,0.10,0
9.786,-5.87467,-95.3,0.794,-0.043,0.2437,-0.3655,-0.3655,-0.3699,0.000,39.4,37.2,19.16,0.390,7.44,0.12,0
9.816,-5.87629,-95.8,0.799,-0.069,0.2344,-0.3516,-0.3516,-0.3522,0.000,39.4,37.2,19.17,0.360,6.74,0.13,0
9.847,-5.87837,-96.6,0.805,-0.071,0.2228,-0.3342,-0.3342,-0.3366,0.000,39.4,37.2,19.18,0.318,6.13,0.15,0
9.878,-5.88078,-97.5,0.812,-0.076,0.2101,-0.3151,-0.3151,-0.3118,0.000,39.5,37.2,19.18,0.299,5.81,0.14,0
9.909,-5.88265,-98.1,0.818,-0.049,0.2006,-0.3009,-0.3009,-0.3024,0.000,39.5,37.2,19.18,0.282,5.52,0.08,0
9.939,-5.88390,-98.6,0.822,-0.030,0.1945,-0.2917,-0.2917,-0.2938,0.000,39.5,37.2,19.17,0.277,5.29,0.03,0
9.969,-5.88471,-98.9,0.824,-0.023,0.1906,-0.2859,-0.2859,-0.2877,0.000,39.5,37.2,19.19,0.264,5.05,0.06,0
10.000,-5.88540,-99.1,0.826,-0.017,0.1873,-0.2810,-0.2810,-0.2762,0.000,39.5,37.2,19.19,0.255,4.86,0.02,0
10.030,-5.88563,-99.2,0.827,0.009,0.1863,-0.2795,-0.2795,-0.2781,0.000,39.5,37.2,19.19,0.249,4.86,-0.01,0
10.061,-5.88530,-99.1,0.826,0.014,0.1878,-0.2817,-0.2817,-0.2784,0.000,39.5,37.2,19.19,0.263,4.94,-0.02,0
10.093,-5.88480,-98.9,0.824,0.017,0.1902,-0.2853,-0.2853,-0.2877,0.000,39.5,37.2,19.19,0.265,5.06,-0.03,0
10.125,-5.88425,-98.7,0.823,0.018,0.1928,-0.2892,-0.2892,-0.2972,0.000,39.5,37.2,19.19,0.271,5.15,-0.03,0
10.155,-5.88367,-98.5,0.821,0.019,0.1956,-0.2934,-0.2934,-0.2966,0.000,39.5,37.2,19.19,0.279,5.30,-0.04,0
10.186,-5.88269,-98.2,0.818,0.048,0.2004,-0.3006,-0.3006,-0.2990,0.000,39.5,37.3,19.18,0.287,5.57,-0.09,0
10.216,-5.88109,-97.6,0.813,0.053,0.2085,-0.3127,-0.3127,-0.3186,0.000,39.5,37.3,19.18,0.306,5.62,-0.13,0
10.247,-5.87885,-96.8,0.806,0.091,0.2203,-0.3304,-0.3304,-0.3264,0.000,39.5,37.3,19.18,0.328,6.23,-0.19,0
10.277,-5.87594,-95.7,0.798,0.096,0.2363,-0.3545,-0.3545,-0.3538,0.000,39.5,37.3,19.18,0.378,7.15,-0.21,0
10.307,-5.87299,-94.7,0.789,0.118,0.2536,-0.3804,-0.3804,-0.3780,0.000,39.6,37.3,19.17,0.449,8.32,-0.25,0
10.338,-5.86962,-93.4,0.779,0.105,0.2745,-0.4117,-0.4117,-0.4129,0.000,39.6,37.3,19.16,0.510,9.45,-0.31,0
10.369,-5.86589,-92.1,0.768,0.118,0.2991,-0.4486,-0.4486,-0.4526,0.000,39.6,37.3,19.16,0.582,10.84,-0.36,0
10.401,-5.86176,-90.6,0.755,0.137,0.3281,-0.4921,-0.4921,-0.4955,0.000,39.6,37.3,19.13,0.667,12.42,-0.36,0
10.433,-5.85760,-89.1,0.743,0.115,0.3591,-0.5386,-0.5386,-0.5424,0.000,39.6,37.3,19.12,0.719,13.66,-0.40,0
10.464,-5.85401,-87.8,0.732,0.108,0.3874,-0.5811,-0.5811,-0.5767,0.000,39.6,37.3,19.11,0.798,14.93,-0.40,0
10.495,-5.85019,-86.5,0.720,0.132,0.4196,-0.6294,-0.6294,-0.6312,0.000,39.6,37.3,19.10,0.901,16.78,-0.52,0
10.525,-5.84614,-85.0,0.708,0.143,0.4579,-0.6868,-0.6868,-0.6832,0.000,39.6,37.3,19.08,1.023,19.17,-0.63,0
10.556,-5.84159,-83.4,0.695,0.137,0.5045,-0.7567,-0.7567,-0.7584,0.000,39.6,37.3,19.06,1.183,22.25,-0.65,0
10.587,-5.83705,-81.7,0.681,0.144,0.5528,-0.8293,-0.8293,-0.8267,0.000,39.6,37.3,19.02,1.326,25.12,-0.85,0
10.617,-5.83191,-79.9,0.666,0.175,0.6074,-0.9111,-0.9111,-0.9118,0.000,39.6,37.3,18.98,1.523,28.57,-0.98,0
10.648,-5.82652,-77.9,0.649,0.166,0.6613,-0.9920,-0.9920,-0.9865,0.000,39.6,37.3,18.93,1.842,34.54,-1.06,0
10.679,-5.82124,-76.0,0.634,0.163,0.7076,-1.0614,-1.0614,-1.0628,0.000,39.6,37.3,18.87,2.165,40.96,-1.16,0
10.710,-5.81580,-74.1,0.617,0.146,0.7503,-1.1255,-1.1255,-1.1206,0.000,39.6,37.3,18.82,2.499,46.53,-1.02,0
10.741,-5.81154,-72.5,0.604,0.123,0.7815,-1.1722,-1.1722,-1.1709,0.000,39.6,37.3,18.76,2.719,50.87,-0.80,0
10.773,-5.80737,-71.0,0.592,0.131,0.8101,-1.2152,-1.2152,-1.2168,0.000,39.7,37.3,18.72,2.928,54.64,-1.12,0
10.805,-5.80296,-69.4,0.579,0.142,0.8384,-1.2576,-1.2576,-1.2564,0.000,39.7,37.3,18.66,3.224,60.18,-1.24,0
10.836,-5.79796,-67.7,0.564,0.144,0.8678,-1.3017,-1.3017,-1.3026,0.000,39.7,37.3,18.61,3.476,64.52,-1.07,0
10.868,-5.79393,-66.2,0.552,0.138,0.8896,-1.3343,-1.3343,-1.3364,0.000,39.7,37.3,18.59,3.598,66.62,-1.05,0
10.900,-5.79011,-64.8,0.540,0.124,0.9085,-1.3628,-1.3628,-1.3607,0.000,39.7,37.3,18.57,3.632,67.33,-1.03,0
10.931,-5.78632,-63.5,0.529,0.119,0.9258,-1.3886,-1.3886,-1.3887,0.000,39.7,37.3,18.57,3.650,67.50,-0.95,0
10.962,-5.78296,-62.3,0.519,0.111,0.9397,-1.4096,-1.4096,-1.4035,0.000,39.7,37.3,18.56,3.623,67.17,-0.92,0
10.993,-5.77993,-61.2,0.510,0.088,0.9513,-1.4270,-1.4270,-1.4295,0.000,39.7,37.3,18.57,3.653,67.53,-0.89,0
11.023,-5.77679,-60.0,0.500,0.107,0.9622,-1.4433,-1.4433,-1.4508,0.000,39.7,37.3,18.58,3.678,67.97,-0.98,0
11.054,-5.77357,-58.9,0.491,0.105,0.9723,-1.4585,-1.4585,-1.4584,0.000,39.7,37.3,18.57,3.675,68.10,-0.87,0
11.084,-5.77062,-57.8,0.482,0.095,0.9806,-1.4709,-1.4709,-1.4722,0.000,39.7,37.3,18.57,3.690,68.02,-0.78,0
11.114,-5.76824,-57.0,0.475,0.070,0.9865,-1.4798,-1.4798,-1.4735,0.000,39.7,37.3,18.56,3.661,67.88,-0.63,0
11.145,-5.76614,-56.2,0.468,0.072,0.9913,-1.4869,-1.4869,-1.4821,0.000,39.7,37.3,18.56,3.664,67.74,-0.66,0
11.176,-5.76384,-55.4,0.461,0.085,0.9960,-1.4939,-1.4939,-1.4983,0.000,39.7,37.3,18.56,3.673,67.98,-0.72,0
11.208,-5.76125,-54.4,0.454,0.092,1.0000,-1.5000,-1.5000,-1.4979,0.000,39.7,37.3,18.54,3.668,68.00,-0.89,0
11.239,-5.75773,-53.2,0.443,0.154,1.0000,-1.5000,-1.5000,-1.5043,0.000,39.7,37.3,18.54,3.742,69.57,-1.65,0
11.271,-5.75130,-50.9,0.424,0.227,1.0000,-1.5000,-1.5000,-1.4941,0.000,39.7,37.3,18.49,3.993,74.06,-2.32,0
11.303,-5.74377,-48.1,0.401,0.237,1.0000,-1.5000,-1.5000,-1.5038,0.000,39.7,37.3,18.43,4.239,77.99,-2.17,0
11.335,-5.73615,-45.4,0.378,0.247,1.0000,-1.5000,-1.5000,-1.4926,0.000,39.8,37.3,18.40,4.360,79.76,-2.29,0
11.366,-5.72944,-43.0,0.358,0.221,0.9968,-1.4952,-1.4952,-1.4948,0.000,39.8,37.3,18.39,4.502,82.97,-1.79,0
11.397,-5.72418,-41.1,0.342,0.153,0.9856,-1.4784,-1.4784,-1.4810,0.000,39.8,37.4,18.41,4.396,80.86,-1.37,0
11.428,-5.72050,-39.8,0.331,0.090,0.9759,-1.4639,-1.4639,-1.4651,0.000,39.8,37.4,18.43,4.240,78.17,-0.70,0
11.458,-5.71837,-39.0,0.325,0.062,0.9697,-1.4546,-1.4546,-1.4587,0.000,39.8,37.4,18.44,4.120,76.11,-0.50,0
11.489,-5.71652,-38.3,0.319,0.073,0.9639,-1.4458,-1.4458,-1.4449,0.000,39.8,37.4,18.47,4.013,74.12,-0.60,0
11.519,-5.71409,-37.5,0.312,0.081,0.9556,-1.4335,-1.4335,-1.4317,0.000,39.8,37.4,18.50,3.850,71.37,-0.80,0
11.550,-5.71175,-36.6,0.305,0.064,0.9471,-1.4207,-1.4207,-1.4282,0.000,39.8,37.4,18.53,3.701,68.57,-0.67,0
11.581,-5.70956,-35.8,0.299,0.068,0.9386,-1.4079,-1.4079,-1.4104,0.000,39.8,37.4,18.54,3.590,66.68,-0.62,0
11.613,-5.70747,-35.1,0.292,0.050,0.9299,-1.3949,-1.3949,-1.3958,0.000,39.8,37.4,18.57,3.470,64.91,-0.57,0
11.645,-5.70575,-34.5,0.287,0.047,0.9225,-1.3837,-1.3837,-1.3854,0.000,39.8,37.5,18.59,3.415,63.59,-0.43,0
11.676,-5.70430,-33.9,0.283,0.051,0.9160,-1.3739,-1.3739,-1.3717,0.000,39.8,37.5,18.60,3.359,62.20,-0.40,0
11.708,-5.70270,-33.4,0.278,0.052,0.9085,-1.3627,-1.3627,-1.3603,0.000,39.8,37.5,18.62,3.269,60.85,-0.38,0
11.738,-5.70109,-32.8,0.273,0.058,0.9007,-1.3510,-1.3510,-1.3566,0.000,39.8,37.5,18.64,3.203,59.60,-0.47,0
11.770,-5.69925,-32.1,0.268,0.060,0.8914,-1.3371,-1.3371,-1.3439,0.000,39.8,37.5,18.67,3.117,58.10,-0.56,0
11.800,-5.69737,-31.4,0.262,0.064,0.8816,-1.3224,-1.3224,-1.3129,0.000,39.8,37.5,18.66,3.022,56.70,-0.55,0
11.831,-5.69529,-30.7,0.256,0.069,0.8702,-1.3053,-1.3053,-1.2979,0.000,39.9,37.5,18.69,2.928,54.97,-0.66,0
11.861,-5.69305,-29.9,0.249,0.080,0.8575,-1.2863,-1.2863,-1.2834,0.000,39.9,37.5,18.71,2.832,52.84,-0.60,0
11.893,-5.69061,-29.0,0.242,0.072,0.8430,-1.2644,-1.2644,-1.2630,0.000,39.9,37.6,18.71,2.724,51.03,-0.65,0
11.925,-5.68820,-28.1,0.234,0.075,0.8280,-1.2420,-1.2420,-1.2375,0.000,39.9,37.6,18.74,2.602,48.81,-0.60,0
11.956,-5.68598,-27.3,0.228,0.074,0.8137,-1.2205,-1.2205,-1.2222,0.000,39.9,37.6,18.74,2.570,48.29,-0.46,0
11.990,-5.68364,-26.5,0.221,0.074,0.7980,-1.1969,-1.1969,-1.1952,0.000,39.9,37.6,18.75,2.528,47.71,-0.53,0
12.021,-5.68144,-25.7,0.214,0.071,0.7827,-1.1740,-1.1740,-1.1759,0.000,39.9,37.6,18.77,2.487,46.75,-0.40,0
12.052,-5.67953,-25.0,0.208,0.071,0.7689,-1.1534,-1.1534,-1.1553,0.000,39.9,37.6,18.77,2.451,46.11,-0.51,0
12.082,-5.67731,-24.2,0.202,0.074,0.7525,-1.1288,-1.1288,-1.1298,0.000,39.9,37.6,18.78,2.411,45.56,-0.53,0
12.113,-5.67511,-23.4,0.195,0.074,0.7357,-1.1036,-1.1036,-1.0985,0.000,39.9,37.6,18.80,2.340,44.22,-0.50,0
12.143,-5.67301,-22.7,0.189,0.066,0.7192,-1.0788,-1.0788,-1.0785,0.000,39.9,37.7,18.79,2.293,43.13,-0.53,0
12.173,-5.67094,-21.9,0.183,0.060,0.7024,-1.0536,-1.0536,-1.0486,0.000,39.9,37.7,18.82,2.217,41.91,-0.45,0
12.204,-5.66901,-21.2,0.177,0.045,0.6860,-1.0290,-1.0290,-1.0260,0.000,39.9,37.7,18.83,2.154,40.47,-0.38,0
12.237,-5.66720,-20.6,0.171,0.051,0.6698,-1.0047,-1.0047,-1.0018,0.000,39.9,37.7,18.84,2.061,39.10,-0.37,0
12.269,-5.66530,-19.9,0.166,0.067,0.6517,-0.9776,-0.9776,-0.9769,0.000,39.9,37.7,18.86,1.951,37.08,-0.43,0
12.300,-5.66344,-19.2,0.160,0.059,0.6334,-0.9501,-0.9501,-0.9496,0.000,40.0,37.7,18.86,1.863,35.38,-0.32,0
12.331,-5.66179,-18.6,0.155,0.050,0.6166,-0.9249,-0.9249,-0.9249,0.000,40.0,37.7,18.87,1.818,34.21,-0.27,0
12.361,-5.66017,-18.0,0.150,0.061,0.5997,-0.8996,-0.8996,-0.8957,0.000,40.0,37.7,18.89,1.748,33.25,-0.32,0
12.391,-5.65827,-17.4,0.145,0.062,0.5796,-0.8694,-0.8694,-0.8690,0.000,40.0,37.8,18.92,1.649,31.60,-0.43,0
12.422,-5.65587,-16.5,0.137,0.100,0.5539,-0.8309,-0.8309,-0.8320,0.000,40.0,37.8,18.94,1.547,29.60,-0.43,0
12.453,-5.65342,-15.6,0.130,0.076,0.5278,-0.7917,-0.7917,-0.7832,0.000,40.0,37.8,18.97,1.422,27.19,-0.33,0
12.483,-5.65147,-14.9,0.124,0.063,0.5071,-0.7606,-0.7606,-0.7635,0.000,40.0,37.8,18.98,1.326,25.38,-0.43,0
12.515,-5.64948,-14.2,0.118,0.058,0.4863,-0.7294,-0.7294,-0.7321,0.000,40.0,37.8,19.01,1.230,23.50,-0.34,0
12.547,-5.64768,-13.5,0.113,0.058,0.4679,-0.7018,-0.7018,-0.7000,0.000,40.0,37.8,19.01,1.134,21.73,-0.25,0
12.579,-5.64614,-13.0,0.108,0.044,0.4526,-0.6789,-0.6789,-0.6783,0.000,40.0,37.8,19.03,1.057,19.96,-0.23,0
12.610,-5.64471,-12.5,0.104,0.049,0.4388,-0.6582,-0.6582,-0.6547,0.000,40.0,37.8,19.05,0.986,18.81,-0.19,0
12.641,-5.64336,-12.0,0.100,0.045,0.4262,-0.6393,-0.6393,-0.6362,0.000,40.1,37.8,19.06,0.931,17.79,-0.14,0
12.671,-5.64202,-11.5,0.096,0.039,0.4143,-0.6214,-0.6214,-0.6208,0.000,40.1,37.9,19.06,0.872,16.69,-0.16,0
12.703,-5.64049,-11.0,0.091,0.050,0.4012,-0.6018,-0.6018,-0.6020,0.000,40.1,37.9,19.08,0.815,15.46,-0.19,0
12.733,-5.63866,-10.3,0.086,0.063,0.3861,-0.5792,-0.5792,-0.5863,0.000,40.1,37.9,19.09,0.752,14.55,-0.24,0
12.763,-5.63646,-9.5,0.079,0.075,0.3680,-0.5520,-0.5520,-0.5566,0.000,40.1,37.9,19.09,0.701,13.57,-0.31,0
12.794,-5.63409,-8.7,0.072,0.086,0.3488,-0.5232,-0.5232,-0.5153,0.000,40.1,37.9,19.11,0.645,12.34,-0.21,0
12.826,-5.63203,-7.9,0.066,0.059,0.3324,-0.4986,-0.4986,-0.4988,0.000,40.1,37.9,19.11,0.599,11.32,-0.19,0
12.858,-5.63042,-7.3,0.061,0.047,0.3199,-0.4798,-0.4798,-0.4842,0.000,40.1,37.9,19.12,0.555,10.75,-0.13,0
12.889,-5.62880,-6.8,0.056,0.057,0.3075,-0.4612,-0.4612,-0.4626,0.000,40.1,37.9,19.14,0.523,10.00,-0.17,0
12.921,-5.62696,-6.1,0.051,0.063,0.2939,-0.4408,-0.4408,-0.4364,0.000,40.1,37.9,19.14,0.488,9.26,-0.17,0
12.953,-5.62510,-5.4,0.045,0.055,0.2806,-0.4209,-0.4209,-0.4214,0.000,40.1,37.9,19.15,0.443,8.61,-0.16,0
12.985,-5.62328,-4.8,0.040,0.059,0.2682,-0.4022,-0.4022,-0.4152,0.000,40.2,37.9,19.15,0.413,7.91,-0.15,0
13.017,-5.62115,-4.0,0.033,0.071,0.2543,-0.3815,-0.3815,-0.3757,0.000,40.2,37.9,19.15,0.371,7.05,-0.17,0
13.048,-5.61882,-3.2,0.026,0.066,0.2404,-0.3605,-0.3605,-0.3579,0.000,40.2,37.9,19.16,0.338,6.42,-0.17,0
13.078,-5.61638,-2.3,0.019,0.090,0.2270,-0.3405,-0.3405,-0.3414,0.000,40.2,37.9,19.16,0.300,5.79,-0.19,0
13.108,-5.61370,-1.3,0.011,0.095,0.2142,-0.3212,-0.3212,-0.3185,0.000,40.2,38.0,19.17,0.289,5.70,-0.20,0
13.139,-5.61096,-0.3,0.003,0.090,0.2031,-0.3047,-0.3047,-0.3004,0.000,40.2,38.0,19.17,0.274,5.37,-0.19,0
13.169,-5.60859,0.5,0.004,0.074,0.2051,-0.3077,-0.3077,-0.3070,0.000,40.2,38.0,19.17,0.289,5.50,-0.16,0
13.200,-5.60630,1.3,0.011,0.088,0.2146,-0.3218,-0.3218,-0.3163,0.000,40.2,38.0,19.17,0.315,6.09,-0.16,0
13.232,-5.60363,2.3,0.019,0.081,0.2274,-0.3411,-0.3411,-0.3398,0.000,40.2,38.0,19.17,0.347,6.66,-0.19,0
13.263,-5.60087,3.3,0.028,0.087,0.2426,-0.3639,-0.3639,-0.3613,0.000,40.2,38.0,19.17,0.390,7.39,-0.20,0
13.295,-5.59826,4.2,0.035,0.073,0.2586,-0.3879,-0.3879,-0.3888,0.000,40.2,38.0,19.15,0.429,8.12,-0.16,0
13.326,-5.59715,4.6,0.039,0.003,0.2659,-0.3988,-0.3988,-0.3982,0.000,40.2,38.0,19.16,0.435,8.50,0.01,0
13.357,-5.59707,4.7,0.039,-0.003,0.2664,-0.3996,-0.3996,-0.3993,0.000,40.3,38.0,19.14,0.441,8.48,0.01,0
13.387,-5.59693,4.7,0.039,0.013,0.2673,-0.4010,-0.4010,-0.3975,0.000,40.3,38.0,19.15,0.444,8.48,-0.03,0
13.417,-5.59654,4.9,0.041,0.007,0.2699,-0.4049,-0.4049,-0.4102,0.000,40.3,38.0,19.16,0.453,8.61,-0.01,0
13.448,-5.59650,4.9,0.041,-0.001,0.2702,-0.4053,-0.4053,-0.3999,0.000,40.3,38.0,19.15,0.455,8.63,0.01,0
13.479,-5.59639,4.9,0.041,0.011,0.2709,-0.4064,-0.4064,-0.4070,0.000,40.3,38.0,19.15,0.463,8.59,-0.04,0
13.509,-5.59588,5.1,0.042,0.025,0.2744,-0.4116,-0.4116,-0.4130,0.000,40.3,38.0,19.15,0.462,8.88,-0.07,0
13.541,-5.59538,5.3,0.044,0.010,0.2779,-0.4168,-0.4168,-0.4136,0.000,40.3,38.0,19.14,0.470,9.01,-0.02,0
13.573,-5.59516,5.4,0.045,0.008,0.2794,-0.4191,-0.4191,-0.4228,0.000,40.3,38.0,19.15,0.479,9.07,-0.01,0
13.605,-5.59484,5.5,0.046,0.020,0.2816,-0.4224,-0.4224,-0.4285,0.000,40.3,38.0,19.15,0.483,9.11,-0.05,0
13.636,-5.59412,5.7,0.048,0.018,0.2867,-0.4300,-0.4300,-0.4262,0.000,40.3,38.0,19.14,0.488,9.38,-0.06,0
13.667,-5.59335,6.0,0.050,0.020,0.2923,-0.4384,-0.4384,-0.4308,0.000,40.3,38.0,19.14,0.507,9.66,-0.04,0
13.697,-5.59215,6.4,0.054,0.051,0.3011,-0.4516,-0.4516,-0.4561,0.000,40.3,38.0,19.14,0.524,10.15,-0.08,0
13.728,-5.59133,6.7,0.056,0.018,0.3072,-0.4608,-0.4608,-0.4644,0.000,40.3,38.0,19.14,0.544,10.49,-0.03,0
13.758,-5.59150,6.7,0.056,-0.094,0.3059,-0.4589,-0.4589,-0.4539,0.000,40.3,38.0,19.14,0.550,10.49,0.05,0
13.788,-5.59213,6.4,0.054,-0.002,0.3012,-0.4518,-0.4518,-0.4538,0.000,40.4,38.0,19.14,0.526,9.96,0.03,0
13.819,-5.59251,6.3,0.053,-0.018,0.2984,-0.4476,-0.4476,-0.4523,0.000,40.4,38.0,19.14,0.521,10.06,0.03,0
13.849,-5.59288,6.2,0.052,-0.016,0.2957,-0.4436,-0.4436,-0.4471,0.000,40.4,38.0,19.15,0.512,9.81,0.08,0
13.882,-5.59352,5.9,0.050,0.010,0.2910,-0.4365,-0.4365,-0.4326,0.000,40.4,38.0,19.14,0.495,9.51,0.06,0
13.913,-5.59461,5.6,0.046,-0.065,0.2832,-0.4248,-0.4248,-0.4227,0.000,40.4,38.0,19.15,0.478,9.28,0.19,0
13.944,-5.59648,4.9,0.041,-0.066,0.2703,-0.4055,-0.4055,-0.4017,0.000,40.4,38.0,19.15,0.434,8.58,0.16,0
13.974,-5.59876,4.1,0.034,-0.080,0.2555,-0.3832,-0.3832,-0.3846,0.000,40.4,38.0,19.16,0.408,7.80,0.22,0
14.005,-5.60181,3.0,0.025,-0.105,0.2373,-0.3559,-0.3559,-0.3542,0.000,40.4,38.0,19.17,0.350,6.90,0.28,0
14.036,-5.60601,1.5,0.012,-0.143,0.2159,-0.3238,-0.3238,-0.3254,0.000,40.4,38.0,19.17,0.298,5.79,0.27,0
14.067,-5.61083,-0.3,0.002,-0.181,0.2027,-0.3040,-0.3040,-0.3036,0.000,40.4,38.0,19.18,0.262,5.01,0.33,0
14.097,-5.61652,-2.3,0.019,-0.170,0.2278,-0.3416,-0.3416,-0.3439,0.000,40.4,38.0,19.17,0.293,5.54,0.32,0
14.128,-5.62180,-4.2,0.035,-0.157,0.2585,-0.3877,-0.3877,-0.3850,0.000,40.4,38.0,19.16,0.385,7.12,0.38,0
14.158,-5.62706,-6.1,0.051,-0.172,0.2946,-0.4418,-0.4418,-0.4425,0.000,40.4,38.0,19.16,0.485,8.81,0.48,0
14.188,-5.63203,-7.9,0.066,-0.162,0.3324,-0.4986,-0.4986,-0.4898,0.000,40.4,38.0,19.14,0.589,10.94,0.55,0
14.219,-5.63711,-9.7,0.081,-0.147,0.3733,-0.5600,-0.5600,-0.5597,0.000,40.4,38.0,19.12,0.701,13.29,0.62,0
14.250,-5.64236,-11.6,0.097,-0.170,0.4172,-0.6259,-0.6259,-0.6239,0.000,40.5,38.0,19.09,0.880,16.70,0.67,0
14.282,-5.64738,-13.4,0.112,-0.165,0.4648,-0.6972,-0.6972,-0.6951,0.000,40.5,38.0,19.06,1.101,21.06,0.67,0
14.313,-5.65186,-15.1,0.125,-0.135,0.5111,-0.7667,-0.7667,-0.7604,0.000,40.5,38.0,19.02,1.332,25.03,0.63,0
14.345,-5.65583,-16.5,0.137,-0.133,0.5536,-0.8304,-0.8304,-0.8346,0.000,40.5,38.0,18.99,1.530,28.63,0.65,0
14.375,-5.65986,-17.9,0.149,-0.144,0.5965,-0.8947,-0.8947,-0.8914,0.000,40.5,38.0,18.94,1.706,32.12,0.62,0
14.406,-5.66357,-19.3,0.161,-0.120,0.6347,-0.9520,-0.9520,-0.9479,0.000,40.5,38.0,18.91,1.863,34.97,0.66,0
14.436,-5.66687,-20.5,0.170,-0.101,0.6667,-1.0001,-1.0001,-1.0070,0.000,40.5,38.0,18.88,2.020,38.02,0.63,0
14.467,-5.66976,-21.5,0.179,-0.082,0.6925,-1.0387,-1.0387,-1.0342,0.000,40.5,38.0,18.86,2.145,40.27,0.58,0
14.498,-5.67209,-22.3,0.186,-0.072,0.7118,-1.0677,-1.0677,-1.0699,0.000,40.5,38.0,18.84,2.226,41.82,0.56,0
14.528,-5.67407,-23.1,0.192,-0.057,0.7276,-1.0914,-1.0914,-1.0882,0.000,40.5,38.0,18.83,2.282,43.16,0.38,0
14.560,-5.67565,-23.6,0.197,-0.054,0.7399,-1.1099,-1.1099,-1.1057,0.000,40.5,38.0,18.83,2.337,43.93,0.37,0
14.592,-5.67718,-24.2,0.201,-0.047,0.7516,-1.1274,-1.1274,-1.1188,0.000,40.5,38.0,18.81,2.376,44.40,0.44,0
14.624,-5.67903,-24.8,0.207,-0.071,0.7653,-1.1480,-1.1480,-1.1476,0.000,40.5,38.0,18.80,2.399,45.20,0.58,0
14.655,-5.68131,-25.7,0.214,-0.079,0.7817,-1.1726,-1.1726,-1.1719,0.000,40.5,38.0,18.79,2.444,45.87,0.47,0
14.686,-5.68345,-26.4,0.220,-0.077,0.7967,-1.1951,-1.1951,-1.2003,0.000,40.5,38.0,18.78,2.495,46.50,0.54,0
14.716,-5.68538,-27.1,0.226,-0.062,0.8097,-1.2146,-1.2146,-1.2124,0.000,40.5,38.0,18.78,2.514,47.27,0.40,0
14.746,-5.68714,-27.8,0.231,-0.054,0.8213,-1.2319,-1.2319,-1.2310,0.000,40.5,38.0,18.77,2.544,47.78,0.38,0
14.777,-5.68864,-28.3,0.236,-0.048,0.8308,-1.2462,-1.2462,-1.2389,0.000,40.5,38.0,18.76,2.604,48.80,0.47,0
14.807,-5.69030,-28.9,0.241,-0.048,0.8411,-1.2616,-1.2616,-1.2674,0.000,40.5,38.0,18.75,2.691,50.09,0.44,0
14.838,-5.69181,-29.4,0.245,-0.047,0.8502,-1.2752,-1.2752,-1.2774,0.000,40.5,38.0,18.74,2.760,51.79,0.39,0
14.870,-5.69320,-29.9,0.249,-0.047,0.8584,-1.2876,-1.2876,-1.2861,0.000,40.5,38.0,18.74,2.838,52.90,0.34,0
14.901,-5.69460,-30.4,0.254,-0.053,0.8664,-1.2996,-1.2996,-1.2960,0.000,40.5,38.0,18.71,2.896,54.16,0.40,0
14.933,-5.69602,-31.0,0.258,-0.042,0.8743,-1.3114,-1.3114,-1.3111,0.000,40.6,38.0,18.70,2.970,55.67,0.42,0
14.965,-5.69762,-31.5,0.263,-0.051,0.8829,-1.3243,-1.3243,-1.3276,0.000,40.6,38.0,18.69,3.019,56.84,0.49,0
14.997,-5.69940,-32.2,0.268,-0.063,0.8922,-1.3383,-1.3383,-1.3407,0.000,40.6,38.0,18.68,3.118,58.33,0.48,0
15.029,-5.70116,-32.8,0.273,-0.049,0.9010,-1.3515,-1.3515,-1.3494,0.000,40.6,38.0,18.66,3.203,59.58,0.47,0
15.060,-5.70272,-33.4,0.278,-0.050,0.9086,-1.3628,-1.3628,-1.3627,0.000,40.6,38.0,18.65,3.287,61.28,0.35,0
15.091,-5.70430,-33.9,0.283,-0.056,0.9160,-1.3739,-1.3739,-1.3731,0.000,40.6,38.0,18.62,3.346,62.48,0.57,0
15.121,-5.70593,-34.5,0.288,-0.049,0.9233,-1.3849,-1.3849,-1.3836,0.000,40.6,38.0,18.61,3.443,63.86,0.47,0
15.152,-5.70751,-35.1,0.292,-0.049,0.9301,-1.3952,-1.3952,-1.3932,0.000,40.6,38.0,18.59,3.493,65.01,0.40,0
15.182,-5.70897,-35.6,0.297,-0.051,0.9362,-1.4043,-1.4043,-1.3977,0.000,40.6,38.0,18.58,3.566,66.11,0.38,0
15.213,-5.71032,-36.1,0.301,-0.042,0.9416,-1.4124,-1.4124,-1.4139,0.000,40.6,38.0,18.55,3.632,67.60,0.28,0
15.244,-5.71163,-36.6,0.305,-0.043,0.9467,-1.4200,-1.4200,-1.4219,0.000,40.6,38.0,18.54,3.693,68.33,0.41,0
15.274,-5.71291,-37.0,0.309,-0.048,0.9514,-1.4271,-1.4271,-1.4259,0.000,40.6,38.0,18.52,3.780,69.90,0.40,0
15.305,-5.71419,-37.5,0.312,-0.041,0.9560,-1.4339,-1.4339,-1.4318,0.000,40.6,38.0,18.51,3.853,71.37,0.40,0
15.335,-5.71563,-38.0,0.317,-0.042,0.9609,-1.4414,-1.4414,-1.4449,0.000,40.6,38.0,18.50,3.953,73.38,0.43,0
15.366,-5.71720,-38.6,0.321,-0.058,0.9661,-1.4491,-1.4491,-1.4475,0.000,40.6,38.0,18.47,4.062,75.08,0.51,0
15.396,-5.71882,-39.2,0.326,-0.038,0.9711,-1.4566,-1.4566,-1.4537,0.000,40.6,38.0,18.46,4.126,76.27,0.51,0
15.427,-5.72027,-39.7,0.331,-0.055,0.9753,-1.4630,-1.4630,-1.4657,0.000,40.6,38.0,18.44,4.221,78.11,0.41,0
15.457,-5.72144,-40.1,0.334,-0.040,0.9786,-1.4678,-1.4678,-1.4674,0.000,40.6,38.0,18.43,4.276,78.88,0.35,0
15.488,-5.72233,-40.4,0.337,-0.022,0.9809,-1.4714,-1.4714,-1.4654,0.000,40.7,38.1,18.42,4.295,79.18,0.19,0
15.518,-5.72301,-40.7,0.339,-0.023,0.9827,-1.4741,-1.4741,-1.4740,0.000,40.7,38.1,18.42,4.331,79.19,0.22,0
15.549,-5.72362,-40.9,0.341,-0.028,0.9842,-1.4763,-1.4763,-1.4802,0.000,40.7,38.1,18.41,4.331,79.92,0.21,0
15.581,-5.72447,-41.2,0.343,-0.030,0.9863,-1.4795,-1.4795,-1.4749,0.000,40.7,38.1,18.40,4.363,80.10,0.32,0
15.613,-5.72561,-41.6,0.347,-0.041,0.9889,-1.4834,-1.4834,-1.4815,0.000,40.7,38.1,18.39,4.383,80.85,0.46,0
15.645,-5.72701,-42.1,0.351,-0.045,0.9920,-1.4880,-1.4880,-1.4989,0.000,40.7,38.1,18.39,4.405,81.31,0.35,0
15.677,-5.72838,-42.6,0.355,-0.040,0.9948,-1.4922,-1.4922,-1.4913,0.000,40.7,38.1,18.39,4.415,81.19,0.37,0
15.709,-5.72974,-43.1,0.359,-0.047,0.9974,-1.4961,-1.4961,-1.4973,0.000,40.7,38.1,18.38,4.410,80.99,0.46,0
15.740,-5.73106,-43.6,0.363,-0.034,0.9997,-1.4995,-1.4995,-1.5058,0.000,40.7,38.1,18.38,4.432,81.23,0.49,0
15.770,-5.73237,-44.0,0.367,-0.047,1.0000,-1.5000,-1.5000,-1.5065,0.000,40.7,38.1,18.38,4.390,80.20,0.39,0
15.800,-5.73383,-44.6,0.371,-0.051,1.0000,-1.5000,-1.5000,-1.5006,0.000,40.7,38.1,18.38,4.334,79.57,0.44,0
15.832,-5.73550,-45.2,0.376,-0.056,1.0000,-1.5000,-1.5000,-1.4970,0.000,40.7,38.1,18.39,4.275,78.73,0.63,0
15.862,-5.73736,-45.8,0.382,-0.068,1.0000,-1.5000,-1.5000,-1.4976,0.000,40.7,38.1,18.39,4.259,78.08,0.64,0
15.893,-5.73935,-46.5,0.388,-0.064,1.0000,-1.5000,-1.5000,-1.5069,0.000,40.7,38.2,18.41,4.219,78.05,0.65,0
15.923,-5.74146,-47.3,0.394,-0.078,1.0000,-1.5000,-1.5000,-1.4952,0.000,40.7,38.2,18.42,4.186,77.11,0.62,0
15.954,-5.74353,-48.1,0.400,-0.069,1.0000,-1.5000,-1.5000,-1.5003,0.000,40.8,38.2,18.41,4.141,76.17,0.64,0
15.985,-5.74548,-48.8,0.406,-0.058,1.0000,-1.5000,-1.5000,-1.5012,0.000,40.8,38.2,18.43,4.097,75.21,0.64,0
16.017,-5.74719,-49.4,0.411,-0.048,1.0000,-1.5000,-1.5000,-1.5030,0.000,40.8,38.2,18.44,4.027,74.52,0.52,0
16.049,-5.74865,-49.9,0.416,-0.055,1.0000,-1.5000,-1.5000,-1.4919,0.000,40.8,38.2,18.45,3.986,73.94,0.40,0
16.081,-5.75007,-50.4,0.420,-0.052,1.0000,-1.5000,-1.5000,-1.4956,0.000,40.8,38.2,18.46,3.942,72.89,0.42,0
16.111,-5.75156,-50.9,0.425,-0.060,1.0000,-1.5000,-1.5000,-1.5067,0.000,40.8,38.3,18.47,3.926,71.98,0.55,0
16.142,-5.75322,-51.5,0.430,-0.053,1.0000,-1.5000,-1.5000,-1.5009,0.000,40.8,38.3,18.49,3.856,70.95,0.45,0
16.173,-5.75500,-52.2,0.435,-0.061,1.0000,-1.5000,-1.5000,-1.5021,0.000,40.8,38.3,18.49,3.779,69.57,0.46,0
16.204,-5.75671,-52.8,0.440,-0.059,1.0000,-1.5000,-1.5000,-1.5021,0.000,40.8,38.3,18.49,3.712,68.76,0.52,0
16.235,-5.75850,-53.4,0.445,-0.059,1.0000,-1.5000,-1.5000,-1.4990,0.000,40.8,38.3,18.51,3.641,67.76,0.53,0
16.266,-5.76032,-54.1,0.451,-0.049,1.0000,-1.5000,-1.5000,-1.5050,0.000,40.8,38.3,18.50,3.659,67.61,0.55,0
16.296,-5.76205,-54.7,0.456,-0.062,0.9992,-1.4988,-1.4988,-1.4988,0.000,40.8,38.4,18.52,3.670,67.59,0.62,0
16.327,-5.76376,-55.3,0.461,-0.057,0.9961,-1.4942,-1.4942,-1.4895,0.000,40.8,38.4,18.50,3.682,67.87,0.57,0
16.357,-5.76531,-55.9,0.466,-0.041,0.9930,-1.4896,-1.4896,-1.4916,0.000,40.8,38.4,18.50,3.663,68.03,0.40,0
16.388,-5.76692,-56.5,0.471,-0.053,0.9896,-1.4844,-1.4844,-1.4779,0.000,40.8,38.4,18.53,3.667,68.16,0.51,0
16.420,-5.76855,-57.1,0.476,-0.056,0.9858,-1.4787,-1.4787,-1.4779,0.000,40.8,38.4,18.53,3.665,68.09,0.48,0
16.452,-5.77023,-57.7,0.481,-0.051,0.9816,-1.4724,-1.4724,-1.4722,0.000,40.8,38.5,18.53,3.695,68.36,0.48,0
16.483,-5.77202,-58.3,0.486,-0.054,0.9768,-1.4652,-1.4652,-1.4634,0.000,40.9,38.5,18.52,3.674,68.00,0.54,0
16.514,-5.77383,-59.0,0.491,-0.060,0.9715,-1.4573,-1.4573,-1.4525,0.000,40.9,38.5,18.52,3.685,68.20,0.47,0
16.544,-5.77553,-59.6,0.496,-0.053,0.9663,-1.4495,-1.4495,-1.4501,0.000,40.9,38.5,18.52,3.673,67.92,0.46,0
16.575,-5.77719,-60.2,0.501,-0.064,0.9609,-1.4414,-1.4414,-1.4398,0.000,40.9,38.5,18.53,3.656,67.77,0.59,0
16.606,-5.77882,-60.8,0.506,-0.045,0.9553,-1.4330,-1.4330,-1.4267,0.000,40.9,38.6,18.51,3.661,67.62,0.43,0
16.637,-5.78027,-61.3,0.511,-0.054,0.9501,-1.4251,-1.4251,-1.4236,0.000,40.9,38.6,18.52,3.631,67.58,0.34,0
16.667,-5.78180,-61.8,0.515,-0.037,0.9443,-1.4165,-1.4165,-1.4173,0.000,40.9,38.6,18.53,3.614,67.26,0.39,0
16.698,-5.78344,-62.4,0.520,-0.056,0.9378,-1.4067,-1.4067,-1.4052,0.000,40.9,38.6,18.51,3.625,66.83,0.50,0
16.729,-5.78527,-63.1,0.526,-0.064,0.9303,-1.3954,-1.3954,-1.3905,0.000,40.9,38.6,18.52,3.632,67.24,0.43,0
16.759,-5.78707,-63.7,0.531,-0.058,0.9225,-1.3837,-1.3837,-1.3850,0.000,40.9,38.7,18.53,3.641,67.90,0.47,0
16.791,-5.78889,-64.4,0.537,-0.058,0.9142,-1.3714,-1.3714,-1.3738,0.000,40.9,38.7,18.52,3.625,67.48,0.56,0
16.821,-5.79067,-65.0,0.542,-0.060,0.9058,-1.3588,-1.3588,-1.3544,0.000,41.0,38.7,18.52,3.607,67.13,0.51,0
16.852,-5.79225,-65.6,0.547,-0.047,0.8981,-1.3471,-1.3471,-1.3523,0.000,41.0,38.7,18.53,3.595,66.77,0.43,0
16.882,-5.79379,-66.1,0.551,-0.061,0.8903,-1.3354,-1.3354,-1.3357,0.000,41.0,38.7,18.54,3.576,66.00,0.41,0
16.915,-5.79545,-66.7,0.556,-0.054,0.8815,-1.3223,-1.3223,-1.3288,0.000,41.0,38.8,18.54,3.503,65.15,0.41,0
16.945,-5.79709,-67.3,0.561,-0.058,0.8726,-1.3089,-1.3089,-1.3071,0.000,41.0,38.8,18.56,3.434,64.00,0.39,0
16.975,-5.79886,-68.0,0.566,-0.058,0.8627,-1.2940,-1.2940,-1.3020,0.000,41.0,38.8,18.57,3.360,62.77,0.53,0
17.006,-5.80076,-68.7,0.572,-0.067,0.8516,-1.2774,-1.2774,-1.2801,0.000,41.0,38.8,18.59,3.264,60.73,0.52,0
17.038,-5.80295,-69.4,0.579,-0.084,0.8384,-1.2576,-1.2576,-1.2586,0.000,41.0,38.8,18.61,3.135,58.23,0.74,0
17.068,-5.80604,-70.6,0.588,-0.112,0.8189,-1.2283,-1.2283,-1.2318,0.000,41.0,38.9,18.64,2.921,54.57,0.88,0
17.098,-5.80967,-71.9,0.599,-0.121,0.7946,-1.1918,-1.1918,-1.1935,0.000,41.0,38.9,18.68,2.753,51.52,0.86,0
17.129,-5.81306,-73.1,0.609,-0.096,0.7706,-1.1559,-1.1559,-1.1581,0.000,41.1,38.9,18.71,2.592,48.35,0.61,0
17.162,-5.81611,-74.2,0.618,-0.099,0.7479,-1.1219,-1.1219,-1.1240,0.000,41.1,38.9,18.75,2.411,45.15,0.65,0
17.193,-5.81867,-75.1,0.626,-0.087,0.7282,-1.0923,-1.0923,-1.0913,0.000,41.1,38.9,18.77,2.267,42.48,0.53,0
17.223,-5.82103,-76.0,0.633,-0.074,0.7093,-1.0640,-1.0640,-1.0677,0.000,41.1,38.9,18.80,2.122,39.85,0.46,0
17.254,-5.82302,-76.7,0.639,-0.056,0.6929,-1.0393,-1.0393,-1.0449,0.000,41.1,38.9,18.83,1.991,37.74,0.38,0
17.284,-5.82470,-77.3,0.644,-0.049,0.6781,-1.0172,-1.0172,-1.0182,0.000,41.1,39.0,18.84,1.901,36.05,0.30,0
17.314,-5.82636,-77.9,0.649,-0.065,0.6628,-0.9942,-0.9942,-0.9999,0.000,41.1,39.0,18.86,1.810,34.07,0.38,0
17.345,-5.82840,-78.6,0.655,-0.074,0.6431,-0.9646,-0.9646,-0.9601,0.000,41.1,39.0,18.88,1.676,31.85,0.42,0
17.375,-5.83069,-79.4,0.662,-0.071,0.6200,-0.9300,-0.9300,-0.9250,0.000,41.1,39.0,18.91,1.546,29.21,0.44,0
17.407,-5.83311,-80.3,0.669,-0.080,0.5948,-0.8922,-0.8922,-0.8902,0.000,41.2,39.0,18.93,1.474,27.89,0.44,0
17.439,-5.83556,-81.2,0.677,-0.069,0.5689,-0.8533,-0.8533,-0.8594,0.000,41.2,39.0,18.95,1.372,25.99,0.39,0
17.470,-5.83793,-82.0,0.684,-0.073,0.5434,-0.8151,-0.8151,-0.8188,0.000,41.2,39.0,18.96,1.302,24.58,0.36,0
17.501,-5.84044,-82.9,0.691,-0.077,0.5166,-0.7749,-0.7749,-0.7767,0.000,41.2,39.0,18.98,1.179,22.87,0.38,0
17.532,-5.84323,-83.9,0.700,-0.097,0.4873,-0.7309,-0.7309,-0.7355,0.000,41.2,39.1,19.01,1.096,20.86,0.43,0
17.563,-5.84622,-85.0,0.709,-0.094,0.4570,-0.6855,-0.6855,-0.6847,0.000,41.2,39.1,19.03,0.999,18.95,0.38,0
17.593,-5.84902,-86.0,0.717,-0.090,0.4303,-0.6454,-0.6454,-0.6406,0.000,41.2,39.1,19.04,0.903,17.27,0.37,0
17.624,-5.85144,-86.9,0.724,-0.070,0.4087,-0.6130,-0.6130,-0.6135,0.000,41.2,39.1,19.06,0.825,15.93,0.27,0
17.654,-5.85346,-87.6,0.730,-0.060,0.3919,-0.5878,-0.5878,-0.5969,0.000,41.2,39.1,19.07,0.779,15.17,0.21,0
17.685,-5.85515,-88.2,0.735,-0.052,0.3783,-0.5674,-0.5674,-0.5688,0.000,41.3,39.1,19.06,0.743,14.25,0.17,0
17.716,-5.85667,-88.8,0.740,-0.053,0.3663,-0.5494,-0.5494,-0.5461,0.000,41.3,39.1,19.08,0.717,13.76,0.20,0
17.746,-5.85839,-89.4,0.745,-0.054,0.3530,-0.5295,-0.5295,-0.5306,0.000,41.3,39.1,19.07,0.704,13.22,0.19,0
17.779,-5.86027,-90.1,0.751,-0.054,0.3389,-0.5084,-0.5084,-0.5023,0.000,41.3,39.1,19.09,0.667,12.91,0.21,0
17.809,-5.86200,-90.7,0.756,-0.058,0.3263,-0.4894,-0.4894,-0.4831,0.000,41.3,39.1,19.10,0.635,12.06,0.15,0
17.840,-5.86369,-91.3,0.761,-0.056,0.3143,-0.4714,-0.4714,-0.4781,0.000,41.3,39.2,19.10,0.598,11.29,0.17,0
17.871,-5.86533,-91.9,0.766,-0.058,0.3029,-0.4543,-0.4543,-0.4499,0.000,41.3,39.2,19.11,0.560,10.87,0.15,0
17.901,-5.86700,-92.5,0.771,-0.053,0.2916,-0.4374,-0.4374,-0.4317,0.000,41.3,39.2,19.11,0.531,10.27,0.15,0
17.931,-5.86863,-93.1,0.776,-0.056,0.2809,-0.4214,-0.4214,-0.4202,0.000,41.4,39.2,19.12,0.503,9.61,0.15,0
17.962,-5.87030,-93.7,0.781,-0.059,0.2702,-0.4053,-0.4053,-0.4015,0.000,41.4,39.2,19.12,0.464,9.10,0.13,0
17.993,-5.87192,-94.3,0.786,-0.054,0.2601,-0.3901,-0.3901,-0.3871,0.000,41.4,39.2,19.12,0.434,8.30,0.12,0
18.023,-5.87346,-94.8,0.790,-0.048,0.2508,-0.3762,-0.3762,-0.3670,0.000,41.4,39.2,19.13,0.411,7.99,0.10,0
18.053,-5.87513,-95.4,0.795,-0.046,0.2410,-0.3615,-0.3615,-0.3613,0.000,41.4,39.2,19.14,0.380,7.27,0.13,0
18.084,-5.87657,-95.9,0.800,-0.040,0.2328,-0.3492,-0.3492,-0.3495,0.000,41.4,39.2,19.14,0.353,6.81,0.07,0
18.115,-5.87763,-96.3,0.803,-0.040,0.2269,-0.3403,-0.3403,-0.3455,0.000,41.4,39.2,19.14,0.340,6.41,0.07,0
18.146,-5.87889,-96.8,0.807,-0.043,0.2200,-0.3301,-0.3301,-0.3322,0.000,41.4,39.2,19.15,0.316,6.30,0.09,0
18.178,-5.88026,-97.3,0.811,-0.040,0.2128,-0.3191,-0.3191,-0.3203,0.000,41.4,39.2,19.14,0.308,5.94,0.07,0
18.209,-5.88138,-97.7,0.814,-0.033,0.2070,-0.3105,-0.3105,-0.3066,0.000,41.4,39.2,19.15,0.294,5.67,0.09,0
18.240,-5.88267,-98.1,0.818,-0.050,0.2005,-0.3008,-0.3008,-0.3005,0.000,41.5,39.2,19.15,0.278,5.27,0.07,0
18.271,-5.88403,-98.6,0.822,-0.050,0.1939,-0.2908,-0.2908,-0.2894,0.000,41.5,39.2,19.15,0.264,5.21,0.08,0
18.302,-5.88564,-99.2,0.827,-0.075,0.1862,-0.2794,-0.2794,-0.2825,0.000,41.5,39.2,19.14,0.251,4.87,0.12,0
18.332,-5.88790,-100.0,0.834,-0.086,0.1760,-0.2640,-0.2640,-0.2575,0.000,41.5,39.2,19.16,0.228,4.49,0.16,0
18.362,-5.89059,-101.0,0.842,-0.093,0.1646,-0.2469,-0.2469,-0.2477,0.000,41.5,39.2,19.16,0.206,3.94,0.14,0
18.393,-5.89347,-102.0,0.850,-0.080,0.1533,-0.2299,-0.2299,-0.2315,0.000,41.5,39.2,19.17,0.183,3.52,0.12,0
18.424,-5.89591,-102.9,0.858,-0.073,0.1444,-0.2165,-0.2165,-0.2135,0.000,41.5,39.2,19.17,0.162,3.15,0.09,0
18.456,-5.89807,-103.7,0.864,-0.077,0.1370,-0.2055,-0.2055,-0.2044,0.000,41.5,39.2,19.17,0.151,2.85,0.08,0
18.488,-5.89999,-104.4,0.870,-0.057,0.1309,-0.1963,-0.1963,-0.1991,0.000,41.5,39.2,19.17,0.138,2.65,0.07,0
18.519,-5.90191,-105.1,0.876,-0.072,0.1252,-0.1878,-0.1878,-0.1934,0.000,41.5,39.2,19.17,0.125,2.33,0.09,0
18.550,-5.90429,-105.9,0.883,-0.089,0.1187,-0.1781,-0.1781,-0.1763,0.000,41.6,39.2,19.19,0.114,2.20,0.11,0
18.580,-5.90718,-107.0,0.891,-0.092,0.1116,-0.1674,-0.1674,-0.1722,0.000,41.6,39.2,19.18,0.111,2.13,0.09,0
18.613,-5.91009,-108.0,0.900,-0.079,0.1054,-0.1581,-0.1581,-0.1533,0.000,41.6,39.2,19.18,0.105,2.07,0.08,0
18.644,-5.91242,-108.9,0.907,-0.070,0.1011,-0.1517,-0.1517,-0.1486,0.000,41.6,39.2,19.18,0.102,1.89,0.06,0
18.675,-5.91426,-109.5,0.913,-0.052,0.0982,-0.1473,-0.1473,-0.1469,0.000,41.6,39.2,19.19,0.094,1.91,0.05,0
18.706,-5.91605,-110.2,0.918,-0.056,0.0960,-0.1440,-0.1440,-0.1411,0.000,41.6,39.2,19.18,0.094,1.89,0.06,0
18.738,-5.91805,-110.9,0.924,-0.075,0.0943,-0.1414,-0.1414,-0.1466,0.000,41.6,39.2,19.18,0.093,1.77,0.07,0
18.770,-5.92073,-111.8,0.932,-0.080,0.0929,-0.1394,-0.1394,-0.1429,0.000,41.6,39.2,19.19,0.087,1.69,0.07,0
18.803,-5.92329,-112.8,0.940,-0.072,0.0926,-0.1389,-0.1389,-0.1405,0.000,41.6,39.2,19.19,0.087,1.64,0.05,0
18.834,-5.92505,-113.4,0.945,-0.049,0.0928,-0.1392,-0.1392,-0.1366,0.000,41.6,39.2,19.18,0.087,1.62,0.03,0
18.868,-5.92621,-113.8,0.949,-0.018,0.0930,-0.1396,-0.1396,-0.1358,0.000,41.6,39.2,19.19,0.084,1.66,0.02,0
18.899,-5.92664,-114.0,0.950,-0.003,0.0932,-0.1398,-0.1398,-0.1376,0.000,41.7,39.2,19.19,0.090,1.65,0.00,0
18.929,-5.92661,-114.0,0.950,0.000,0.0932,-0.1397,-0.1397,-0.1424,0.000,41.7,39.2,19.19,0.092,1.75,-0.02,0
18.960,-5.92573,-113.6,0.947,0.041,0.0929,-0.1394,-0.1394,-0.1344,0.000,41.7,39.2,19.20,0.084,1.77,-0.04,0
18.990,-5.92404,-113.0,0.942,0.068,0.0926,-0.1389,-0.1389,-0.1368,0.000,41.7,39.2,19.18,0.088,1.73,-0.07,0
19.021,-5.92137,-112.1,0.934,0.115,0.0928,-0.1392,-0.1392,-0.1457,0.000,41.7,39.2,19.19,0.096,1.87,-0.11,0
19.052,-5.91733,-110.6,0.922,0.150,0.0948,-0.1422,-0.1422,-0.1445,0.000,41.7,39.1,19.19,0.098,1.91,-0.14,0
19.082,-5.91240,-108.8,0.907,0.174,0.1011,-0.1517,-0.1517,-0.1510,0.000,41.7,39.1,19.18,0.107,2.07,-0.19,0
19.112,-5.90664,-106.8,0.890,0.200,0.1129,-0.1693,-0.1693,-0.1649,0.000,41.7,39.1,19.19,0.124,2.26,-0.21,0
19.142,-5.90035,-104.5,0.871,0.223,0.1298,-0.1947,-0.1947,-0.2000,0.000,41.7,39.1,19.18,0.149,2.77,-0.28,0
19.173,-5.89330,-102.0,0.850,0.245,0.1539,-0.2309,-0.2309,-0.2349,0.000,41.7,39.1,19.18,0.204,3.85,-0.34,0
19.203,-5.88582,-99.3,0.827,0.251,0.1854,-0.2781,-0.2781,-0.2770,0.000,41.7,39.1,19.18,0.275,5.03,-0.43,0
19.234,-5.87794,-96.4,0.804,0.251,0.2252,-0.3378,-0.3378,-0.3374,0.000,41.7,39.1,19.15,0.353,6.77,-0.56,0
19.264,-5.86982,-93.5,0.779,0.262,0.2732,-0.4099,-0.4099,-0.4058,0.000,41.7,39.1,19.13,0.521,9.71,-0.72,0
19.294,-5.86121,-90.4,0.753,0.286,0.3321,-0.4981,-0.4981,-0.5106,0.000,41.7,39.1,19.10,0.690,12.82,-0.90,0
19.325,-5.85199,-87.1,0.726,0.294,0.4040,-0.5981,-0.6059,-0.5992,0.000,41.7,39.1,19.08,0.854,15.88,-1.09,0
19.356,-5.84298,-83.9,0.699,0.288,0.4899,-0.6981,-0.7348,-0.7021,0.000,41.8,39.1,19.05,1.079,19.87,-1.24,0
19.386,-5.83413,-80.7,0.672,0.277,0.5841,-0.7981,-0.8761,-0.7925,0.000,41.8,39.1,19.01,1.276,23.35,-1.41,0
19.417,-5.82562,-77.6,0.647,0.273,0.6697,-0.8981,-1.0046,-0.8948,0.000,41.8,39.1,18.96,1.611,30.12,-1.51,0
19.447,-5.81717,-74.6,0.621,0.268,0.7398,-0.9981,-1.1097,-0.9959,0.000,41.8,39.1,18.87,2.055,38.31,-1.69,0
19.477,-5.80934,-71.7,0.598,0.249,0.7969,-1.0981,-1.1953,-1.1020,0.000,41.8,39.1,18.79,2.488,46.33,-1.73,0
19.508,-5.80188,-69.1,0.575,0.236,0.8450,-1.1981,-1.2675,-1.1901,0.000,41.8,39.1,18.69,3.049,55.79,-1.74,0
19.538,-5.79483,-66.5,0.554,0.235,0.8848,-1.2981,-1.3273,-1.2942,0.000,41.8,39.1,18.60,3.523,64.41,-2.09,0
19.569,-5.78725,-63.8,0.532,0.264,0.9217,-1.3825,-1.3825,-1.3821,0.000,41.8,39.1,18.56,3.715,67.70,-2.37,0
19.600,-5.77963,-61.1,0.509,0.201,0.9524,-1.4286,-1.4286,-1.4265,0.000,41.8,39.1,18.55,3.695,68.44,-1.64,0
19.630,-5.77362,-58.9,0.491,0.200,0.9722,-1.4583,-1.4583,-1.4597,0.000,41.8,39.0,18.55,3.702,68.10,-1.88,0
19.661,-5.76742,-56.7,0.472,0.194,0.9885,-1.4827,-1.4827,-1.4775,0.000,41.8,39.0,18.54,3.717,68.38,-1.77,0
19.692,-5.76157,-54.6,0.455,0.181,1.0000,-1.5000,-1.5000,-1.5015,0.000,41.8,39.0,18.52,3.707,68.46,-1.69,0
19.723,-5.75607,-52.6,0.438,0.165,1.0000,-1.5000,-1.5000,-1.5034,0.000,41.8,39.0,18.51,3.817,70.84,-1.57,0
19.755,-5.75092,-50.7,0.423,0.161,1.0000,-1.5000,-1.5000,-1.5047,0.000,41.8,39.0,18.48,4.007,74.06,-1.48,0
19.786,-5.74597,-48.9,0.408,0.143,1.0000,-1.5000,-1.5000,-1.4944,0.000,41.8,39.0,18.45,4.168,76.88,-1.42,0
19.819,-5.74145,-47.3,0.394,0.129,1.0000,-1.5000,-1.5000,-1.5060,0.000,41.8,39.0,18.42,4.290,78.81,-1.28,0
19.850,-5.73744,-45.9,0.382,0.133,1.0000,-1.5000,-1.5000,-1.4973,0.000,41.8,39.0,18.38,4.342,80.02,-1.31,0
19.881,-5.73355,-44.5,0.371,0.124,1.0000,-1.5000,-1.5000,-1.5013,0.000,41.8,39.0,18.37,4.428,81.48,-1.08,0
19.911,-5.72987,-43.1,0.359,0.127,0.9976,-1.4964,-1.4964,-1.5000,0.000,41.9,39.0,18.36,4.508,82.87,-1.18,0
19.941,-5.72611,-41.8,0.348,0.113,0.9901,-1.4851,-1.4851,-1.4817,0.000,41.9,39.0,18.38,4.450,81.61,-1.06,0
19.972,-5.72253,-40.5,0.337,0.107,0.9814,-1.4722,-1.4722,-1.4786,0.000,41.9,39.0,18.39,4.360,79.82,-1.11,0
20.002,-5.71912,-39.3,0.327,0.113,0.9720,-1.4579,-1.4579,-1.4576,0.000,41.9,39.0,18.42,4.175,76.86,-0.99,0
20.033,-5.71613,-38.2,0.318,0.086,0.9626,-1.4439,-1.4439,-1.4510,0.000,41.9,39.0,18.44,4.025,73.76,-0.78,0
20.064,-5.71328,-37.2,0.310,0.096,0.9527,-1.4291,-1.4291,-1.4342,0.000,41.9,39.0,18.47,3.840,70.69,-0.88,0
20.096,-5.71012,-36.0,0.300,0.100,0.9408,-1.4112,-1.4112,-1.4111,0.000,41.9,39.0,18.51,3.621,67.47,-0.87,0
20.128,-5.70705,-34.9,0.291,0.103,0.9281,-1.3922,-1.3922,-1.3944,0.000,41.9,39.0,18.55,3.517,64.73,-0.79,0
20.159,-5.70406,-33.8,0.282,0.096,0.9149,-1.3723,-1.3723,-1.3744,0.000,41.9,39.1,18.58,3.366,62.45,-0.88,0
20.190,-5.70128,-32.8,0.274,0.093,0.9016,-1.3524,-1.3524,-1.3520,0.000,41.9,39.1,18.61,3.229,59.99,-0.68,0
20.220,-5.69872,-31.9,0.266,0.082,0.8886,-1.3330,-1.3330,-1.3310,0.000,41.9,39.1,18.63,3.105,57.79,-0.72,0
20.251,-5.69621,-31.0,0.258,0.071,0.8753,-1.3129,-1.3129,-1.3180,0.000,41.9,39.1,18.66,2.991,56.03,-0.61,0
20.281,-5.69398,-30.2,0.252,0.074,0.8628,-1.2943,-1.2943,-1.2907,0.000,41.9,39.1,18.67,2.892,54.11,-0.64,0
20.312,-5.69182,-29.4,0.245,0.069,0.8503,-1.2754,-1.2754,-1.2769,0.000,41.9,39.1,18.68,2.783,52.04,-0.57,0
20.342,-5.68983,-28.7,0.239,0.077,0.8382,-1.2573,-1.2573,-1.2518,0.000,41.9,39.1,18.70,2.691,50.42,-0.47,0
20.374,-5.68785,-28.0,0.233,0.068,0.8258,-1.2387,-1.2387,-1.2361,0.000,41.9,39.1,18.71,2.605,48.72,-0.45,0
20.405,-5.68588,-27.3,0.228,0.054,0.8130,-1.2196,-1.2196,-1.2185,0.000,41.9,39.1,18.72,2.582,48.14,-0.50,0
20.437,-5.68397,-26.6,0.222,0.049,0.8003,-1.2004,-1.2004,-1.2020,0.000,41.9,39.1,18.72,2.546,48.04,-0.51,0
20.469,-5.68215,-26.0,0.216,0.049,0.7877,-1.1815,-1.1815,-1.1818,0.000,41.9,39.1,18.74,2.516,47.05,-0.42,0
20.499,-5.68056,-25.4,0.212,0.045,0.7764,-1.1646,-1.1646,-1.1657,0.000,41.9,39.1,18.74,2.496,46.75,-0.37,0
20.529,-5.67874,-24.7,0.206,0.072,0.7632,-1.1448,-1.1448,-1.1385,0.000,42.0,39.1,18.76,2.451,46.38,-0.44,0
20.560,-5.67687,-24.1,0.200,0.058,0.7492,-1.1238,-1.1238,-1.1234,0.000,42.0,39.1,18.76,2.409,45.55,-0.41,0
20.591,-5.67542,-23.5,0.196,0.047,0.7381,-1.1071,-1.1071,-1.1074,0.000,42.0,39.2,18.76,2.377,44.33,-0.30,0
20.622,-5.67398,-23.0,0.192,0.054,0.7269,-1.0903,-1.0903,-1.0938,0.000,42.0,39.2,18.78,2.333,43.70,-0.38,0
20.652,-5.67219,-22.4,0.186,0.073,0.7126,-1.0689,-1.0689,-1.0701,0.000,42.0,39.2,18.78,2.272,42.82,-0.44,0
20.683,-5.67036,-21.7,0.181,0.068,0.6976,-1.0464,-1.0464,-1.0466,0.000,42.0,39.2,18.80,2.215,41.61,-0.48,0
20.715,-5.66852,-21.1,0.175,0.060,0.6817,-1.0225,-1.0225,-1.0194,0.000,42.0,39.2,18.80,2.142,40.19,-0.35,0
20.746,-5.66703,-20.5,0.171,0.054,0.6682,-1.0023,-1.0023,-0.9987,0.000,42.0,39.2,18.81,2.074,38.91,-0.38,0
20.777,-5.66538,-19.9,0.166,0.061,0.6525,-0.9787,-0.9787,-0.9821,0.000,42.0,39.2,18.83,1.987,37.51,-0.36,0
20.809,-5.66365,-19.3,0.161,0.052,0.6355,-0.9533,-0.9533,-0.9535,0.000,42.0,39.2,18.84,1.896,35.70,-0.29,0
20.841,-5.66194,-18.7,0.156,0.053,0.6181,-0.9272,-0.9272,-0.9271,0.000,42.0,39.2,18.86,1.830,34.67,-0.35,0
20.874,-5.66007,-18.0,0.150,0.067,0.5987,-0.8980,-0.8980,-0.8953,0.000,42.0,39.2,18.87,1.756,33.55,-0.29,0
20.905,-5.65827,-17.4,0.145,0.043,0.5797,-0.8695,-0.8695,-0.8623,0.000,42.0,39.2,18.88,1.669,31.78,-0.36,0
20.935,-5.65643,-16.7,0.139,0.054,0.5600,-0.8400,-0.8400,-0.8476,0.000,42.0,39.3,18.91,1.580,30.17,-0.40,0
20.967,-5.65458,-16.0,0.134,0.065,0.5402,-0.8103,-0.8103,-0.8087,0.000,42.1,39.3,18.93,1.497,28.38,-0.26,0
20.997,-5.65267,-15.3,0.128,0.068,0.5197,-0.7796,-0.7796,-0.7787,0.000,42.1,39.3,18.95,1.390,26.58,-0.31,0
21.028,-5.65057,-14.6,0.122,0.075,0.4976,-0.7463,-0.7463,-0.7433,0.000,42.1,39.3,18.96,1.296,24.67,-0.37,0
21.058,-5.64791,-13.6,0.114,0.092,0.4702,-0.7053,-0.7053,-0.7121,0.000,42.1,39.3,18.99,1.150,21.82,-0.43,0
21.089,-5.64511,-12.6,0.105,0.073,0.4426,-0.6639,-0.6639,-0.6739,0.000,42.1,39.3,18.99,1.013,19.18,-0.36,0
21.121,-5.64239,-11.6,0.097,0.071,0.4175,-0.6263,-0.6263,-0.6249,0.000,42.1,39.3,19.04,0.898,16.96,-0.29,0
21.153,-5.64016,-10.8,0.090,0.079,0.3985,-0.5977,-0.5977,-0.5978,0.000,42.1,39.3,19.04,0.808,15.42,-0.26,0
21.184,-5.63794,-10.0,0.084,0.084,0.3802,-0.5702,-0.5702,-0.5697,0.000,42.1,39.3,19.06,0.746,14.40,-0.24,0
21.215,-5.63576,-9.3,0.077,0.072,0.3623,-0.5435,-0.5435,-0.5423,0.000,42.1,39.3,19.07,0.684,13.21,-0.25,0
21.245,-5.63355,-8.5,0.071,0.078,0.3445,-0.5167,-0.5167,-0.5136,0.000,42.1,39.3,19.08,0.629,12.04,-0.21,0
21.276,-5.63144,-7.7,0.064,0.066,0.3278,-0.4917,-0.4917,-0.4923,0.000,42.1,39.3,19.09,0.588,11.20,-0.21,0
21.306,-5.62964,-7.1,0.059,0.061,0.3139,-0.4708,-0.4708,-0.4791,0.000,42.1,39.3,19.09,0.546,10.45,-0.16,0
21.336,-5.62804,-6.5,0.054,0.063,0.3018,-0.4527,-0.4527,-0.4607,0.000,42.1,39.3,19.11,0.502,9.78,-0.16,0
21.367,-5.62640,-5.9,0.049,0.048,0.2898,-0.4347,-0.4347,-0.4405,0.000,42.2,39.4,19.13,0.467,9.06,-0.15,0
21.398,-5.62480,-5.3,0.044,0.051,0.2785,-0.4177,-0.4177,-0.4214,0.000,42.2,39.4,19.13,0.443,8.37,-0.14,0
21.429,-5.62285,-4.6,0.038,0.073,0.2653,-0.3979,-0.3979,-0.3975,0.000,42.2,39.4,19.12,0.402,7.69,-0.18,0
21.461,-5.62060,-3.8,0.032,0.061,0.2509,-0.3763,-0.3763,-0.3823,0.000,42.2,39.4,19.13,0.362,7.04,-0.20,0
21.492,-5.61822,-2.9,0.025,0.080,0.2369,-0.3554,-0.3554,-0.3529,0.000,42.2,39.4,19.14,0.325,6.22,-0.17,0
21.523,-5.61591,-2.1,0.018,0.077,0.2246,-0.3369,-0.3369,-0.3386,0.000,42.2,39.4,19.14,0.295,5.73,-0.19,0
21.553,-5.61345,-1.2,0.010,0.072,0.2131,-0.3196,-0.3196,-0.3192,0.000,42.2,39.4,19.14,0.292,5.52,-0.13,0
21.583,-5.61133,-0.5,0.004,0.073,0.2045,-0.3068,-0.3068,-0.3130,0.000,42.2,39.4,19.15,0.279,5.45,-0.14,0
21.614,-5.60916,0.3,0.003,0.068,0.2030,-0.3045,-0.3045,-0.3020,0.000,42.2,39.4,19.15,0.283,5.53,-0.15,0
21.645,-5.60651,1.3,0.011,0.083,0.2136,-0.3205,-0.3205,-0.3161,0.000,42.2,39.4,19.15,0.314,5.99,-0.16,0
21.675,-5.60388,2.2,0.019,0.085,0.2261,-0.3392,-0.3392,-0.3458,0.000,42.2,39.4,19.13,0.348,6.56,-0.19,0
21.707,-5.60111,3.2,0.027,0.093,0.2412,-0.3618,-0.3618,-0.3596,0.000,42.2,39.4,19.13,0.388,7.31,-0.21,0
21.738,-5.59842,4.2,0.035,0.096,0.2576,-0.3864,-0.3864,-0.3827,0.000,42.2,39.4,19.12,0.439,8.23,-0.21,0
21.768,-5.59621,5.0,0.041,0.031,0.2722,-0.4082,-0.4082,-0.4110,0.000,42.3,39.4,19.13,0.469,8.80,-0.05,0
21.799,-5.59595,5.1,0.042,-0.021,0.2739,-0.4108,-0.4108,-0.4079,0.000,42.3,39.4,19.13,0.464,8.90,0.03,0
21.830,-5.59638,4.9,0.041,-0.009,0.2710,-0.4065,-0.4065,-0.4053,0.000,42.3,39.4,19.13,0.451,8.72,0.02,0
21.861,-5.59649,4.9,0.041,0.002,0.2702,-0.4054,-0.4054,-0.4036,0.000,42.3,39.4,19.13,0.453,8.63,0.00,0
21.891,-5.59640,4.9,0.041,-0.007,0.2709,-0.4063,-0.4063,-0.4027,0.000,42.3,39.4,19.13,0.453,8.70,0.00,0
21.922,-5.59640,4.9,0.041,-0.004,0.2709,-0.4063,-0.4063,-0.4112,0.000,42.3,39.4,19.12,0.453,8.76,0.01,0
21.952,-5.59609,5.0,0.042,0.029,0.2730,-0.4095,-0.4095,-0.4033,0.000,42.3,39.4,19.13,0.461,8.79,-0.19,0
21.982,-5.59431,5.7,0.047,0.034,0.2854,-0.4281,-0.4281,-0.4284,0.000,42.3,39.4,19.12,0.491,9.59,-0.08,0
22.013,-5.59370,5.9,0.049,-0.014,0.2897,-0.4346,-0.4346,-0.4376,0.000,42.3,39.4,19.12,0.503,9.65,0.03,0
22.045,-5.59432,5.7,0.047,-0.034,0.2853,-0.4279,-0.4279,-0.4272,0.000,42.3,39.4,19.13,0.493,9.37,0.41,0
22.076,-5.59653,4.9,0.041,-0.079,0.2700,-0.4050,-0.4050,-0.4098,0.000,42.3,39.4,19.13,0.445,8.56,0.20,0
22.106,-5.59921,3.9,0.033,-0.087,0.2527,-0.3790,-0.3790,-0.3851,0.000,42.3,39.4,19.14,0.401,7.75,0.21,0
22.136,-5.60192,2.9,0.024,-0.075,0.2367,-0.3550,-0.3550,-0.3585,0.000,42.3,39.4,19.14,0.356,6.90,0.20,0
22.167,-5.60559,1.6,0.013,-0.145,0.2178,-0.3267,-0.3267,-0.3248,0.000,42.3,39.4,19.15,0.302,5.97,0.32,0
22.197,-5.61085,-0.3,0.002,-0.194,0.2028,-0.3041,-0.3041,-0.3021,0.000,42.3,39.4,19.17,0.257,5.06,0.42,0
22.228,-5.61759,-2.7,0.023,-0.243,0.2334,-0.3502,-0.3502,-0.3377,0.000,42.4,39.4,19.15,0.310,5.83,0.50,0
22.258,-5.62450,-5.2,0.043,-0.239,0.2764,-0.4146,-0.4146,-0.4154,0.000,42.4,39.4,19.14,0.428,8.01,0.64,0
22.288,-5.63186,-7.9,0.065,-0.248,0.3311,-0.4966,-0.4966,-0.4941,0.000,42.4,39.4,19.11,0.578,11.00,0.77,0
22.319,-5.63907,-10.5,0.087,-0.245,0.3895,-0.5842,-0.5842,-0.5864,0.000,42.4,39.4,19.09,0.756,14.21,0.93,0
22.351,-5.64694,-13.3,0.111,-0.260,0.4604,-0.6842,-0.6906,-0.6807,0.000,42.4,39.4,19.04,1.080,20.26,1.08,0
22.382,-5.65394,-15.8,0.132,-0.174,0.5333,-0.7842,-0.7999,-0.7779,0.000,42.4,39.4,18.99,1.400,26.18,0.88,0
22.414,-5.65915,-17.7,0.147,-0.165,0.5890,-0.8834,-0.8834,-0.8786,0.000,42.4,39.4,18.93,1.686,31.54,0.87,0
22.445,-5.66346,-19.2,0.160,-0.126,0.6336,-0.9504,-0.9504,-0.9514,0.000,42.4,39.4,18.90,1.880,34.91,0.70,0
22.475,-5.66702,-20.5,0.171,-0.128,0.6680,-1.0020,-1.0020,-0.9978,0.000,42.4,39.4,18.87,2.036,38.46,0.77,0
22.505,-5.67075,-21.9,0.182,-0.143,0.7009,-1.0513,-1.0513,-1.0523,0.000,42.4,39.4,18.83,2.203,41.16,0.75,0
22.535,-5.67456,-23.2,0.194,-0.153,0.7314,-1.0971,-1.0971,-1.1028,0.000,42.4,39.4,18.82,2.304,43.17,1.01,0
22.565,-5.67874,-24.7,0.206,-0.154,0.7632,-1.1448,-1.1448,-1.1400,0.000,42.4,39.4,18.79,2.415,45.04,1.09,0
22.595,-5.68288,-26.2,0.219,-0.133,0.7927,-1.1891,-1.1891,-1.1965,0.000,42.4,39.4,18.78,2.476,46.23,0.98,0
22.626,-5.68693,-27.7,0.231,-0.115,0.8199,-1.2298,-1.2298,-1.2288,0.000,42.4,39.4,18.75,2.538,47.67,0.70,0
22.659,-5.68999,-28.8,0.240,-0.093,0.8392,-1.2588,-1.2588,-1.2569,0.000,42.4,39.4,18.74,2.677,50.21,0.62,0
22.691,-5.69278,-29.8,0.248,-0.093,0.8559,-1.2839,-1.2839,-1.2837,0.000,42.4,39.4,18.71,2.814,52.77,0.92,0
22.722,-5.69615,-31.0,0.258,-0.113,0.8750,-1.3125,-1.3125,-1.3098,0.000,42.4,39.4,18.69,2.971,55.91,0.99,0
22.753,-5.69959,-32.2,0.269,-0.111,0.8932,-1.3397,-1.3397,-1.3362,0.000,42.4,39.4,18.66,3.143,58.29,0.96,0
22.783,-5.70306,-33.5,0.279,-0.119,0.9102,-1.3653,-1.3653,-1.3670,0.000,42.4,39.4,18.63,3.319,61.80,1.06,0
22.814,-5.70714,-35.0,0.291,-0.155,0.9285,-1.3928,-1.3928,-1.3946,0.000,42.5,39.4,18.59,3.520,65.19,1.34,0
22.845,-5.71190,-36.7,0.306,-0.164,0.9477,-1.4215,-1.4215,-1.4136,0.000,42.5,39.4,18.53,3.739,69.37,1.55,0
22.875,-5.71726,-38.6,0.322,-0.200,0.9662,-1.4494,-1.4494,-1.4453,0.000,42.5,39.4,18.48,4.080,75.51,1.85,0
22.906,-5.72323,-40.7,0.340,-0.200,0.9833,-1.4749,-1.4749,-1.4732,0.000,42.5,39.4,18.43,4.333,79.42,1.96,0
22.937,-5.72946,-43.0,0.358,-0.200,0.9969,-1.4953,-1.4953,-1.4924,0.000,42.5,39.4,18.39,4.389,80.66,1.69,0
22.969,-5.73543,-45.1,0.376,-0.194,1.0000,-1.5000,-1.5000,-1.4978,0.000,42.5,39.4,18.39,4.282,78.62,1.73,0
23.001,-5.74124,-47.2,0.394,-0.182,1.0000,-1.5000,-1.5000,-1.5043,0.000,42.5,39.4,18.42,4.185,77.24,1.62,0
23.031,-5.74659,-49.2,0.410,-0.177,1.0000,-1.5000,-1.5000,-1.5042,0.000,42.5,39.4,18.44,4.046,74.30,1.77,0
23.061,-5.75211,-51.1,0.426,-0.184,1.0000,-1.5000,-1.5000,-1.4996,0.000,42.5,39.4,18.48,3.835,70.56,1.72,0
23.091,-5.75720,-53.0,0.441,-0.159,1.0000,-1.5000,-1.5000,-1.5005,0.000,42.5,39.4,18.50,3.668,67.71,1.55,0
23.121,-5.76253,-54.9,0.457,-0.189,0.9983,-1.4975,-1.4975,-1.5022,0.000,42.5,39.4,18.52,3.662,67.85,1.90,0
23.151,-5.76841,-57.0,0.475,-0.199,0.9861,-1.4792,-1.4792,-1.4840,0.000,42.5,39.4,18.52,3.662,67.93,1.79,0
23.181,-5.77417,-59.1,0.492,-0.187,0.9705,-1.4558,-1.4558,-1.4637,0.000,42.5,39.4,18.52,3.667,68.56,1.69,0
23.211,-5.77983,-61.1,0.509,-0.184,0.9517,-1.4275,-1.4275,-1.4269,0.000,42.5,39.4,18.52,3.642,67.23,1.69,0
23.243,-5.78590,-63.3,0.528,-0.197,0.9276,-1.3913,-1.3913,-1.3906,0.000,42.5,39.4,18.52,3.656,68.26,1.74,0
23.275,-5.79206,-65.5,0.546,-0.190,0.8990,-1.3485,-1.3485,-1.3444,0.000,42.5,39.4,18.53,3.627,67.21,1.57,0
23.306,-5.79784,-67.6,0.563,-0.178,0.8685,-1.3027,-1.3027,-1.3130,0.000,42.5,39.4,18.56,3.419,63.35,1.48,0
23.338,-5.80349,-69.6,0.580,-0.177,0.8351,-1.2526,-1.2526,-1.2515,0.000,42.5,39.4,18.60,3.103,57.77,1.38,0
23.368,-5.80884,-71.6,0.596,-0.172,0.8003,-1.2004,-1.2004,-1.2041,0.000,42.5,39.4,18.66,2.805,52.58,1.26,0
23.398,-5.81377,-73.3,0.611,-0.156,0.7654,-1.1481,-1.1481,-1.1514,0.000,42.5,39.4,18.71,2.534,47.68,1.16,0
23.429,-5.81874,-75.1,0.626,-0.169,0.7276,-1.0914,-1.0914,-1.0928,0.000,42.5,39.5,18.76,2.236,42.12,1.16,0
23.459,-5.82379,-76.9,0.641,-0.162,0.6862,-1.0292,-1.0292,-1.0381,0.000,42.6,39.5,18.82,1.934,36.69,1.02,0
23.490,-5.82867,-78.7,0.656,-0.152,0.6404,-0.9606,-0.9606,-0.9631,0.000,42.6,39.5,18.88,1.639,31.24,1.00,0
23.520,-5.83357,-80.5,0.671,-0.160,0.5899,-0.8849,-0.8849,-0.8885,0.000,42.6,39.5,18.91,1.452,27.49,0.88,0
23.552,-5.83888,-82.4,0.687,-0.162,0.5332,-0.7998,-0.7998,-0.8001,0.000,42.6,39.5,18.96,1.268,24.01,0.81,0
23.583,-5.84419,-84.3,0.702,-0.171,0.4774,-0.7161,-0.7161,-0.7176,0.000,42.6,39.5,19.00,1.061,20.36,0.74,0
23.615,-5.84978,-86.3,0.719,-0.180,0.4233,-0.6349,-0.6349,-0.6347,0.000,42.6,39.5,19.02,0.879,16.80,0.69,0
23.646,-5.85538,-88.3,0.736,-0.178,0.3764,-0.5646,-0.5646,-0.5575,0.000,42.6,39.5,19.05,0.737,14.27,0.64,0
23.677,-5.86062,-90.2,0.752,-0.156,0.3363,-0.5045,-0.5045,-0.5074,0.000,42.6,39.5,19.07,0.645,12.57,0.51,0
23.710,-5.86567,-92.0,0.767,-0.143,0.3006,-0.4509,-0.4509,-0.4495,0.000,42.6,39.5,19.09,0.550,10.78,0.44,0
23.740,-5.86993,-93.6,0.780,-0.123,0.2725,-0.4088,-0.4088,-0.4019,0.000,42.6,39.6,19.11,0.473,9.26,0.32,0
23.772,-5.87371,-94.9,0.791,-0.100,0.2493,-0.3740,-0.3740,-0.3765,0.000,42.6,39.6,19.11,0.405,7.74,0.21,0
23.803,-5.87680,-96.0,0.800,-0.110,0.2315,-0.3472,-0.3472,-0.3437,0.000,42.6,39.6,19.12,0.342,6.60,0.23,0
23.833,-5.87984,-97.1,0.809,-0.075,0.2150,-0.3225,-0.3225,-0.3173,0.000,42.6,39.6,19.13,0.304,5.98,0.14,0
23.864,-5.88152,-97.7,0.814,-0.030,0.2063,-0.3094,-0.3094,-0.3078,0.000,42.6,39.6,19.13,0.299,5.61,0.05,0
23.895,-5.88198,-97.9,0.816,-0.014,0.2040,-0.3060,-0.3060,-0.2997,0.000,42.6,39.6,19.14,0.292,5.67,-0.00,0
23.925,-5.88183,-97.8,0.815,0.009,0.2047,-0.3070,-0.3070,-0.3112,0.000,42.6,39.6,19.14,0.292,5.59,-0.02,0
23.957,-5.88104,-97.6,0.813,0.044,0.2087,-0.3131,-0.3131,-0.3127,0.000,42.7,39.6,19.14,0.307,5.81,-0.09,0
23.988,-5.87954,-97.0,0.808,0.050,0.2166,-0.3249,-0.3249,-0.3219,0.000,42.7,39.6,19.13,0.322,6.12,-0.11,0
24.020,-5.87760,-96.3,0.803,0.069,0.2271,-0.3406,-0.3406,-0.3392,0.000,42.7,39.6,19.14,0.348,6.72,-0.15,0
24.052,-5.87522,-95.5,0.796,0.082,0.2405,-0.3607,-0.3607,-0.3615,0.000,42.7,39.6,19.13,0.389,7.51,-0.20,0
24.082,-5.87261,-94.5,0.788,0.100,0.2559,-0.3839,-0.3839,-0.3889,0.000,42.7,39.6,19.13,0.444,8.41,-0.21,0
24.112,-5.86974,-93.5,0.779,0.100,0.2737,-0.4106,-0.4106,-0.4087,0.000,42.7,39.6,19.11,0.505,9.52,-0.28,0
24.143,-5.86656,-92.3,0.770,0.104,0.2945,-0.4418,-0.4418,-0.4418,0.000,42.7,39.6,19.11,0.571,10.75,-0.31,0
24.173,-5.86308,-91.1,0.759,0.113,0.3186,-0.4779,-0.4779,-0.4748,0.000,42.7,39.6,19.10,0.636,12.03,-0.35,0
24.203,-5.85923,-89.7,0.748,0.124,0.3467,-0.5201,-0.5201,-0.5215,0.000,42.7,39.6,19.08,0.710,13.29,-0.43,0
24.235,-5.85515,-88.2,0.735,0.126,0.3783,-0.5675,-0.5675,-0.5633,0.000,42.7,39.6,19.07,0.768,14.52,-0.45,0
24.266,-5.85089,-86.7,0.723,0.134,0.4134,-0.6201,-0.6201,-0.6206,0.000,42.7,39.6,19.06,0.880,16.68,-0.55,0
24.298,-5.84657,-85.1,0.710,0.134,0.4537,-0.6805,-0.6805,-0.6785,0.000,42.7,39.7,19.03,1.020,19.13,-0.55,0
24.330,-5.84223,-83.6,0.697,0.138,0.4978,-0.7466,-0.7466,-0.7395,0.000,42.7,39.7,19.02,1.167,21.87,-0.68,0
24.360,-5.83771,-82.0,0.683,0.149,0.5458,-0.8187,-0.8187,-0.8133,0.000,42.7,39.7,18.99,1.341,24.96,-0.76,0
24.391,-5.83289,-80.2,0.669,0.159,0.5972,-0.8958,-0.8958,-0.8959,0.000,42.7,39.7,18.96,1.511,28.19,-0.91,0
24.421,-5.82785,-78.4,0.653,0.163,0.6485,-0.9727,-0.9727,-0.9668,0.000,42.8,39.7,18.89,1.791,33.43,-1.00,0
24.451,-5.82262,-76.5,0.638,0.170,0.6962,-1.0443,-1.0443,-1.0443,0.000,42.8,39.7,18.85,2.113,39.44,-1.18,0
24.482,-5.81709,-74.5,0.621,0.178,0.7404,-1.1107,-1.1107,-1.1130,0.000,42.8,39.7,18.79,2.450,45.64,-1.28,0
24.512,-5.81163,-72.6,0.605,0.176,0.7809,-1.1713,-1.1713,-1.1681,0.000,42.8,39.7,18.72,2.765,51.61,-1.29,0
24.542,-5.80628,-70.6,0.589,0.170,0.8173,-1.2259,-1.2259,-1.2218,0.000,42.8,39.7,18.67,3.018,56.96,-1.39,0
24.574,-5.80051,-68.6,0.571,0.194,0.8531,-1.2797,-1.2797,-1.2783,0.000,42.8,39.7,18.60,3.428,63.34,-1.50,0
24.606,-5.79465,-66.5,0.554,0.160,0.8858,-1.3286,-1.3286,-1.3338,0.000,42.8,39.7,18.55,3.649,67.49,-1.15,0
24.637,-5.78964,-64.7,0.539,0.147,0.9107,-1.3661,-1.3661,-1.3694,0.000,42.8,39.7,18.51,3.739,68.82,-1.52,0
24.669,-5.78410,-62.7,0.522,0.162,0.9351,-1.4027,-1.4027,-1.4042,0.000,42.8,39.7,18.52,3.685,67.66,-1.26,0
24.701,-5.77951,-61.0,0.508,0.140,0.9528,-1.4293,-1.4293,-1.4236,0.000,42.8,39.7,18.51,3.693,68.25,-1.41,0
24.731,-5.77479,-59.3,0.494,0.164,0.9687,-1.4530,-1.4530,-1.4583,0.000,42.8,39.7,18.52,3.724,69.13,-1.38,0
24.762,-5.76989,-57.5,0.480,0.167,0.9825,-1.4737,-1.4737,-1.4735,0.000,42.8,39.7,18.52,3.721,69.10,-1.58,0
24.792,-5.76485,-55.7,0.464,0.156,0.9940,-1.4910,-1.4910,-1.4927,0.000,42.8,39.7,18.51,3.730,68.57,-1.30,0
24.823,-5.76031,-54.1,0.451,0.144,1.0000,-1.5000,-1.5000,-1.5021,0.000,42.8,39.7,18.50,3.706,68.41,-1.47,0
24.853,-5.75585,-52.5,0.437,0.148,1.0000,-1.5000,-1.5000,-1.5001,0.000,42.8,39.7,18.48,3.813,70.90,-1.40,0
24.884,-5.75158,-51.0,0.425,0.141,1.0000,-1.5000,-1.5000,-1.4943,0.000,42.8,39.7,18.47,3.990,73.81,-1.32,0
24.914,-5.74761,-49.5,0.413,0.128,1.0000,-1.5000,-1.5000,-1.5036,0.000,42.8,39.7,18.44,4.100,76.27,-1.11,0
24.944,-5.74394,-48.2,0.402,0.116,1.0000,-1.5000,-1.5000,-1.4942,0.000,42.9,39.7,18.41,4.248,78.21,-1.08,0
24.976,-5.74040,-46.9,0.391,0.110,1.0000,-1.5000,-1.5000,-1.4965,0.000,42.9,39.7,18.38,4.300,79.56,-1.06,0
25.007,-5.73690,-45.7,0.381,0.108,1.0000,-1.5000,-1.5000,-1.4934,0.000,42.9,39.7,18.36,4.385,80.25,-1.08,0
25.039,-5.73325,-44.4,0.370,0.120,1.0000,-1.5000,-1.5000,-1.5010,0.000,42.9,39.7,18.35,4.459,82.06,-0.98,0
25.071,-5.72986,-43.1,0.359,0.105,0.9976,-1.4964,-1.4964,-1.4972,0.000,42.9,39.7,18.34,4.528,82.93,-0.89,0
25.103,-5.72692,-42.1,0.351,0.093,0.9918,-1.4877,-1.4877,-1.4937,0.000,42.9,39.7,18.34,4.501,82.21,-0.85,0
25.134,-5.72418,-41.1,0.342,0.084,0.9856,-1.4784,-1.4784,-1.4771,0.000,42.9,39.7,18.35,4.437,81.46,-0.72,0
25.166,-5.72171,-40.2,0.335,0.088,0.9793,-1.4689,-1.4689,-1.4674,0.000,42.9,39.7,18.38,4.361,80.26,-0.65,0
25.196,-5.71959,-39.4,0.329,0.066,0.9733,-1.4600,-1.4600,-1.4655,0.000,42.9,39.7,18.39,4.257,77.79,-0.65,0
25.227,-5.71795,-38.8,0.324,0.047,0.9684,-1.4526,-1.4526,-1.4537,0.000,42.9,39.7,18.42,4.139,76.37,-0.50,0
25.258,-5.71642,-38.3,0.319,0.052,0.9635,-1.4453,-1.4453,-1.4448,0.000,42.9,39.8,18.43,4.060,74.42,-0.54,0
25.288,-5.71474,-37.7,0.314,0.063,0.9579,-1.4368,-1.4368,-1.4371,0.000,42.9,39.8,18.45,3.936,72.31,-0.48,0
25.319,-5.71326,-37.2,0.310,0.054,0.9527,-1.4290,-1.4290,-1.4274,0.000,42.9,39.8,18.46,3.824,70.59,-0.45,0
25.349,-5.71183,-36.6,0.305,0.053,0.9474,-1.4211,-1.4211,-1.4181,0.000,42.9,39.8,18.48,3.737,68.85,-0.41,0
25.380,-5.71024,-36.1,0.301,0.053,0.9413,-1.4119,-1.4119,-1.4188,0.000,42.9,39.8,18.49,3.658,67.74,-0.43,0
25.411,-5.70875,-35.5,0.296,0.056,0.9353,-1.4029,-1.4029,-1.4057,0.000,42.9,39.8,18.51,3.578,66.79,-0.49,0
25.443,-5.70738,-35.0,0.292,0.033,0.9296,-1.3943,-1.3943,-1.3917,0.000,42.9,39.8,18.53,3.525,65.64,-0.28,0
25.474,-5.70619,-34.6,0.288,0.030,0.9244,-1.3867,-1.3867,-1.3890,0.000,43.0,39.8,18.54,3.489,64.85,-0.41,0
25.504,-5.70506,-34.2,0.285,0.042,0.9194,-1.3791,-1.3791,-1.3818,0.000,43.0,39.8,18.55,3.422,63.47,-0.34,0
25.535,-5.70386,-33.8,0.281,0.039,0.9139,-1.3709,-1.3709,-1.3739,0.000,43.0,39.8,18.57,3.357,62.55,-0.37,0
25.565,-5.70241,-33.3,0.277,0.049,0.9071,-1.3606,-1.3606,-1.3622,0.000,43.0,39.8,18.58,3.299,61.31,-0.42,0
25.597,-5.70073,-32.6,0.272,0.065,0.8989,-1.3483,-1.3483,-1.3534,0.000,43.0,39.9,18.59,3.234,59.79,-0.55,0
25.629,-5.69856,-31.9,0.266,0.090,0.8879,-1.3318,-1.3318,-1.3355,0.000,43.0,39.9,18.62,3.114,58.14,-0.73,0
25.661,-5.69583,-30.9,0.257,0.090,0.8732,-1.3098,-1.3098,-1.3015,0.000,43.0,39.9,18.64,3.000,56.03,-0.72,0
25.694,-5.69311,-29.9,0.249,0.078,0.8578,-1.2867,-1.2867,-1.2867,0.000,43.0,39.9,18.65,2.862,53.43,-0.65,0
25.724,-5.69096,-29.1,0.243,0.074,0.8451,-1.2677,-1.2677,-1.2756,0.000,43.0,39.9,18.67,2.739,51.40,-0.62,0
25.755,-5.68890,-28.4,0.237,0.071,0.8324,-1.2486,-1.2486,-1.2511,0.000,43.0,39.9,18.69,2.646,49.82,-0.56,0
25.785,-5.68706,-27.7,0.231,0.058,0.8207,-1.2310,-1.2310,-1.2304,0.000,43.0,39.9,18.68,2.596,48.78,-0.42,0
25.815,-5.68531,-27.1,0.226,0.050,0.8093,-1.2139,-1.2139,-1.2116,0.000,43.0,39.9,18.71,2.581,48.48,-0.38,0
25.847,-5.68371,-26.5,0.221,0.057,0.7985,-1.1977,-1.1977,-1.1979,0.000,43.0,39.9,18.72,2.551,47.71,-0.40,0
25.877,-5.68203,-25.9,0.216,0.057,0.7868,-1.1802,-1.1802,-1.1824,0.000,43.0,40.0,18.72,2.517,47.24,-0.39,0
25.908,-5.68055,-25.4,0.212,0.050,0.7763,-1.1645,-1.1645,-1.1710,0.000,43.0,40.0,18.72,2.507,46.89,-0.39,0
25.938,-5.67898,-24.8,0.207,0.051,0.7649,-1.1474,-1.1474,-1.1513,0.000,43.0,40.0,18.74,2.462,46.19,-0.40,0
25.969,-5.67721,-24.2,0.201,0.054,0.7518,-1.1276,-1.1276,-1.1279,0.000,43.1,40.0,18.74,2.412,45.62,-0.41,0
25.999,-5.67547,-23.6,0.196,0.046,0.7385,-1.1078,-1.1078,-1.1078,0.000,43.1,40.0,18.74,2.371,44.67,-0.36,0
26.030,-5.67392,-23.0,0.192,0.049,0.7264,-1.0896,-1.0896,-1.0896,0.000,43.1,40.0,18.76,2.343,44.06,-0.35,0
26.060,-5.67224,-22.4,0.187,0.062,0.7130,-1.0695,-1.0695,-1.0633,0.000,43.1,40.0,18.76,2.275,42.68,-0.35,0
26.091,-5.67080,-21.9,0.182,0.051,0.7012,-1.0518,-1.0518,-1.0504,0.000,43.1,40.0,18.77,2.239,41.98,-0.31,0
26.121,-5.66927,-21.3,0.178,0.037,0.6883,-1.0325,-1.0325,-1.0307,0.000,43.1,40.0,18.78,2.190,40.70,-0.21,0
26.152,-5.66818,-20.9,0.174,0.036,0.6786,-1.0180,-1.0180,-1.0155,0.000,43.1,40.0,18.79,2.136,40.13,-0.20,0
26.182,-5.66734,-20.6,0.172,0.031,0.6710,-1.0065,-1.0065,-1.0007,0.000,43.1,40.1,18.80,2.090,39.14,-0.08,0
26.214,-5.66688,-20.5,0.171,0.003,0.6668,-1.0001,-1.0001,-0.9976,0.000,43.1,40.1,18.80,2.062,38.80,-0.00,0
26.246,-5.66676,-20.4,0.170,0.011,0.6656,-0.9985,-0.9985,-0.9887,0.000,43.1,40.1,18.81,2.059,38.69,-0.05,0
26.277,-5.66656,-20.3,0.170,0.005,0.6638,-0.9957,-0.9957,-0.9917,0.000,43.1,40.1,18.82,2.043,38.70,-0.14,0
26.308,-5.66598,-20.1,0.168,0.029,0.6583,-0.9875,-0.9875,-0.9876,0.000,43.1,40.1,18.79,2.019,38.14,-0.24,0
26.338,-5.66494,-19.8,0.165,0.042,0.6482,-0.9724,-0.9724,-0.9681,0.000,43.1,40.1,18.82,1.961,37.10,-0.27,0
26.369,-5.66354,-19.3,0.160,0.049,0.6344,-0.9516,-0.9516,-0.9524,0.000,43.2,40.1,18.83,1.901,35.71,-0.33,0
26.400,-5.66146,-18.5,0.154,0.057,0.6132,-0.9198,-0.9198,-0.9210,0.000,43.2,40.1,18.84,1.835,34.48,-0.36,0
26.431,-5.65978,-17.9,0.149,0.052,0.5956,-0.8934,-0.8934,-0.8886,0.000,43.2,40.1,18.85,1.753,33.08,-0.30,0
26.462,-5.65820,-17.3,0.144,0.052,0.5788,-0.8683,-0.8683,-0.8614,0.000,43.2,40.1,18.86,1.681,31.88,-0.31,0
26.494,-5.65668,-16.8,0.140,0.046,0.5627,-0.8440,-0.8440,-0.8404,0.000,43.2,40.1,18.89,1.599,30.49,-0.11,0
26.524,-5.65578,-16.5,0.137,0.020,0.5530,-0.8295,-0.8295,-0.8279,0.000,43.2,40.2,18.89,1.565,29.49,-0.17,0
26.555,-5.65467,-16.1,0.134,0.030,0.5411,-0.8116,-0.8116,-0.8096,0.000,43.2,40.2,18.91,1.510,28.51,-0.15,0
26.585,-5.65374,-15.7,0.131,0.024,0.5312,-0.7967,-0.7967,-0.7967,0.000,43.2,40.2,18.93,1.461,27.81,-0.16,0
26.616,-5.65289,-15.4,0.129,0.031,0.5221,-0.7832,-0.7832,-0.7784,0.000,43.2,40.2,18.93,1.418,26.98,-0.14,0
26.647,-5.65190,-15.1,0.126,0.039,0.5115,-0.7673,-0.7673,-0.7671,0.000,43.2,40.2,18.93,1.372,26.10,-0.23,0
26.678,-5.65079,-14.7,0.122,0.034,0.4999,-0.7499,-0.7499,-0.7570,0.000,43.2,40.2,18.95,1.308,24.73,-0.15,0
26.711,-5.64987,-14.3,0.119,0.026,0.4903,-0.7355,-0.7355,-0.7350,0.000,43.2,40.2,18.96,1.260,23.89,-0.05,0
26.742,-5.64965,-14.3,0.119,-0.002,0.4880,-0.7320,-0.7320,-0.7342,0.000,43.3,40.2,18.96,1.248,23.64,0.04,0
26.773,-5.64981,-14.3,0.119,-0.015,0.4897,-0.7345,-0.7345,-0.7347,0.000,43.3,40.2,18.96,1.254,23.80,-0.03,0
26.804,-5.64949,-14.2,0.118,0.024,0.4863,-0.7295,-0.7295,-0.7373,0.000,43.3,40.2,18.96,1.232,23.46,-0.20,0
26.834,-5.64826,-13.8,0.115,0.058,0.4737,-0.7106,-0.7106,-0.7159,0.000,43.3,40.2,18.98,1.171,22.25,-0.31,0
26.864,-5.64619,-13.0,0.108,0.083,0.4530,-0.6795,-0.6795,-0.6770,0.000,43.3,40.2,19.00,1.068,20.65,-0.34,0
26.894,-5.64374,-12.1,0.101,0.081,0.4297,-0.6446,-0.6446,-0.6451,0.000,43.3,40.2,19.01,0.942,18.27,-0.31,0
26.924,-5.64139,-11.3,0.094,0.081,0.4087,-0.6131,-0.6131,-0.6196,0.000,43.3,40.2,19.02,0.855,16.33,-0.27,0
26.955,-5.63939,-10.6,0.088,0.056,0.3921,-0.5882,-0.5882,-0.5862,0.000,43.3,40.2,19.03,0.781,14.94,-0.19,0
26.986,-5.63799,-10.1,0.084,0.047,0.3806,-0.5709,-0.5709,-0.5721,0.000,43.3,40.2,19.05,0.749,14.24,-0.13,0
27.018,-5.63661,-9.6,0.080,0.046,0.3693,-0.5539,-0.5539,-0.5543,0.000,43.3,40.3,19.05,0.717,13.54,-0.16,0
27.050,-5.63530,-9.1,0.076,0.036,0.3586,-0.5379,-0.5379,-0.5318,0.000,43.3,40.3,19.06,0.683,13.05,-0.14,0
27.082,-5.63400,-8.6,0.072,0.046,0.3481,-0.5221,-0.5221,-0.5236,0.000,43.3,40.3,19.08,0.649,12.46,-0.18,0
27.113,-5.63250,-8.1,0.067,0.048,0.3361,-0.5041,-0.5041,-0.4973,0.000,43.4,40.3,19.08,0.603,11.56,-0.18,0
27.143,-5.63091,-7.5,0.063,0.050,0.3236,-0.4854,-0.4854,-0.4906,0.000,43.4,40.3,19.09,0.575,11.00,-0.16,0
27.173,-5.62931,-6.9,0.058,0.038,0.3114,-0.4671,-0.4671,-0.4630,0.000,43.4,40.3,19.10,0.534,10.43,-0.14,0
27.203,-5.62816,-6.5,0.054,0.030,0.3027,-0.4540,-0.4540,-0.4570,0.000,43.4,40.3,19.09,0.516,9.78,-0.09,0
27.233,-5.62722,-6.2,0.052,0.033,0.2958,-0.4436,-0.4436,-0.4447,0.000,43.4,40.3,19.09,0.489,9.44,-0.08,0
27.264,-5.62634,-5.9,0.049,0.037,0.2894,-0.4341,-0.4341,-0.4291,0.000,43.4,40.3,19.11,0.479,9.14,-0.07,0
27.294,-5.62549,-5.6,0.046,0.018,0.2833,-0.4250,-0.4250,-0.4261,0.000,43.4,40.3,19.11,0.453,8.56,-0.09,0
27.326,-5.62478,-5.3,0.044,0.028,0.2783,-0.4175,-0.4175,-0.4130,0.000,43.4,40.3,19.11,0.438,8.49,-0.07,0
27.358,-5.62392,-5.0,0.042,0.030,0.2724,-0.4086,-0.4086,-0.4063,0.000,43.4,40.3,19.12,0.429,8.16,-0.09,0
27.390,-5.62274,-4.6,0.038,0.040,0.2646,-0.3968,-0.3968,-0.3961,0.000,43.4,40.3,19.12,0.398,7.62,-0.09,0
27.421,-5.62157,-4.2,0.035,0.036,0.2570,-0.3855,-0.3855,-0.3841,0.000,43.4,40.3,19.13,0.380,7.36,-0.10,0
27.452,-5.62045,-3.7,0.031,0.039,0.2500,-0.3750,-0.3750,-0.3683,0.000,43.4,40.3,19.12,0.360,6.95,-0.06,0
27.482,-5.61944,-3.4,0.028,0.035,0.2439,-0.3659,-0.3659,-0.3668,0.000,43.4,40.3,19.13,0.339,6.54,-0.07,0
27.512,-5.61832,-3.0,0.025,0.035,0.2375,-0.3562,-0.3562,-0.3606,0.000,43.4,40.3,19.12,0.327,6.27,-0.10,0
27.543,-5.61684,-2.4,0.020,0.055,0.2294,-0.3441,-0.3441,-0.3464,0.000,43.5,40.3,19.13,0.304,5.88,-0.11,0
27.573,-5.61523,-1.9,0.016,0.059,0.2212,-0.3319,-0.3319,-0.3320,0.000,43.5,40.3,19.13,0.297,5.64,-0.11,0
27.604,-5.61335,-1.2,0.010,0.070,0.2126,-0.3189,-0.3189,-0.3255,0.000,43.5,40.3,19.13,0.290,5.62,-0.12,0
27.634,-5.61139,-0.5,0.004,0.060,0.2047,-0.3071,-0.3071,-0.3037,0.000,43.5,40.3,19.13,0.276,5.33,-0.12,0
27.664,-5.60955,0.2,0.001,0.053,0.2017,-0.3025,-0.3025,-0.2977,0.000,43.5,40.3,19.14,0.280,5.37,-0.06,0
27.695,-5.60801,0.7,0.006,0.057,0.2074,-0.3111,-0.3111,-0.3138,0.000,43.5,40.3,19.14,0.293,5.54,-0.13,0
27.728,-5.60561,1.6,0.013,0.078,0.2177,-0.3265,-0.3265,-0.3275,0.000,43.5,40.3,19.13,0.325,6.10,-0.18,0
27.760,-5.60307,2.5,0.021,0.074,0.2304,-0.3455,-0.3455,-0.3411,0.000,43.5,40.3,19.12,0.354,6.87,-0.18,0
27.792,-5.60063,3.4,0.028,0.070,0.2440,-0.3661,-0.3661,-0.3706,0.000,43.5,40.3,19.13,0.398,7.58,-0.17,0
27.823,-5.59821,4.3,0.035,0.069,0.2589,-0.3884,-0.3884,-0.3900,0.000,43.5,40.3,19.12,0.434,8.10,-0.20,0
27.854,-5.59567,5.2,0.043,0.066,0.2759,-0.4138,-0.4138,-0.4133,0.000,43.5,40.3,19.11,0.475,8.91,-0.12,0
27.885,-5.59460,5.6,0.046,0.013,0.2833,-0.4249,-0.4249,-0.4234,0.000,43.5,40.3,19.11,0.486,9.35,-0.06,0
27.915,-5.59387,5.8,0.049,0.028,0.2885,-0.4328,-0.4328,-0.4299,0.000,43.5,40.3,19.10,0.501,9.55,-0.09,0
27.946,-5.59289,6.2,0.051,0.032,0.2956,-0.4435,-0.4435,-0.4457,0.000,43.5,40.3,19.09,0.529,9.93,-0.08,0
27.978,-5.59187,6.5,0.055,0.024,0.3031,-0.4547,-0.4547,-0.4559,0.000,43.5,40.3,19.09,0.550,10.34,-0.07,0
28.008,-5.59120,6.8,0.057,0.024,0.3081,-0.4622,-0.4622,-0.4660,0.000,43.5,40.3,19.09,0.566,10.83,-0.05,0
28.040,-5.59079,6.9,0.058,0.009,0.3113,-0.4669,-0.4669,-0.4662,0.000,43.6,40.3,19.09,0.574,11.02,-0.02,0
28.076,-5.59036,7.1,0.059,0.028,0.3146,-0.4718,-0.4718,-0.4736,0.000,43.6,40.3,19.09,0.594,11.18,-0.02,0
28.108,-5.58974,7.3,0.061,0.016,0.3193,-0.4789,-0.4789,-0.4779,0.000,43.6,40.3,19.09,0.598,11.58,-0.05,0
28.140,-5.58933,7.5,0.062,0.007,0.3225,-0.4837,-0.4837,-0.4873,0.000,43.6,40.3,19.09,0.620,11.95,-0.04,0
28.170,-5.58826,7.8,0.065,0.049,0.3308,-0.4962,-0.4962,-0.4971,0.000,43.6,40.3,19.09,0.664,12.49,-0.18,0
28.200,-5.58607,8.6,0.072,0.103,0.3483,-0.5224,-0.5224,-0.5236,0.000,43.6,40.3,19.07,0.731,13.90,-0.27,0
28.231,-5.58434,9.3,0.077,0.030,0.3622,-0.5433,-0.5433,-0.5441,0.000,43.6,40.3,19.06,0.784,14.70,-0.04,0
28.262,-5.58399,9.4,0.078,0.003,0.3651,-0.5476,-0.5476,-0.5468,0.000,43.6,40.3,19.06,0.777,14.90,-0.01,0
28.293,-5.58417,9.3,0.078,-0.007,0.3636,-0.5454,-0.5454,-0.5400,0.000,43.6,40.3,19.06,0.773,14.74,0.04,0
28.327,-5.58420,9.3,0.078,-0.008,0.3634,-0.5451,-0.5451,-0.5451,0.000,43.6,40.3,19.07,0.775,14.76,-0.02,0
28.358,-5.58417,9.3,0.078,0.000,0.3636,-0.5455,-0.5455,-0.5457,0.000,43.6,40.3,19.07,0.776,14.72,0.01,0
28.388,-5.58417,9.3,0.078,0.000,0.3637,-0.5455,-0.5455,-0.5461,0.000,43.6,40.3,19.07,0.770,14.76,-0.03,0
28.418,-5.58411,9.3,0.078,0.000,0.3641,-0.5462,-0.5462,-0.5398,0.000,43.6,40.3,19.06,0.780,14.86,-0.00,0
28.450,-5.58411,9.3,0.078,-0.002,0.3641,-0.5462,-0.5462,-0.5419,0.000,43.6,40.3,19.06,0.780,14.72,0.00,0
28.482,-5.58411,9.3,0.078,0.008,0.3641,-0.5462,-0.5462,-0.5473,0.000,43.6,40.2,19.06,0.776,14.74,-0.00,0
28.513,-5.58417,9.3,0.078,-0.001,0.3636,-0.5454,-0.5454,-0.5487,0.000,43.6,40.2,19.06,0.772,14.78,-0.00,0
28.545,-5.58413,9.3,0.078,0.002,0.3639,-0.5459,-0.5459,-0.5450,0.000,43.6,40.2,19.07,0.776,14.76,0.01,0
28.575,-5.58413,9.3,0.078,0.000,0.3639,-0.5459,-0.5459,-0.5447,0.000,43.6,40.2,19.05,0.775,14.85,-0.02,0
28.605,-5.58387,9.4,0.079,0.019,0.3661,-0.5491,-0.5491,-0.5468,0.000,43.6,40.2,19.06,0.790,14.97,-0.09,0
28.636,-5.58325,9.6,0.080,-0.000,0.3711,-0.5567,-0.5567,-0.5582,0.000,43.6,40.2,19.07,0.805,15.19,0.16,0
28.666,-5.58507,9.0,0.075,-0.030,0.3563,-0.5344,-0.5344,-0.5399,0.000,43.6,40.2,19.07,0.733,14.12,0.05,0
28.696,-5.58596,8.7,0.072,0.016,0.3491,-0.5237,-0.5237,-0.5266,0.000,43.6,40.2,19.06,0.715,13.75,-0.07,0
28.727,-5.58562,8.8,0.073,0.001,0.3519,-0.5279,-0.5279,-0.5204,0.000,43.7,40.2,19.08,0.734,13.94,0.05,0
28.759,-5.58599,8.7,0.072,-0.013,0.3488,-0.5233,-0.5233,-0.5235,0.000,43.7,40.2,19.08,0.719,13.78,0.02,0
28.791,-5.58598,8.7,0.072,0.024,0.3489,-0.5234,-0.5234,-0.5197,0.000,43.7,40.2,19.07,0.719,13.69,-0.08,0
28.822,-5.58538,8.9,0.074,0.029,0.3538,-0.5307,-0.5307,-0.5293,0.000,43.7,40.2,19.07,0.744,14.07,-0.11,0
28.853,-5.58397,9.4,0.078,0.070,0.3653,-0.5479,-0.5479,-0.5562,0.000,43.7,40.2,19.06,0.798,14.91,-0.15,0
28.884,-5.58270,9.8,0.082,0.049,0.3757,-0.5635,-0.5635,-0.5689,0.000,43.7,40.2,19.06,0.829,15.69,-0.12,0
28.914,-5.58222,10.0,0.083,-0.005,0.3795,-0.5693,-0.5693,-0.5636,0.000,43.7,40.2,19.06,0.842,15.97,0.04,0
28.945,-5.58249,9.9,0.083,-0.008,0.3774,-0.5661,-0.5661,-0.5657,0.000,43.7,40.2,19.06,0.829,15.72,0.02,0
28.975,-5.58252,9.9,0.083,0.008,0.3771,-0.5656,-0.5656,-0.5667,0.000,43.7,40.2,19.06,0.829,15.60,-0.03,0
29.006,-5.58227,10.0,0.083,0.001,0.3791,-0.5687,-0.5687,-0.5648,0.000,43.7,40.2,19.06,0.826,15.88,0.02,0
29.036,-5.58256,9.9,0.082,-0.023,0.3768,-0.5652,-0.5652,-0.5714,0.000,43.7,40.2,19.06,0.812,15.66,0.08,0
29.066,-5.58249,9.9,0.083,0.034,0.3774,-0.5661,-0.5661,-0.5669,0.000,43.7,40.2,19.06,0.827,15.70,-0.03,0
29.097,-5.58240,10.0,0.083,-0.007,0.3781,-0.5671,-0.5671,-0.5757,0.000,43.7,40.2,19.06,0.820,15.81,0.01,0
29.127,-5.58246,9.9,0.083,0.003,0.3776,-0.5664,-0.5664,-0.5651,0.000,43.7,40.2,19.05,0.828,15.63,-0.05,0
29.157,-5.58235,10.0,0.083,0.006,0.3785,-0.5677,-0.5677,-0.5691,0.000,43.7,40.2,19.05,0.832,15.76,0.03,0
29.188,-5.58240,10.0,0.083,0.001,0.3781,-0.5672,-0.5672,-0.5634,0.000,43.7,40.2,19.06,0.823,15.85,0.01,0
29.218,-5.58240,10.0,0.083,0.000,0.3781,-0.5672,-0.5672,-0.5660,0.000,43.7,40.2,19.06,0.837,15.77,0.01,0
29.249,-5.58240,10.0,0.083,-0.000,0.3781,-0.5672,-0.5672,-0.5651,0.000,43.7,40.1,19.05,0.816,15.74,-0.03,0
29.279,-5.58223,10.0,0.083,0.009,0.3795,-0.5693,-0.5693,-0.5731,0.000,43.7,40.1,19.05,0.825,15.94,-0.05,0
29.310,-5.58214,10.0,0.084,-0.002,0.3803,-0.5704,-0.5704,-0.5677,0.000,43.7,40.1,19.06,0.836,15.74,0.01,0
29.340,-5.58220,10.0,0.084,-0.006,0.3797,-0.5696,-0.5696,-0.5682,0.000,43.7,40.1,19.06,0.834,15.93,0.03,0
29.370,-5.58240,10.0,0.083,-0.002,0.3781,-0.5672,-0.5672,-0.5697,0.000,43.7,40.1,19.06,0.824,15.74,0.01,0
29.400,-5.58236,10.0,0.083,0.011,0.3784,-0.5677,-0.5677,-0.5693,0.000,43.7,40.1,19.07,0.831,15.70,-0.04,0
29.431,-5.58209,10.1,0.084,0.012,0.3806,-0.5710,-0.5710,-0.5722,0.000,43.7,40.1,19.07,0.841,16.09,-0.04,0
29.462,-5.58191,10.1,0.084,0.004,0.3821,-0.5732,-0.5732,-0.5793,0.000,43.7,40.1,19.05,0.843,16.14,-0.01,0
29.494,-5.58178,10.2,0.085,-0.001,0.3832,-0.5747,-0.5747,-0.5759,0.000,43.7,40.1,19.06,0.841,16.10,0.01,0
29.526,-5.58200,10.1,0.084,-0.020,0.3814,-0.5721,-0.5721,-0.5719,0.000,43.7,40.1,19.05,0.831,15.92,0.05,0
29.557,-5.58240,10.0,0.083,-0.005,0.3781,-0.5672,-0.5672,-0.5758,0.000,43.7,40.1,19.06,0.828,15.66,0.01,0
29.587,-5.58250,9.9,0.083,-0.007,0.3773,-0.5659,-0.5659,-0.5685,0.000,43.7,40.1,19.06,0.817,15.66,0.00,0
29.618,-5.58277,9.8,0.082,-0.014,0.3751,-0.5626,-0.5626,-0.5547,0.000,43.7,40.1,19.06,0.812,15.52,0.06,0
